label,ms,VFAT\DirtyData,VFAT\BReadsSec,VFAT\BWritesSec,VFAT\ReadsSec,VFAT\WritesSec,VMM\cpgCommit,VMM\cpgDiskcacheMac,VMM\cpgDiskcacheMin,VMM\cpgDiskcache,VMM\cpgSwapfileDefective,VMM\cpgSwapfileInUse,VMM\cpgSwapfile,VMM\cDiscards,VMM\cPageOuts,VMM\cPageIns,VMM\cInstanceFaults,VMM\cPageFaults,VMM\cpgOther,VMM\cpgSwap,VMM\cpgLocked,VMM\cpgFree,SWAPCOMP\Contention,SWAPCOMP\Fallback,SWAPCOMP\Errors,SWAPCOMP\SectorsSaved,SWAPCOMP\RawReads,SWAPCOMP\CompressedReads,SWAPCOMP\RawWrites,SWAPCOMP\CompressedWrites,KERNEL\CPUUsage,KERNEL\VMs,KERNEL\Threads
b1,0,4096,6663877,2658753,1971,1253,10727424,1048576,524288,643072,0,2719744,33554432,485,736,1810,1357,3786,4698112,6029312,1978368,0,0,0,0,2314,165,226,254,482,100,3,17
b1,2006,0,6663877,2658753,1971,1253,10727424,1048576,524288,643072,0,2719744,33554432,485,736,1810,1369,3798,4698112,6029312,1978368,0,0,0,0,2314,165,226,254,482,0,3,17
b1,4001,0,6663877,2658753,1971,1253,10727424,1048576,524288,643072,0,2719744,33554432,485,736,1810,1381,3810,4698112,6029312,1978368,0,0,0,0,2314,165,226,254,482,2,3,17
b1,6003,0,6663877,2658753,1971,1253,10727424,1048576,524288,643072,0,2719744,33554432,485,736,1810,1393,3822,4698112,6029312,1978368,0,0,0,0,2314,165,226,254,482,0,3,17
b1,8009,0,6663877,2658753,1971,1253,10727424,1048576,524288,643072,0,2719744,33554432,485,736,1810,1405,3834,4698112,6029312,1978368,0,0,0,0,2314,165,226,254,482,0,3,17
b1,10001,0,6679085,2658753,1984,1253,10702848,1048576,524288,643072,0,2719744,33554432,485,736,1813,1464,3897,4681728,6021120,1978368,24576,0,0,0,2314,165,226,254,482,19,3,17
b1,12052,0,6686501,2658753,1991,1253,10731520,1048576,524288,643072,0,2719744,33554432,487,736,1824,1558,4006,4698112,6033408,1978368,0,0,0,0,2314,165,226,254,482,100,3,17
b1,14030,0,7004602,2746305,2035,1297,11255808,1048576,524288,749568,0,2895872,33554432,555,780,1841,1723,4208,4808704,6447104,2113536,0,0,0,0,2495,166,227,266,514,100,3,17
b1,16000,0,7439310,2835393,2075,1336,11382784,1048576,524288,548864,0,2994176,33554432,585,819,1868,1868,4521,4608000,6774784,1916928,0,0,0,0,2633,172,240,269,550,100,3,18
b1,18335,0,7691318,2978241,2248,1396,11526144,1048576,524288,536576,0,3235840,33554432,613,879,1921,1955,4719,4595712,6930432,1904640,0,0,0,0,2834,191,273,277,602,100,3,18
b1,20011,0,7789222,3121089,2287,1444,11538432,1048576,524288,536576,0,3375104,33554432,613,927,1956,1976,4830,4603904,6934528,1908736,45056,0,0,0,2939,202,291,283,644,100,3,18
b1,22016,0,7825688,3283905,2304,1505,11763712,1048576,524288,536576,0,3600384,33554432,661,988,1968,2001,5021,4603904,7159808,1908736,217088,0,0,0,3109,203,299,304,684,100,3,18
b1,24008,4096,8050826,3335636,2387,1533,12849152,1048576,524288,536576,0,3702784,33554432,665,1015,2044,2048,5165,5472256,7376896,1921024,0,0,0,0,3224,206,317,305,710,100,3,19
b1,26003,0,8331810,3418068,2491,1595,14823424,1048576,524288,536576,0,3944448,33554432,690,1077,2155,2069,5334,7221248,7602176,1925120,0,0,0,0,3559,210,325,309,768,100,3,19
b1,28007,0,8630426,3525588,2582,1647,14979072,1048576,524288,643072,0,4136960,33554432,770,1129,2254,2093,5476,7331840,7647232,2035712,0,0,0,0,3765,214,344,319,810,100,3,19
b1,30052,0,8920846,3689428,2661,1736,15294464,1048576,524288,856064,0,4481024,33554432,841,1218,2359,2118,5633,7544832,7749632,2248704,0,0,0,0,4157,223,357,331,887,100,3,19
b1,32024,0,9255498,3769300,2770,1768,15200256,1048576,524288,655360,0,4558848,33554432,888,1250,2472,2137,5835,7368704,7831552,2048000,0,0,0,0,4257,242,398,343,907,100,3,19
b1,34013,0,9595834,3853780,2864,1825,15364096,1048576,524288,548864,0,4784128,33554432,912,1307,2572,2161,5993,7454720,7909376,1945600,0,0,0,0,4548,264,408,345,962,100,3,19
b1,36038,0,9858230,3898836,2940,1853,15466496,1048576,524288,548864,0,4874240,33554432,964,1335,2648,2185,6136,7540736,7925760,1945600,0,0,0,0,4684,272,426,348,987,100,3,20
b1,38013,4096,10203406,3973099,3059,1908,15556608,1048576,524288,540672,0,4988928,33554432,1037,1389,2779,2238,6336,7585792,7970816,1953792,0,0,0,0,4971,295,468,349,1040,100,3,21
b1,40020,0,10613112,4009451,3194,1928,15613952,1048576,524288,540672,0,5033984,33554432,1163,1409,2918,2263,6580,7589888,8024064,1953792,0,0,0,0,5060,305,530,352,1057,100,3,21
b1,42025,4096,10991648,4064257,3313,1960,16891904,1048576,524288,540672,0,5120000,33554432,1258,1440,3057,2295,6766,8507392,8384512,1966080,0,0,0,0,5201,316,548,356,1084,100,3,22
b1,44064,0,11410189,4118017,3441,1985,16998400,1048576,524288,540672,0,5160960,33554432,1394,1465,3212,2319,6986,8511488,8486912,1970176,0,0,0,0,5296,325,578,364,1101,100,3,22
b1,46016,0,11752717,4212225,3545,2036,17010688,1048576,524288,540672,0,5345280,33554432,1450,1516,3317,2343,7145,8511488,8499200,1970176,0,0,0,0,5520,334,610,371,1145,100,3,22
b1,48013,4096,12081945,4271617,3646,2084,17100800,1048576,524288,647168,0,5263360,33554432,1576,1564,3459,2367,7366,8622080,8478720,2076672,0,0,0,0,5788,357,644,374,1190,100,3,22
b1,50032,0,12269849,4317185,3710,2118,17022976,1048576,524288,569344,0,5402624,33554432,1586,1598,3522,2391,7475,8544256,8478720,1998848,0,0,0,0,5971,375,677,374,1224,100,3,22
b1,52168,4096,12634955,4393515,3849,2154,17002496,1048576,524288,540672,0,5451776,33554432,1686,1632,3664,2429,7691,8515584,8486912,1970176,0,0,0,0,6094,405,755,385,1247,100,3,22
b1,54029,4096,12823911,4434496,3910,2176,17108992,1048576,524288,647168,0,5480448,33554432,1750,1653,3723,2453,7822,8622080,8486912,2076672,0,0,0,0,6182,417,785,389,1264,100,3,22
b1,56034,4096,12950375,4445297,3955,2188,17006592,1048576,524288,540672,0,5500928,33554432,1761,1663,3770,2488,7960,8515584,8491008,1970176,0,0,0,0,6241,425,807,389,1274,100,3,22
b1,58002,4096,13042535,4467916,3992,2202,17002496,1048576,524288,540672,0,5525504,33554432,1787,1673,3807,2532,8077,8515584,8486912,1970176,0,0,0,0,6277,429,834,390,1283,100,3,22
b1,60003,16384,13203127,4488978,4048,2217,18583552,1048576,524288,540672,0,5537792,33554432,1837,1685,3877,2560,8189,9928704,8654848,1978368,0,0,0,0,6332,437,850,392,1293,100,3,23
b1,62017,8192,13641124,4557439,4196,2251,18706432,1048576,524288,540672,0,5566464,33554432,1949,1718,4029,2585,8391,9936896,8769536,1978368,0,0,0,0,6474,457,913,398,1320,100,3,23
b1,64009,0,13966244,4630143,4285,2296,18956288,1048576,524288,647168,0,5672960,33554432,2044,1763,4149,2611,8538,10043392,8912896,2084864,0,0,0,0,6692,458,924,402,1361,100,3,23
b1,66017,4096,14291305,4698751,4407,2325,18952192,1048576,524288,647168,0,5754880,33554432,2111,1792,4255,2637,8700,10043392,8908800,2084864,0,0,0,0,6790,464,948,408,1384,100,3,23
b1,68019,4096,14656133,4768383,4555,2376,19980288,1048576,524288,647168,0,5906432,33554432,2201,1843,4439,2663,8924,10342400,9637888,2088960,0,0,0,0,7062,476,963,413,1430,100,3,23
b1,70003,4096,15111353,4817023,4718,2405,19886080,1048576,524288,540672,0,6008832,33554432,2274,1872,4600,2691,9136,10235904,9650176,1982464,0,0,0,0,7199,496,982,416,1456,100,3,23
b1,72048,0,15397077,4850815,4799,2442,19918848,1048576,524288,540672,0,6135808,33554432,2325,1909,4686,2715,9286,10235904,9682944,1982464,0,0,0,0,7429,512,1001,417,1492,100,3,23
b1,74018,12288,15737845,4899457,4908,2470,20049920,1048576,524288,647168,0,6197248,33554432,2429,1936,4796,2739,9445,10366976,9682944,2088960,0,0,0,0,7550,524,1034,420,1516,100,3,23
b1,76015,8192,15988725,4973185,4983,2512,20365312,1048576,524288,647168,0,6340608,33554432,2500,1978,4877,2763,9605,10366976,9998336,2088960,0,0,0,0,7742,538,1060,421,1557,100,3,23
b1,78016,0,16334837,4991617,5105,2521,19980288,1048576,524288,540672,0,6361088,33554432,2558,1987,4999,2787,9811,10260480,9719808,1982464,0,0,0,0,7778,560,1131,422,1565,100,3,23
b1,80001,0,16579573,5012097,5205,2531,19963904,1048576,524288,540672,0,6369280,33554432,2645,1997,5099,2810,9943,10260480,9703424,1978368,0,0,0,0,7818,571,1181,425,1572,93,3,22
b1,82004,0,16588789,5012097,5208,2531,19963904,1048576,524288,540672,0,6369280,33554432,2648,1997,5102,2829,9971,10260480,9703424,1978368,0,0,0,0,7818,571,1184,425,1572,19,3,22
b1,84059,0,16935413,5051009,5312,2549,19939328,1048576,524288,540672,0,6344704,33554432,2728,2015,5206,2849,10141,10260480,9678848,1978368,0,0,0,0,7886,585,1222,427,1588,92,3,22
b1,86077,0,17297909,5094529,5414,2575,19951616,1048576,524288,540672,0,6344704,33554432,2807,2041,5309,2873,10284,10260480,9691136,1978368,0,0,0,0,8009,604,1253,430,1611,100,3,22
b1,88032,0,17485813,5131905,5469,2594,19955712,1048576,524288,540672,0,6406144,33554432,2845,2060,5365,2891,10401,10260480,9695232,1978368,0,0,0,0,8088,612,1266,431,1629,100,3,22
b1,90024,0,17573877,5131905,5492,2594,19955712,1048576,524288,540672,0,6377472,33554432,2869,2060,5388,2911,10457,10260480,9695232,1978368,8192,0,0,0,8088,612,1268,431,1629,100,3,22
b1,92057,4096,17872885,5153921,5582,2607,20029440,1048576,524288,540672,0,6406144,33554432,2962,2073,5494,2933,10631,10260480,9768960,1978368,0,0,0,0,8149,621,1294,432,1641,100,3,22
b1,94036,0,17919989,5156993,5601,2608,20029440,1048576,524288,540672,0,6410240,33554432,2980,2074,5513,2957,10680,10260480,9768960,1978368,0,0,0,0,8151,624,1304,432,1642,100,3,22
b1,96029,8192,17957877,5175425,5612,2616,20193280,1048576,524288,540672,0,6402048,33554432,2993,2082,5534,2981,10736,10260480,9932800,1978368,0,0,0,0,8179,624,1306,432,1650,100,3,22
b1,98023,20480,18254171,5229401,5691,2645,20213760,1048576,524288,540672,0,6414336,33554432,3108,2101,5667,3002,10917,10260480,9953280,1982464,0,0,0,0,8257,644,1330,433,1668,100,3,23
b1,100035,53248,18357412,5279356,5713,2672,20213760,1048576,524288,540672,0,6414336,33554432,3112,2101,5671,3023,10962,10260480,9953280,1982464,0,0,0,0,8257,645,1332,433,1668,100,3,23
b1,102068,73728,18460514,5358290,5725,2686,20213760,1048576,524288,540672,0,6422528,33554432,3125,2107,5690,3051,11009,10260480,9953280,1982464,0,0,0,0,8281,647,1335,433,1674,100,3,23
b1,104032,98304,18574626,5406126,5746,2721,20213760,1048576,524288,540672,0,6434816,33554432,3125,2110,5694,3075,11037,10260480,9953280,1982464,4096,0,0,0,8302,647,1337,433,1677,100,3,23
b1,106297,4096,18954389,5543701,5884,2757,20213760,1048576,524288,540672,0,6455296,33554432,3232,2128,5820,3107,11196,10260480,9953280,1982464,0,0,0,0,8392,651,1459,434,1694,100,3,23
b1,108097,20480,18973225,5555640,5892,2766,20213760,1048576,524288,540672,0,6459392,33554432,3234,2129,5823,3113,11208,10260480,9953280,1982464,0,0,0,0,8394,651,1462,434,1695,100,3,23
b1,110072,57344,19073689,5604628,5907,2788,20213760,1048576,524288,540672,0,6459392,33554432,3234,2129,5823,3132,11227,10260480,9953280,1982464,0,0,0,0,8394,651,1462,434,1695,100,3,23
b1,112025,73728,19169192,5671955,5920,2804,20213760,1048576,524288,540672,0,6463488,33554432,3234,2130,5824,3153,11249,10260480,9953280,1982464,0,0,0,0,8401,651,1463,434,1696,100,3,23
b1,114030,45056,19274226,5716243,5935,2826,20213760,1048576,524288,540672,0,6467584,33554432,3234,2131,5825,3169,11266,10260480,9953280,1982464,0,0,0,0,8408,651,1464,434,1697,100,3,23
b1,116021,57344,19383391,5769085,5952,2852,20213760,1048576,524288,540672,0,6467584,33554432,3235,2131,5827,3187,11286,10260480,9953280,1982464,0,0,0,0,8408,651,1465,434,1697,100,3,23
b1,118027,0,19514463,5782227,5957,2855,20213760,1048576,524288,540672,0,6467584,33554432,3235,2131,5827,3209,11308,10260480,9953280,1982464,0,0,0,0,8408,651,1465,434,1697,100,3,23
b1,120031,131072,19587063,5907134,5968,2876,20213760,1048576,524288,540672,0,6475776,33554432,3248,2133,5843,3228,11343,10260480,9953280,1982464,4096,0,0,0,8415,651,1465,434,1699,100,3,23
b1,122009,40960,19694034,5945162,5985,2902,20213760,1048576,524288,540672,0,6475776,33554432,3248,2133,5845,3246,11363,10260480,9953280,1982464,0,0,0,0,8415,651,1466,434,1699,100,3,23
b1,124127,36864,19737484,5976259,6034,2976,20213760,1048576,524288,540672,0,6475776,33554432,3250,2133,5848,3270,11390,10260480,9953280,1982464,0,0,0,0,8415,651,1468,434,1699,100,3,23
b1,126022,8192,19757398,5987236,6085,3048,20213760,1048576,524288,540672,0,6463488,33554432,3253,2133,5851,3294,11417,10260480,9953280,1982464,0,0,0,0,8415,651,1471,434,1699,100,3,23
b1,128025,40960,19817017,6024075,6121,3099,20213760,1048576,524288,540672,0,6463488,33554432,3254,2133,5852,3316,11440,10260480,9953280,1982464,0,0,0,0,8415,651,1472,434,1699,100,3,23
b1,130029,16384,19885706,6036992,6166,3165,20213760,1048576,524288,540672,0,6463488,33554432,3256,2133,5854,3334,11460,10260480,9953280,1982464,4096,0,0,0,8415,651,1473,434,1699,100,3,23
b1,132048,69632,20018958,6110907,6184,3196,20246528,1048576,524288,540672,0,6471680,33554432,3262,2135,5863,3352,11487,10260480,9986048,1982464,4096,0,0,0,8419,651,1473,435,1700,100,3,23
b1,134026,0,20127659,6129328,6190,3204,20246528,1048576,524288,540672,0,6471680,33554432,3262,2135,5864,3374,11510,10260480,9986048,1982464,4096,0,0,0,8419,651,1473,435,1700,100,3,23
b1,136060,49152,20290691,6172883,6198,3210,20246528,1048576,524288,540672,0,6471680,33554432,3262,2135,5864,3394,11530,10260480,9986048,1982464,4096,0,0,0,8419,651,1473,435,1700,100,3,23
b1,138023,0,20356227,6172883,6200,3210,20246528,1048576,524288,540672,0,6471680,33554432,3262,2135,5865,3414,11551,10260480,9986048,1982464,0,0,0,0,8419,651,1473,435,1700,100,3,23
b1,140109,139264,20470915,6316243,6209,3218,20246528,1048576,524288,540672,0,6467584,33554432,3266,2142,5876,3434,11602,10260480,9986048,1982464,0,0,0,0,8451,652,1478,435,1707,100,3,23
b1,142097,0,20569219,6316243,6212,3218,20246528,1048576,524288,540672,0,6467584,33554432,3266,2142,5876,3454,11622,10260480,9986048,1982464,0,0,0,0,8451,652,1478,435,1707,100,3,23
b1,144037,139264,20645507,6447315,6216,3219,20246528,1048576,524288,540672,0,6467584,33554432,3267,2142,5877,3474,11643,10260480,9986048,1982464,0,0,0,0,8451,652,1478,435,1707,100,3,23
b1,146028,90112,20768111,6526534,6226,3234,20246528,1048576,524288,540672,0,6467584,33554432,3267,2142,5877,3494,11663,10260480,9986048,1982464,0,0,0,0,8451,652,1478,435,1707,100,3,23
b1,148021,16384,20899183,6545791,6232,3241,20246528,1048576,524288,540672,0,6471680,33554432,3279,2144,5891,3512,11695,10260480,9986048,1982464,57344,0,0,0,8459,652,1478,435,1709,100,3,23
b1,150023,57344,21027290,6600181,6239,3249,20246528,1048576,524288,540672,0,6471680,33554432,3279,2144,5892,3532,11716,10260480,9986048,1982464,57344,0,0,0,8459,652,1478,435,1709,100,3,23
b1,152092,114688,21134129,6704165,6249,3261,20246528,1048576,524288,540672,0,6471680,33554432,3279,2144,5892,3548,11732,10260480,9986048,1982464,57344,0,0,0,8459,652,1478,435,1709,100,3,23
b1,154035,0,21228233,6704165,6252,3261,20246528,1048576,524288,540672,0,6471680,33554432,3279,2144,5892,3567,11751,10260480,9986048,1982464,57344,0,0,0,8459,652,1478,435,1709,100,3,23
b1,156018,143360,21351045,6839234,6263,3276,20246528,1048576,524288,540672,0,6471680,33554432,3279,2144,5892,3585,11769,10260480,9986048,1982464,57344,0,0,0,8459,652,1478,435,1709,100,3,23
b1,158032,49152,21447891,6889078,6268,3284,20246528,1048576,524288,540672,0,6471680,33554432,3279,2144,5894,3606,11792,10260480,9986048,1982464,53248,0,0,0,8459,652,1478,435,1709,100,3,23
b1,160095,16384,21618955,6908026,6276,3290,20246528,1048576,524288,540672,0,6471680,33554432,3279,2144,5894,3624,11810,10260480,9986048,1982464,53248,0,0,0,8459,652,1478,435,1709,100,3,23
b1,162051,0,21782795,6947450,6281,3307,20459520,1048576,524288,753664,0,6475776,33554432,3301,2161,5894,3637,11823,10473472,9986048,2195456,0,0,0,0,8518,652,1478,437,1724,100,3,23
b1,164021,0,21913867,6971002,6285,3317,20566016,1048576,524288,860160,0,6516736,33554432,3317,2171,5894,3652,11839,10579968,9986048,2301952,0,0,0,0,8552,652,1478,440,1731,100,3,23
b1,166025,155648,22023201,7129755,6291,3328,20672512,1048576,524288,966656,0,6533120,33554432,3339,2175,5894,3671,11859,10686464,9986048,2408448,0,0,0,0,8552,652,1478,444,1731,100,3,23
b1,168016,0,22087279,7182418,6295,3335,20754432,1048576,524288,1048576,0,6549504,33554432,3355,2179,5894,3689,11878,10768384,9986048,2490368,0,0,0,0,8566,652,1478,444,1735,100,3,23
b1,170021,65536,22245167,7242414,6301,3341,20754432,1048576,524288,1048576,0,6549504,33554432,3355,2179,5894,3708,11897,10768384,9986048,2490368,0,0,0,0,8566,652,1478,444,1735,100,3,23
b1,172022,122880,22318331,7356827,6306,3346,20754432,1048576,524288,1048576,0,6549504,33554432,3355,2179,5894,3728,11917,10768384,9986048,2490368,0,0,0,0,8566,652,1478,444,1735,100,3,23
b1,174092,57344,22478098,7407248,6318,3361,20750336,1048576,524288,1044480,0,6549504,33554432,3356,2179,5896,3747,11938,10764288,9986048,2486272,4096,0,0,0,8566,652,1479,444,1735,100,3,23
b1,176018,57344,22724394,7451729,6392,3596,20467712,1048576,524288,958464,0,6524928,33554432,3356,2179,5966,3768,12029,10678272,9789440,2400256,0,0,0,0,8566,673,1500,444,1735,100,3,23
b1,178036,0,23124266,7467601,6525,3603,20144128,1048576,524288,655360,0,6533120,33554432,3403,2186,6098,3792,12191,10375168,9768960,2093056,0,0,0,0,8591,687,1567,444,1742,100,3,22
b1,180008,0,23477546,7499345,6653,3621,20037632,1048576,524288,548864,0,6557696,33554432,3487,2204,6226,3810,12356,10268672,9768960,1986560,0,0,0,0,8673,702,1628,446,1758,100,3,22
b1,182175,0,23800106,7632465,6759,3672,20107264,1048576,524288,655360,0,6643712,33554432,3566,2255,6332,3834,12500,10375168,9732096,2093056,0,0,0,0,8821,721,1681,465,1790,100,3,22
b1,184077,0,24033578,7738961,6837,3721,20094976,1048576,524288,655360,0,6754304,33554432,3594,2304,6410,3858,12646,10375168,9719808,2093056,0,0,0,0,9005,737,1719,482,1822,100,3,22
b1,186035,12288,24504134,7756480,6997,3732,18903040,1048576,524288,540672,0,6254592,33554432,3665,2314,6569,3882,12839,9965568,8937472,1978368,0,0,0,0,9062,746,1785,482,1832,100,3,22
b1,188017,4096,24879063,7792869,7125,3751,18665472,1048576,524288,647168,0,5967872,33554432,3724,2331,6703,3931,13048,10010624,8654848,2084864,77824,0,0,0,9127,769,1844,483,1848,100,3,22
b1,190132,0,25315812,7830245,7264,3776,19017728,1048576,524288,753664,0,6045696,33554432,3849,2356,6854,3955,13253,10153984,8863744,2191360,0,0,0,0,9254,778,1871,485,1871,100,3,22
b1,192005,4096,25684990,7867109,7382,3800,19083264,1048576,524288,761856,0,6049792,33554432,3944,2380,6979,3981,13404,10162176,8921088,2199552,0,0,0,0,9374,788,1883,485,1895,100,3,22
b1,194026,4096,26123034,7929573,7549,3826,20074496,1048576,524288,729088,0,6115328,33554432,4071,2406,7150,4007,13614,10424320,9650176,2166784,0,0,0,0,9460,795,1899,494,1912,100,3,22
b1,196005,4096,26596714,7954661,7716,3849,19955712,1048576,524288,593920,0,6205440,33554432,4144,2429,7287,4033,13793,10289152,9666560,2031616,0,0,0,0,9595,825,1918,494,1935,100,3,22
b1,198044,12288,26815114,7978727,7782,3884,19963904,1048576,524288,548864,0,6307840,33554432,4170,2463,7361,4054,13919,10268672,9695232,1986560,0,0,0,0,9820,832,1929,494,1969,100,3,22
b1,200029,8192,27184266,8018151,7897,3907,20275200,1048576,524288,548864,0,6377472,33554432,4278,2486,7481,4075,14095,10268672,10006528,1986560,0,0,0,0,9927,843,1978,494,1992,100,3,22
b1,202008,0,27494538,8026855,8006,3915,19996672,1048576,524288,548864,0,6369280,33554432,4370,2494,7590,4103,14305,10268672,9728000,1986560,0,0,0,0,9974,867,2039,494,2000,100,3,22
b1,204003,0,27664522,8066791,8063,3940,19996672,1048576,524288,548864,0,6463488,33554432,4402,2519,7647,4125,14389,10268672,9728000,1986560,0,0,0,0,10096,872,2065,494,2025,87,3,22
b1,206003,0,27664522,8066791,8063,3940,19996672,1048576,524288,548864,0,6463488,33554432,4402,2519,7647,4141,14405,10268672,9728000,1986560,0,0,0,0,10096,872,2065,494,2025,18,3,22
b1,208088,0,27848330,8067815,8120,3942,19963904,1048576,524288,540672,0,6447104,33554432,4449,2521,7704,4159,14523,10260480,9703424,1978368,0,0,0,0,10110,877,2091,494,2027,52,3,22
b1,210095,0,28157578,8112359,8226,3961,19972096,1048576,524288,540672,0,6471680,33554432,4538,2540,7811,4183,14689,10260480,9711616,1978368,0,0,0,0,10175,887,2137,497,2043,100,3,22
b1,212024,0,28406410,8137447,8299,3974,20090880,1048576,524288,647168,0,6455296,33554432,4627,2553,7884,4207,14796,10366976,9723904,2084864,0,0,0,0,10230,899,2162,497,2056,100,3,22
b1,214105,0,28703370,8164583,8384,3990,20078592,1048576,524288,626688,0,6508544,33554432,4693,2569,7969,4231,14945,10346496,9732096,2064384,0,0,0,0,10305,917,2181,497,2072,100,3,22
b1,216028,0,28865162,8169703,8430,3993,19992576,1048576,524288,540672,0,6492160,33554432,4716,2572,8016,4253,15046,10260480,9732096,1978368,4096,0,0,0,10319,921,2190,498,2074,100,3,22
b1,218007,0,29111626,8191207,8502,4003,20078592,1048576,524288,540672,0,6451200,33554432,4782,2582,8092,4275,15156,10260480,9818112,1978368,0,0,0,0,10357,926,2217,498,2084,100,3,22
b1,220011,0,29202790,8216807,8534,4015,20086784,1048576,524288,540672,0,6475776,33554432,4803,2594,8124,4295,15227,10260480,9826304,1978368,0,0,0,0,10403,931,2239,499,2095,100,3,22
b1,222016,0,29206886,8216807,8539,4015,20086784,1048576,524288,540672,0,6463488,33554432,4808,2594,8129,4317,15259,10260480,9826304,1978368,0,0,0,0,10403,931,2244,499,2095,100,3,22
b1,224063,0,29418645,8238311,8605,4028,20058112,1048576,524288,540672,0,6467584,33554432,4870,2607,8214,4343,15394,10260480,9797632,1978368,0,0,0,0,10465,933,2263,500,2107,100,3,22
b1,226022,20480,29790219,8272371,8730,4052,20078592,1048576,524288,540672,0,6529024,33554432,4968,2630,8338,4361,15590,10268672,9809920,1978368,0,0,0,0,10583,946,2310,500,2130,100,3,22
b1,228045,0,30114023,8320499,8819,4078,20226048,1048576,524288,540672,0,6537216,33554432,5048,2656,8444,4385,15736,10268672,9957376,1978368,0,0,0,0,10697,961,2334,502,2154,100,3,22
b1,230038,53248,30457575,8397426,8916,4112,20246528,1048576,524288,540672,0,6574080,33554432,5125,2687,8572,4409,15935,10268672,9977856,1982464,0,0,0,0,10861,994,2372,503,2184,100,3,23
b1,232014,155648,30576871,8523938,8942,4129,20246528,1048576,524288,540672,0,6590464,33554432,5142,2692,8628,4433,16020,10268672,9977856,1982464,4096,0,0,0,10884,995,2378,503,2189,100,3,23
b1,234043,172032,30659815,8658571,8948,4141,20246528,1048576,524288,540672,0,6594560,33554432,5142,2693,8675,4457,16091,10268672,9977856,1982464,4096,0,0,0,10891,995,2379,503,2190,100,3,23
b1,236024,184320,30726887,8835598,8954,4151,20250624,1048576,524288,540672,0,6594560,33554432,5143,2694,8715,4475,16149,10268672,9981952,1982464,0,0,0,0,10894,995,2381,503,2191,100,3,23
b1,238017,122880,30793447,8926359,8959,4162,20246528,1048576,524288,540672,0,6598656,33554432,5143,2695,8766,4499,16224,10268672,9977856,1982464,4096,0,0,0,10897,995,2382,503,2192,100,3,23
b1,240021,98304,30875879,9069120,8971,4172,20271104,1048576,524288,540672,0,6594560,33554432,5154,2696,8803,4523,16298,10272768,9998336,1990656,0,0,0,0,10904,995,2385,503,2193,100,3,24
b1,242012,118784,30985447,9204565,8986,4181,20271104,1048576,524288,540672,0,6594560,33554432,5164,2696,8813,4541,16326,10272768,9998336,1990656,0,0,0,0,10904,996,2389,503,2193,100,3,24
b1,244044,110592,31111911,9364061,9004,4189,20246528,1048576,524288,540672,0,6594560,33554432,5173,2696,8835,4565,16373,10268672,9977856,1982464,8192,0,0,0,10904,996,2398,503,2193,100,3,23
b1,246022,200704,31178471,9516468,9009,4200,20250624,1048576,524288,540672,0,6594560,33554432,5173,2696,8890,4595,16458,10268672,9981952,1982464,0,0,0,0,10904,996,2399,503,2193,100,3,23
b1,248027,126976,31212263,9609193,9012,4211,20250624,1048576,524288,540672,0,6594560,33554432,5174,2696,8949,4619,16541,10268672,9981952,1982464,0,0,0,0,10904,996,2400,503,2193,100,3,23
b1,250033,69632,31222503,9619893,9016,4226,20246528,1048576,524288,540672,0,6594560,33554432,5177,2697,9025,4645,16643,10268672,9977856,1982464,4096,0,0,0,10911,998,2402,503,2194,100,3,23
b1,252012,77824,31239911,9631600,9018,4242,20246528,1048576,524288,540672,0,6594560,33554432,5178,2697,9104,4654,16731,10268672,9977856,1982464,4096,0,0,0,10911,998,2403,503,2194,100,3,23
b1,254153,65536,31257831,9640354,9021,4256,20250624,1048576,524288,540672,0,6594560,33554432,5180,2697,9180,4675,16828,10272768,9977856,1986560,0,0,0,0,10911,998,2405,503,2194,100,3,23
b1,256024,110592,31275239,9697009,9023,4270,20250624,1048576,524288,540672,0,6594560,33554432,5181,2697,9246,4696,16915,10272768,9977856,1986560,0,0,0,0,10911,998,2406,503,2194,100,3,23
b1,258030,69632,31276263,9706045,9024,4284,20250624,1048576,524288,540672,0,6565888,33554432,5182,2697,9317,4717,17007,10268672,9981952,1982464,0,0,0,0,10911,998,2407,503,2194,100,3,23
b1,260004,147456,31326439,9827119,9028,4297,20246528,1048576,524288,540672,0,6565888,33554432,5183,2697,9381,4738,17094,10268672,9977856,1982464,4096,0,0,0,10911,998,2408,503,2194,100,3,23
b1,262023,196608,31425767,10037936,9035,4308,20250624,1048576,524288,540672,0,6565888,33554432,5184,2697,9426,4753,17154,10272768,9977856,1986560,0,0,0,0,10911,998,2409,503,2194,100,3,23
b1,264041,167936,31573735,10267352,9045,4316,20250624,1048576,524288,540672,0,6565888,33554432,5185,2697,9437,4774,17186,10272768,9977856,1986560,0,0,0,0,10911,998,2410,503,2194,100,3,23
b1,266021,151552,31721191,10507480,9054,4324,20250624,1048576,524288,540672,0,6565888,33554432,5185,2697,9441,4795,17211,10268672,9981952,1982464,0,0,0,0,10911,998,2410,503,2194,100,3,23
b1,268053,184320,31819495,10766788,9060,4335,20246528,1048576,524288,540672,0,6565888,33554432,5185,2697,9472,4819,17266,10268672,9977856,1982464,4096,0,0,0,10911,998,2410,503,2194,100,3,23
b1,270024,176128,31934183,10948775,9067,4343,20250624,1048576,524288,540672,0,6565888,33554432,5185,2697,9501,4843,17319,10272768,9977856,1986560,0,0,0,0,10911,998,2410,503,2194,100,3,23
b1,272034,184320,32048871,11163674,9074,4351,20250624,1048576,524288,540672,0,6565888,33554432,5185,2697,9521,4867,17363,10272768,9977856,1986560,0,0,0,0,10911,998,2410,503,2194,100,3,23
b1,274024,188416,32163559,11382624,9081,4360,20250624,1048576,524288,540672,0,6565888,33554432,5186,2697,9555,4876,17406,10272768,9977856,1986560,4096,0,0,0,10911,998,2410,503,2194,100,3,23
b1,276680,4096,32280295,11737556,9103,4373,20250624,1048576,524288,540672,0,6569984,33554432,5201,2698,9572,4895,17443,10272768,9977856,1986560,0,0,0,0,10914,1000,2425,503,2195,100,3,23
b1,278134,192512,32411367,11945194,9111,4380,20250624,1048576,524288,540672,0,6569984,33554432,5202,2698,9587,4914,17481,10272768,9977856,1986560,4096,0,0,0,10914,1000,2425,503,2195,100,3,23
b1,280108,143360,32526055,12198904,9118,4388,20250624,1048576,524288,540672,0,6569984,33554432,5202,2698,9602,4932,17514,10272768,9977856,1986560,4096,0,0,0,10914,1000,2425,503,2195,100,3,23
b1,282031,147456,32608487,12386795,9124,4398,20250624,1048576,524288,540672,0,6569984,33554432,5203,2698,9642,4953,17575,10272768,9977856,1986560,4096,0,0,0,10914,1000,2426,503,2195,100,3,23
b1,284027,20480,32849127,12429299,9206,4419,20082688,1048576,524288,540672,0,6565888,33554432,5243,2718,9731,4971,17738,10272768,9809920,1982464,0,0,0,0,11002,1010,2463,504,2214,100,3,22
b1,286041,0,33178855,12459507,9333,4435,20066304,1048576,524288,540672,0,6537216,33554432,5348,2734,9856,4995,17901,10272768,9793536,1982464,0,0,0,0,11071,1029,2540,506,2228,100,3,22
b1,288008,0,33484007,12488179,9438,4451,19005440,1048576,524288,540672,0,6320128,33554432,5409,2750,9961,5013,18051,9977856,9027584,1982464,258048,0,0,0,11143,1036,2586,508,2242,100,3,22
b1,290006,0,33948391,12509683,9591,4464,18935808,1048576,524288,540672,0,6270976,33554432,5484,2763,10114,5031,18234,9977856,8957952,1982464,0,0,0,0,11205,1054,2651,508,2255,100,3,22
b1,292038,4096,34296629,12512284,9731,4471,17158144,1048576,524288,647168,0,6041600,33554432,5554,2768,10252,5072,18436,8634368,8523776,2084864,0,0,0,0,11240,1093,2739,508,2260,100,3,21
b1,294008,4096,34540341,12563018,9810,4503,17158144,1048576,524288,647168,0,6066176,33554432,5603,2798,10331,5112,18586,8634368,8523776,2084864,0,0,0,0,11381,1108,2774,509,2289,100,3,21
b1,296001,4096,34751797,12572304,9876,4512,17051648,1048576,524288,540672,0,6008832,33554432,5639,2804,10398,5142,18759,8527872,8523776,1978368,0,0,0,0,11411,1119,2799,510,2294,100,3,21
b1,298097,0,35125045,12626576,10009,4540,16269312,1048576,524288,540672,0,5140480,33554432,5731,2832,10550,5177,19024,8523776,7745536,1949696,0,0,0,0,11529,1151,2866,512,2320,100,3,20
b1,300007,4096,35450165,12646032,10120,4553,16068608,1048576,524288,540672,0,4993024,33554432,5804,2845,10662,5299,19320,8458240,7610368,1941504,0,0,0,0,11595,1182,2915,512,2333,100,3,18
