label,ms,VFAT\DirtyData,VFAT\BReadsSec,VFAT\BWritesSec,VFAT\ReadsSec,VFAT\WritesSec,VMM\cpgCommit,VMM\cpgDiskcacheMac,VMM\cpgDiskcacheMin,VMM\cpgDiskcache,VMM\cpgSwapfileDefective,VMM\cpgSwapfileInUse,VMM\cpgSwapfile,VMM\cDiscards,VMM\cPageOuts,VMM\cPageIns,VMM\cInstanceFaults,VMM\cPageFaults,VMM\cpgOther,VMM\cpgSwap,VMM\cpgLocked,VMM\cpgFree,SHADRAM\VMsMapped,SHADRAM\BiosPage,SHADRAM\Status,SHADRAM\PagesFailed,SHADRAM\PagesAdded,SHADRAM\PagesTested,SWAPCOMP\Contention,SWAPCOMP\Fallback,SWAPCOMP\Errors,SWAPCOMP\SectorsSaved,SWAPCOMP\RawReads,SWAPCOMP\CompressedReads,SWAPCOMP\RawWrites,SWAPCOMP\CompressedWrites,NMIWATCH\LatchFirstMs,NMIWATCH\LatchLast62,NMIWATCH\LatchEvents,NMIWATCH\LatchedSecs,NMIWATCH\PortsInitDone,NMIWATCH\PortsEntry,NMIWATCH\NmiFirstMs,NMIWATCH\NmiLast62,NMIWATCH\NmiOther,NMIWATCH\NmiIoChk,NMIWATCH\NmiParity,NMIWATCH\Nmi,KERNEL\CPUUsage,KERNEL\VMs,KERNEL\Threads
x-S16-212720,0,0,5385929,2351844,1565,1102,9596928,1048576,524288,540672,0,2256896,33554432,276,580,1468,3804,5657,4448256,5148672,1736704,0,2,1520,0,0,16,16,0,0,0,1698,106,141,223,357,0,0,0,0,18484,18484,0,0,0,0,0,0,100,2,14
x-S16-212720,2015,0,5385929,2351844,1565,1102,9596928,1048576,524288,540672,0,2256896,33554432,276,580,1468,3806,5659,4448256,5148672,1736704,0,2,1520,0,0,16,16,0,0,0,1698,106,141,223,357,0,0,0,0,18484,18484,0,0,0,0,0,0,0,2,14
x-S16-212720,4004,0,5385929,2351844,1565,1102,9596928,1048576,524288,540672,0,2256896,33554432,276,580,1468,3806,5659,4448256,5148672,1736704,0,2,1520,0,0,16,16,0,0,0,1698,106,141,223,357,0,0,0,0,18484,18484,0,0,0,0,0,0,0,2,14
x-S16-212720,6009,0,5385929,2351844,1565,1102,9596928,1048576,524288,540672,0,2256896,33554432,276,580,1468,3806,5659,4448256,5148672,1736704,0,2,1520,0,0,16,16,0,0,0,1698,106,141,223,357,0,0,0,0,18484,18484,0,0,0,0,0,0,0,2,14
x-S16-212720,8002,0,5385929,2351844,1565,1102,9596928,1048576,524288,540672,0,2256896,33554432,276,580,1468,3806,5659,4448256,5148672,1736704,0,2,1520,0,0,16,16,0,0,0,1698,106,141,223,357,0,0,0,0,18484,18484,0,0,0,0,0,0,4,2,14
x-S16-212720,10006,0,5385929,2351844,1565,1102,9596928,1048576,524288,540672,0,2256896,33554432,276,580,1468,3806,5659,4448256,5148672,1736704,0,2,1520,0,0,16,16,0,0,0,1698,106,141,223,357,0,0,0,0,18484,18484,0,0,0,0,0,0,2,2,14
x-S16-212720,12012,0,5385929,2351844,1565,1102,9596928,1048576,524288,540672,0,2256896,33554432,276,580,1468,3806,5659,4448256,5148672,1736704,0,2,1520,0,0,16,16,0,0,0,1698,106,141,223,357,0,0,0,0,18484,18484,0,0,0,0,0,0,0,2,14
x-S16-212720,14002,0,5385929,2351844,1565,1102,9596928,1048576,524288,540672,0,2256896,33554432,276,580,1468,3806,5659,4448256,5148672,1736704,0,2,1520,0,0,16,16,0,0,0,1698,106,141,223,357,0,0,0,0,18484,18484,0,0,0,0,0,0,2,2,14
x-S16-212720,16008,0,5385929,2351844,1565,1102,9596928,1048576,524288,540672,0,2256896,33554432,276,580,1468,3806,5659,4448256,5148672,1736704,0,2,1520,0,0,16,16,0,0,0,1698,106,141,223,357,0,0,0,0,18484,18484,0,0,0,0,0,0,2,2,14
x-S16-212720,18001,0,5385929,2351844,1565,1102,9596928,1048576,524288,540672,0,2256896,33554432,276,580,1468,3806,5659,4448256,5148672,1736704,0,2,1520,0,0,16,16,0,0,0,1698,106,141,223,357,0,0,0,0,18484,18484,0,0,0,0,0,0,1,2,14
x-S16-212720,20004,0,5385929,2351844,1565,1102,9596928,1048576,524288,540672,0,2256896,33554432,276,580,1468,3806,5659,4448256,5148672,1736704,0,2,1520,0,0,16,16,0,0,0,1698,106,141,223,357,0,0,0,0,18484,18484,0,0,0,0,0,0,1,2,14
x-S16-212720,22011,0,5385929,2351844,1565,1102,9596928,1048576,524288,540672,0,2256896,33554432,276,580,1468,3806,5659,4448256,5148672,1736704,0,2,1520,0,0,16,16,0,0,0,1698,106,141,223,357,0,0,0,0,18484,18484,0,0,0,0,0,0,0,2,14
x-S16-212720,24000,0,5385929,2351844,1565,1102,9596928,1048576,524288,540672,0,2256896,33554432,276,580,1468,3806,5659,4448256,5148672,1736704,0,2,1520,0,0,16,16,0,0,0,1698,106,141,223,357,0,0,0,0,18484,18484,0,0,0,0,0,0,3,2,14
x-S16-212720,26005,0,5385929,2351844,1565,1102,9596928,1048576,524288,540672,0,2256896,33554432,276,580,1468,3806,5659,4448256,5148672,1736704,0,2,1520,0,0,16,16,0,0,0,1698,106,141,223,357,0,0,0,0,18484,18484,0,0,0,0,0,0,1,2,14
x-S16-212720,28010,0,5385929,2351844,1565,1102,9596928,1048576,524288,540672,0,2256896,33554432,277,580,1469,3806,5660,4448256,5148672,1736704,0,2,1520,0,0,16,16,0,0,0,1698,106,141,223,357,0,0,0,0,18484,18484,0,0,0,0,0,0,1,2,14
x-S16-212720,30003,0,5385929,2351844,1565,1102,9596928,1048576,524288,540672,0,2256896,33554432,277,580,1469,3806,5660,4448256,5148672,1736704,0,2,1520,0,0,16,16,0,0,0,1698,106,141,223,357,0,0,0,0,18484,18484,0,0,0,0,0,0,2,2,14
