utc	code	md5	bytes	commit	tree	flags
2026-09-07T11:05:19Z	7bfc5476	1dc32ac3	5120	89d015c	DIRTY	(none)
2026-09-07T11:07:30Z	7bfc5476	ee54c906	5120	111fbfd	DIRTY	(none)
2026-09-07T11:07:39Z	7bfc5476	61fcab5d	5120	3f56e63	clean	(none)
2026-09-07T11:25:11Z	7bfc5476	863d3c49	5120	7ca6e4f	DIRTY	(none)
2026-09-07T11:25:21Z	7bfc5476	0c05e608	5120	7ca6e4f	DIRTY	(none)
2026-09-07T11:25:22Z	7bfc5476	07f17616	5120	7ca6e4f	DIRTY	(none)
2026-09-07T11:26:16Z	a30227bc	eef25f29	5632	7ca6e4f	DIRTY	-DLS_PHASE2
2026-09-07T11:26:56Z	7bfc5476	635fd5fe	5120	7ca6e4f	DIRTY	(none)
2026-09-10T16:42:23Z	7bfc5476	68cfb54d	5120	0d9dc7f	DIRTY	(none)
2026-09-10T16:42:57Z	372dec9c	0ebf85f2	5632	0d9dc7f	DIRTY	-DLS_PHASE2
2026-09-10T16:49:35Z	2b2223f1	a407710d	5632	8c00e2d	DIRTY	-DLS_PHASE2
2026-09-10T18:12:04Z	6a4bbdee	4df5cac5	6144	f5ee083	DIRTY	-DLS_PHASE2
2026-09-10T18:12:28Z	6a4bbdee	7d1c4e87	6144	64daea8	DIRTY	-DLS_PHASE2
2026-09-10T18:13:37Z	6a4bbdee	41fdca6e	6144	bb647d1	clean	-DLS_PHASE2
2026-09-10T18:16:51Z	37ba7d18	f9f4794a	6144	4dbbce2	DIRTY	-DLS_PHASE2
2026-09-10T18:17:08Z	37ba7d18	eaa37829	6144	379b14e	clean	-DLS_PHASE2
2026-09-10T18:18:19Z	37ba7d18	a167d82d	6144	9ae99a9	DIRTY	-DLS_PHASE2
2026-09-10T19:05:10Z	5521c644	adaee7ce	6144	c659a94	DIRTY	-DLS_PHASE2
2026-09-10T19:05:29Z	5521c644	dea8ae07	6144	1631749	clean	-DLS_PHASE2
2026-09-10T21:11:09Z	3c66c462	0c26304b	6144	3032ed9	DIRTY	-DLS_PHASE2
2026-09-10T21:11:25Z	3c66c462	5f783b72	6144	95776d2	clean	-DLS_PHASE2
2026-09-10T22:28:51Z	eb927706	778230dd	6144	c153b7d	DIRTY	-DLS_PHASE2
2026-09-10T22:29:05Z	eb927706	5f07c9e1	6144	8184e3a	clean	-DLS_PHASE2
2026-09-10T22:34:40Z	337609f3	2421206f	6144	af1608f	DIRTY	-DLS_PHASE2
2026-09-10T22:34:54Z	337609f3	659ce563	6144	bd802db	clean	-DLS_PHASE2
2026-09-10T22:38:32Z	108ebab4	64418721	6144	c6bec0d	DIRTY	-DLS_PHASE2 -DLS_FAKE_DEVICE
2026-09-10T22:38:43Z	337609f3	d4fce4bb	6144	c6bec0d	DIRTY	-DLS_PHASE2
2026-09-10T22:40:16Z	108ebab4	e2d2b6f3	6144	601d689	clean	-DLS_PHASE2 -DLS_FAKE_DEVICE
2026-09-10T23:04:26Z	8c546748	792508fb	6144	2c51278	DIRTY	-DLS_PHASE2
2026-09-10T23:04:42Z	8c546748	b4a23112	6144	55a961a	clean	-DLS_PHASE2
2026-09-10T23:14:22Z	a0ab2446	d4ddc46e	6144	5436155	DIRTY	-DLS_PHASE2 -DLS_INIT_TOLERANT
2026-09-10T23:14:55Z	a0ab2446	6a78ddc8	6144	5436155	DIRTY	-DLS_PHASE2
2026-09-10T23:15:21Z	0f83018e	ffc9d482	6144	5436155	DIRTY	-DLS_PHASE2
2026-09-10T23:15:39Z	0f83018e	fa59d80c	6144	c122377	clean	-DLS_PHASE2
2026-09-11T00:17:15Z	7d389ebc	9f19d2d4	6144	389681c	DIRTY	-DLS_PHASE2
2026-09-11T00:17:51Z	7d389ebc	762fe8ac	6144	cb4b62a	clean	-DLS_PHASE2
2026-09-11T12:01:24Z	6b7939bd	ff80f056	6144	a925038	clean	-DLS_PHASE2
2026-09-11T12:41:01Z	4aaa5622	a639e015	6144	a925038	DIRTY	-DLS_PHASE2
2026-09-11T12:41:13Z	4aaa5622	b079d8d5	6144	773a491	DIRTY	-DLS_PHASE2
2026-09-11T12:55:23Z	d94ee947	51b6dc2f	6144	50ee01e	clean	-DLS_PHASE2
2026-09-11T13:16:16Z	a4d0dcb6	610967f2	6656	50ee01e	DIRTY	-DLS_PHASE2
2026-09-11T13:16:27Z	a4d0dcb6	2dd4be96	6656	7be89c0	DIRTY	-DLS_PHASE2
2026-09-11T14:39:44Z	1cbd0bba	7adaa820	6656	3251d3a	DIRTY	-DLS_PHASE2
2026-09-11T14:39:59Z	1cbd0bba	a3329570	6656	6bee2a8	DIRTY	-DLS_PHASE2
2026-09-11T17:12:43Z	445e7bf1	edd16f82	6656	68b9e81	DIRTY	-DLS_PHASE2 -DLS_FAKE_DEVICE
2026-09-11T17:12:56Z	445e7bf1	7a4379c4	6656	bac9674	DIRTY	-DLS_PHASE2 -DLS_FAKE_DEVICE
2026-09-11T20:14:49Z	595eb058	976e4114	7168	bc453ca	DIRTY	-DLS_PHASE2
2026-09-13T00:24:25Z	c30ea1a2	fab319fc	5120	205bec7	DIRTY	(none)
2026-09-13T00:24:34Z	c30ea1a2	5ec4bf96	5120	8ddd29c	DIRTY	(none)
2026-09-13T00:24:39Z	c30ea1a2	8fd815ba	5120	0515903	DIRTY	(none)
2026-09-13T00:28:45Z	17369d78	ea534292	7168	1bd245a	DIRTY	-DLS_PHASE2
2026-09-13T00:49:03Z	86318a93	0f064763	7168	4e56052	DIRTY	-DLS_PHASE2
2026-09-13T01:02:41Z	45b2ee10	42de6675	7680	087e0fa	DIRTY	-DLS_PHASE2
2026-09-13T01:03:01Z	45b2ee10	960353c1	7680	087e0fa	DIRTY	-DLS_PHASE2
2026-09-13T01:03:12Z	45b2ee10	41658c78	7680	087e0fa	DIRTY	-DLS_PHASE2
2026-09-13T01:03:22Z	b8ffee5f	ee22f8e3	7680	087e0fa	DIRTY	-DLS_PHASE2
2026-09-13T01:06:41Z	810a91f1	e09dce5f	7680	d5b508b	DIRTY	-DLS_PHASE2
2026-09-13T01:07:14Z	810a91f1	966c8af3	7680	d5b508b	DIRTY	-DLS_PHASE2
2026-09-13T01:11:20Z	f4d094af	da3382f5	7680	b642125	DIRTY	-DLS_PHASE2 -DLS_FORCE_MODE=1
2026-09-13T01:11:21Z	18a9c714	b4f1e7c0	7680	b642125	DIRTY	-DLS_PHASE2 -DLS_FORCE_MODE=2
2026-09-13T01:17:51Z	29ffb33e	94b26a22	7680	c054a6f	DIRTY	-DLS_PHASE2 -DLS_FORCE_MODE=1
2026-09-13T01:17:52Z	3e9a98e5	e4cdde76	7680	c054a6f	DIRTY	-DLS_PHASE2 -DLS_FORCE_MODE=2
2026-09-13T01:20:32Z	35342b82	7545764f	7680	9267b2d	DIRTY	-DLS_PHASE2 -DLS_FORCE_MODE=1
2026-09-13T01:20:33Z	927516c9	813b4519	7680	9267b2d	DIRTY	-DLS_PHASE2 -DLS_FORCE_MODE=2
2026-09-13T01:20:44Z	dc1f83f1	fe6ba2ca	7680	9267b2d	DIRTY	-DLS_PHASE2 -DLS_FORCE_MODE=1
2026-09-13T01:20:45Z	17b5db46	b1463c9b	7680	9267b2d	DIRTY	-DLS_PHASE2 -DLS_FORCE_MODE=2
2026-09-13T01:23:00Z	38069bfd	d9512bd4	7680	77f5db7	DIRTY	-DLS_PHASE2 -DLS_FORCE_MODE=1
2026-09-13T01:23:01Z	cf17ef63	daa4053b	7680	77f5db7	DIRTY	-DLS_PHASE2 -DLS_FORCE_MODE=2
2026-09-13T01:42:19Z	e38a984e	77b7e81a	7680	20dca21	DIRTY	-DLS_PHASE2 -DLS_FORCE_MODE=2
2026-09-13T09:00:48Z	e38a984e	e7853891	7680	bef7c25	DIRTY	-DLS_PHASE2 -DLS_FORCE_MODE=2
2026-09-13T09:07:51Z	423c9e94	7d824df0	7680	bef7c25	DIRTY	-DLS_PHASE2 -DLS_FORCE_MODE=2
2026-09-13T09:38:36Z	511a812e	d31c43da	7680	406974e	DIRTY	-DLS_PHASE2 -DLS_FORCE_MODE=1
2026-09-13T09:38:49Z	423c9e94	a0d0daf0	7680	406974e	DIRTY	-DLS_PHASE2 -DLS_FORCE_MODE=2
2026-09-13T09:56:37Z	74807a44	dc9237cc	7680	406974e	DIRTY	-DLS_PHASE2 -DLS_FORCE_MODE=2
2026-09-13T09:56:37Z	c8da1e93	7c47d8b9	7680	406974e	DIRTY	-DLS_PHASE2 -DLS_FORCE_MODE=1
2026-09-13T10:13:00Z	2719ef32	dc95754b	7680	1d547a9	DIRTY	-DLS_PHASE2 -DLS_FORCE_MODE=2
2026-09-13T10:41:51Z	c1ede26b	57b6a4ad	7680	3c13dc2	DIRTY	-DLS_PHASE2 -DLS_FORCE_MODE=2
2026-09-13T10:47:43Z	b80982cb	8f309b3b	8192	3c13dc2	DIRTY	-DLS_PHASE2 -DLS_FORCE_MODE=2 -DLS_DBGPORT
2026-09-13T10:54:15Z	614866f6	a050cf5b	8192	3c13dc2	DIRTY	-DLS_PHASE2 -DLS_FORCE_MODE=2 -DLS_DBGPORT
2026-09-13T11:04:00Z	09f60437	72052d85	8192	3c13dc2	DIRTY	-DLS_PHASE2 -DLS_FORCE_MODE=2 -DLS_DBGPORT
2026-09-13T14:55:01Z	9cf0b8fa	ec2ac283	8192	ba0a332	DIRTY	-DLS_PHASE2 -DLS_FORCE_MODE=2 -DLS_DBGPORT
2026-09-13T15:02:47Z	fe2e5e64	44edde2e	8192	ba0a332	DIRTY	-DLS_PHASE2 -DLS_FORCE_MODE=2 -DLS_DBGPORT
2026-09-13T15:28:44Z	916503c7	29665399	8192	878de0b	DIRTY	-DLS_PHASE2 -DLS_FORCE_MODE=2 -DLS_DBGPORT
2026-09-13T15:32:39Z	fa18b004	24a5962c	8192	878de0b	DIRTY	-DLS_PHASE2 -DLS_FORCE_MODE=2 -DLS_DBGPORT
2026-09-13T15:35:13Z	4b309d97	e4134b0d	8192	878de0b	DIRTY	-DLS_PHASE2
2026-09-13T15:47:52Z	4b309d97	4b077b18	8192	878de0b	DIRTY	-DLS_PHASE2
2026-09-13T22:19:25Z	5d199d4b	3fe18acd	8192	2c1cd68	DIRTY	-DLS_PHASE2
2026-09-13T22:19:46Z	5d199d4b	220be39e	8192	d21d4a6	DIRTY	-DLS_PHASE2
2026-09-14T12:46:54Z	3d3d463c	9d89bcc3	8192	560e9fd	clean	-DLS_PHASE2
2026-09-14T14:09:35Z	7c2041f9	0b86bd02	8192	becba6c	DIRTY	-DLS_PHASE2
2026-09-14T14:09:56Z	7c2041f9	69607743	8192	6e7b488	DIRTY	-DLS_PHASE2
2026-09-14T14:10:08Z	7c2041f9	489a3e67	8192	e1ab300	clean	-DLS_PHASE2
2026-09-14T14:11:16Z	757fd4cf	dcc442b5	8704	07f7fa5	clean	-DLS_PHASE2
2026-09-14T15:03:49Z	d1c3e6dc	e895ab3a	8704	928cb47	clean	-DLS_PHASE2
2026-09-14T15:04:53Z	625a1990	5ca5469f	8704	0d9a910	clean	-DLS_PHASE2
2026-09-14T15:13:59Z	ed793751	71efbdad	8704	1a8c621	clean	-DLS_PHASE2
2026-09-14T15:42:43Z	4f4bac7d	a6a77825	8704	fd46039	clean	-DLS_PHASE2
2026-09-14T15:55:52Z	c90406ce	ff3e8649	8704	15f3255	clean	-DLS_PHASE2
2026-09-14T15:58:03Z	47573802	bfc8ef7c	8704	b003e66	DIRTY	-DLS_PHASE2
2026-09-14T16:19:29Z	ba958856	7a546b38	7680	a6c759c	clean	-DLS_PHASE2
2026-09-14T16:20:06Z	f04535fc	0af49a8b	6144	c19efe4	clean	-DLS_PHASE2
2026-09-14T16:22:54Z	ba958856	10cde76c	7680	4c83515	clean	-DLS_PHASE2
2026-09-14T16:40:01Z	17da24c0	20cdb95d	7680	de727f1	DIRTY	-DLS_PHASE2
2026-09-14T16:40:07Z	17da24c0	fba7dfd6	7680	a8aa1f2	DIRTY	-DLS_PHASE2
2026-09-14T19:23:34Z	75b7024c	fd1fce25	7680	b256261	DIRTY	-DLS_PHASE2 -DLS_FORCE_MODE=1
2026-09-14T22:01:07Z	6b7939bd	5b7b88d2	6144	5ad01a8	DIRTY	-DLS_PHASE2
2026-09-14T22:09:17Z	17da24c0	2985fe68	7680	26345b5	DIRTY	-DLS_PHASE2
2026-09-17T19:46:24Z	7bc9ebec	be9e215a	7680	34adb65	DIRTY	-DLS_PHASE2 -DLS_FORCE_MODE=2
2026-09-17T19:46:25Z	75b7024c	bb74b42c	7680	34adb65	DIRTY	-DLS_PHASE2 -DLS_FORCE_MODE=1
2026-09-17T19:47:12Z	7bc9ebec	124648b5	7680	98eb42e	clean	-DLS_PHASE2 -DLS_FORCE_MODE=2
2026-09-17T19:47:12Z	75b7024c	db8dce5f	7680	98eb42e	DIRTY	-DLS_PHASE2 -DLS_FORCE_MODE=1
2026-09-17T20:02:41Z	fe657dc8	1ac15b08	7680	98eb42e	DIRTY	-DLS_PHASE2 -DLS_FORCE_MODE=1
2026-09-17T20:33:44Z	7097b586	fc2088ab	7680	bbe73b2	clean	-DLS_PHASE2 -DLS_FORCE_MODE=2
2026-09-17T22:01:23Z	9a7668d5	e328ed54	7680	4ea1dee	DIRTY	-DLS_PHASE2
2026-09-17T23:44:21Z	9a7668d5	a8d1bb91	7680	3c362a6	DIRTY	-DLS_PHASE2
2026-09-17T23:44:46Z	20b2f330	b87c6467	7680	3c362a6	DIRTY	-DLS_PHASE2 -DLS_INIT_VETO
2026-09-17T23:49:57Z	fe657dc8	55327f8e	7680	3c362a6	DIRTY	-DLS_PHASE2 -DLS_FORCE_MODE=1
2026-09-17T23:53:31Z	566250d4	d7b7054c	7680	3c362a6	DIRTY	-DLS_PHASE2 -DLS_FORCE_MODE=2
2026-09-18T00:29:49Z	cb34891b	49abf488	7680	b07e9be	DIRTY	-DLS_PHASE2 -DLS_FORCE_MODE=2
2026-09-18T10:31:14Z	72ffaf44	8e9113f0	7680	99211eb	clean	-DLS_PHASE2 -DLS_FORCE_MODE=1
2026-09-18T10:36:12Z	9af6f549	01f14483	8192	99211eb	DIRTY	-DLS_PHASE2 -DLS_FORCE_MODE=1 -DLS_TRACE
2026-09-18T10:39:27Z	9af6f549	9cf2da38	8192	03ad9cc	clean	-DLS_PHASE2 -DLS_FORCE_MODE=1 -DLS_TRACE
2026-09-18T11:25:05Z	bc267859	c19a8347	8192	797b6c9	DIRTY	-DLS_PHASE2 -DLS_TRACE
2026-09-18T11:25:19Z	bc267859	fbb49f9d	8192	d56b4cd	clean	-DLS_PHASE2 -DLS_TRACE
2026-09-18T12:31:49Z	f93851ec	df8e4ea8	8192	e35a001	DIRTY	-DLS_PHASE2 -DLS_TRACE
2026-09-18T12:31:59Z	f93851ec	9bf79d8a	8192	4414ea8	DIRTY	-DLS_PHASE2 -DLS_TRACE
2026-09-18T12:32:22Z	f93851ec	1c8cfb4f	8192	1f79095	clean	-DLS_PHASE2 -DLS_TRACE
2026-09-18T15:43:50Z	c376510b	b7a0338d	8192	e38c8fa	DIRTY	-DLS_PHASE2
2026-09-18T15:44:15Z	c376510b	508ab8d3	8192	6db3616	DIRTY	-DLS_PHASE2
2026-09-18T15:44:54Z	5084a71c	d8154f1d	8192	28e85f4	clean	-DLS_PHASE2 -DLS_FORCE_MODE=1
2026-09-18T15:44:54Z	c376510b	09e53865	8192	28e85f4	DIRTY	-DLS_PHASE2
2026-09-18T15:49:03Z	407d684c	250617f0	8704	47b191b	clean	-DLS_PHASE2 -DLS_TRACE
2026-09-18T15:52:04Z	0d98c894	6a4b8da2	8704	47b191b	DIRTY	-DLS_PHASE2 -DLS_FORCE_MODE=1 -DLS_TRACE
2026-09-18T15:52:45Z	aa0d89be	0ab90905	8704	47b191b	DIRTY	-DLS_PHASE2 -DLS_TRACE
2026-09-18T16:26:16Z	8a5b6140	90937035	8704	0b59c62	DIRTY	-DLS_PHASE2 -DLS_FORCE_MODE=1 -DLS_TRACE
2026-09-18T17:41:39Z	18fbd59b	b6adedd1	8192	8fa0b2b	DIRTY	-DLS_PHASE2 -DLS_FORCE_MODE=2
2026-09-18T17:42:02Z	18fbd59b	20dea711	8192	616744d	DIRTY	-DLS_PHASE2 -DLS_FORCE_MODE=2
2026-09-18T18:00:10Z	6dc74d45	4240f673	8192	3e6bcf0	clean	-DLS_PHASE2 -DLS_FORCE_MODE=2
2026-09-18T18:08:26Z	1616e877	de6cc7d5	8192	69f2b6b	DIRTY	-DLS_PHASE2 -DLS_FORCE_MODE=2
2026-09-18T18:08:34Z	1616e877	6924eeaf	8192	e5c2fc4	clean	-DLS_PHASE2 -DLS_FORCE_MODE=2
2026-09-18T18:27:08Z	d22aee88	9a201cd7	8192	aa4acbe	DIRTY	-DLS_PHASE2 -DLS_FORCE_MODE=2
2026-09-18T18:27:13Z	d22aee88	7e639d4b	8192	13b7dd7	DIRTY	-DLS_PHASE2 -DLS_FORCE_MODE=2
2026-09-18T18:27:18Z	d22aee88	52b7bf23	8192	1a2714d	clean	-DLS_PHASE2 -DLS_FORCE_MODE=2
2026-09-18T22:53:18Z	0b2e6ff5	766d0c28	8704	f931c01	DIRTY	-DLS_PHASE2 -DLS_FORCE_MODE=2
2026-09-18T22:53:45Z	a98157ec	3c98b759	8704	f931c01	DIRTY	-DLS_PHASE2 -DLS_FORCE_MODE=2
2026-09-18T22:56:02Z	a98157ec	87ced927	8704	e97ad60	clean	-DLS_PHASE2 -DLS_FORCE_MODE=2
2026-09-18T23:01:01Z	a98157ec	ac5cf686	8704	d7e7649	clean	-DLS_PHASE2 -DLS_FORCE_MODE=2
