label,ms,VFAT\DirtyData,VFAT\BReadsSec,VFAT\BWritesSec,VFAT\ReadsSec,VFAT\WritesSec,VMM\cpgCommit,VMM\cpgDiskcacheMac,VMM\cpgDiskcacheMin,VMM\cpgDiskcache,VMM\cpgSwapfileDefective,VMM\cpgSwapfileInUse,VMM\cpgSwapfile,VMM\cDiscards,VMM\cPageOuts,VMM\cPageIns,VMM\cInstanceFaults,VMM\cPageFaults,VMM\cpgOther,VMM\cpgSwap,VMM\cpgLocked,VMM\cpgFree,SMBRedir\NumOpenFiles,SMBRedir\NumResources,SMBRedir\NumSess,SMBRedir\NumNets,SMBRedir\BWritesSec,SMBRedir\BReadsSec,SMBRedir\XactSec,SHADRAM\VMsMapped,SHADRAM\BiosPage,SHADRAM\Status,SHADRAM\PagesFailed,SHADRAM\PagesAdded,SHADRAM\PagesTested,Nwlink\SITEntries,Nwlink\RIT_Entries,Nwlink\SPX_PacketsIn,Nwlink\SPX_SendPackets,Nwlink\IPX_SocketsOpen,Nwlink\IPX_PacketsLost,Nwlink\IPX_PacketsIn,Nwlink\IPX_Sends,KERNEL\CPUUsage,KERNEL\VMs,KERNEL\Threads
V,0,0,7659306,3499940,2002,812,9129984,1048576,524288,536576,0,2215936,4657152,798,712,1749,1574,4182,4050944,5079040,3723264,0,0,0,0,1,0,0,0,3,1520,0,0,16,16,0,0,0,0,5,0,0,0,100,3,16
V,2018,0,8264433,3692452,2154,859,9109504,1048576,524288,536576,0,2314240,4657152,901,759,1903,1676,4539,4050944,5058560,3715072,0,0,0,0,1,0,0,0,3,1520,0,0,16,16,0,0,0,0,5,0,0,0,100,3,15
V,4463,0,9057494,3884964,2356,906,9138176,1048576,524288,536576,0,2355200,4657152,1052,806,2105,1929,5135,4067328,5070848,3715072,0,0,0,0,1,0,0,0,3,1520,0,0,16,16,0,0,0,0,5,0,0,0,100,3,15
V,6001,0,9486012,3954596,2466,923,9138176,1048576,524288,536576,0,2318336,4657152,1142,823,2218,2148,5610,4067328,5070848,3715072,4096,0,0,0,1,0,0,0,3,1520,0,0,16,16,0,0,0,0,5,0,0,0,100,3,15
V,8022,0,9655200,3987364,2544,931,9146368,1048576,524288,536576,0,2293760,4657152,1176,831,2317,2459,6277,4067328,5079040,3715072,0,0,0,0,1,0,0,0,3,1520,0,0,16,16,0,0,0,0,5,0,0,0,100,3,15
V,10064,4096,10048416,4122656,2640,956,9216000,1048576,524288,626688,0,2367488,4657152,1266,855,2413,2656,6624,4157440,5058560,3796992,0,0,0,0,1,0,0,0,3,1520,0,0,16,16,0,0,0,0,5,0,0,0,0,3,14
V,12003,4096,10048416,4122656,2640,956,9216000,1048576,524288,626688,0,2367488,4657152,1266,855,2413,2676,6650,4157440,5058560,3796992,0,0,0,0,1,0,0,0,3,1520,0,0,16,16,0,0,0,0,5,0,0,0,0,3,14
V,14009,0,10048416,4122656,2640,956,9216000,1048576,524288,626688,0,2367488,4657152,1266,855,2413,2698,6672,4157440,5058560,3796992,0,0,0,0,1,0,0,0,3,1520,0,0,16,16,0,0,0,0,5,0,0,0,0,3,14
V,16057,0,10445576,4159520,2748,965,9207808,1048576,524288,643072,0,2310144,4657152,1353,864,2512,2892,7043,4157440,5050368,3813376,0,0,0,0,1,0,0,0,3,1520,0,0,16,16,0,0,0,0,5,0,0,0,68,3,14
V,18016,0,10682880,4225056,2811,982,9342976,1048576,524288,749568,0,2334720,4718592,1423,880,2573,2991,7271,4280320,5062656,3919872,0,0,0,0,1,0,0,0,3,1520,0,0,16,16,0,0,0,0,5,0,0,0,100,3,14
V,20119,0,11276131,4298784,2955,1001,9383936,1048576,524288,536576,0,2322432,5242880,1514,898,2689,3364,7917,4067328,5312512,3735552,0,0,0,0,1,0,0,0,3,1520,0,0,16,16,0,0,0,0,5,0,0,0,100,3,14
V,22005,0,11662754,4552736,3022,1063,9510912,1048576,524288,536576,0,2461696,5242880,1558,960,2754,3606,8298,4067328,5443584,3743744,0,0,0,0,1,0,0,0,3,1520,0,0,16,16,0,0,0,0,5,0,0,0,100,3,15
V,24409,0,12394620,4880416,3146,1143,9785344,1048576,524288,536576,0,2691072,5242880,1653,1040,2862,3931,8796,4067328,5718016,3743744,0,0,0,0,1,0,0,0,3,1520,0,0,16,16,0,0,0,0,5,0,0,0,100,3,15
V,26000,0,12668003,5093408,3187,1196,9928704,1048576,524288,536576,0,2879488,5767168,1672,1092,2898,4068,8990,4071424,5857280,3747840,0,0,0,0,1,0,0,0,3,1520,0,0,16,16,0,0,0,0,5,0,0,0,100,3,15
V,28307,0,13230587,5490720,3362,1293,9957376,1048576,524288,540672,0,3137536,5767168,1716,1189,3032,4367,9590,4075520,5890048,3747840,0,0,0,0,1,0,0,0,3,1520,0,0,16,16,0,0,0,0,5,0,0,0,100,3,15
V,30017,0,13465182,5548064,3489,1307,9981952,1048576,524288,536576,0,3158016,5767168,1758,1203,3082,4389,9716,4071424,5910528,3747840,0,0,0,0,1,0,0,0,3,1520,0,0,16,16,0,0,0,0,5,0,0,0,100,3,15
V,32177,0,14000112,5687328,3627,1341,9990144,1048576,524288,536576,0,3174400,5767168,1858,1237,3214,4435,10012,4071424,5918720,3747840,0,0,0,0,1,0,0,0,3,1520,0,0,16,16,0,0,0,0,5,0,0,0,100,3,15
V,34018,4096,14428274,5830706,3735,1378,9986048,1048576,524288,536576,0,3190784,5767168,1928,1273,3321,4477,10261,4071424,5914624,3743744,0,0,0,0,1,0,0,0,3,1520,0,0,16,16,0,0,0,0,5,0,0,0,100,3,15
V,36022,0,14910946,5982258,3869,1415,10895360,1048576,524288,536576,0,3215360,6291456,2024,1309,3459,4512,10518,4845568,6049792,3760128,0,0,0,0,1,0,0,0,3,1520,0,0,16,16,0,0,0,0,5,0,0,0,100,3,16
V,38017,0,15249970,6105138,3989,1446,12746752,1048576,524288,643072,0,3301376,6815744,2117,1339,3582,4535,10703,6467584,6279168,3870720,0,0,0,0,1,0,0,0,3,1520,0,0,16,16,0,0,0,0,5,0,0,0,100,3,16
V,40101,0,15893674,6338610,4158,1503,12959744,1048576,524288,856064,0,3383296,6815744,2281,1396,3752,4583,11014,6680576,6279168,4083712,0,0,0,0,1,0,0,0,3,1520,0,0,16,16,0,0,0,0,5,0,0,0,100,3,16
V,42018,0,16321706,6465586,4265,1534,12976128,1048576,524288,856064,0,3448832,6815744,2364,1427,3867,4601,11221,6680576,6295552,4083712,0,0,0,0,1,0,0,0,3,1520,0,0,16,16,0,0,0,0,5,0,0,0,100,3,16
V,44002,0,16947882,6527026,4423,1549,12693504,1048576,524288,548864,0,3461120,6815744,2444,1442,4033,4633,11473,6373376,6320128,3776512,0,0,0,0,1,0,0,0,3,1520,0,0,16,16,0,0,0,0,5,0,0,0,100,3,16
V,46036,0,17591978,6682674,4582,1587,12697600,1048576,524288,548864,0,3518464,6815744,2572,1480,4199,4672,11787,6373376,6324224,3776512,0,0,0,0,1,0,0,0,3,1520,0,0,16,16,0,0,0,0,5,0,0,0,100,3,16
V,48439,0,18491015,6916146,4805,1644,12808192,1048576,524288,647168,0,3600384,6815744,2771,1538,4432,4727,12186,6471680,6336512,3874816,0,0,0,0,1,0,0,0,3,1520,0,0,16,16,0,0,0,0,5,0,0,0,100,3,16
V,50131,0,18690695,6948914,4854,1652,12808192,1048576,524288,647168,0,3588096,6815744,2803,1545,4471,4727,12262,6471680,6336512,3874816,0,0,0,0,1,0,0,0,3,1520,0,0,16,16,0,0,0,0,5,0,0,0,100,3,16
V,52029,0,19266551,7030834,5000,1672,12914688,1048576,524288,540672,0,3543040,6815744,2903,1565,4618,4760,12515,6557696,6356992,3768320,0,0,0,0,1,0,0,0,3,1520,0,0,16,16,0,0,0,0,5,0,0,0,100,3,16
V,54339,0,20376055,7350322,5275,1750,12955648,1048576,524288,540672,0,3624960,6815744,3111,1643,4900,4815,13120,6557696,6397952,3768320,0,0,0,0,1,0,0,0,3,1520,0,0,16,16,0,0,0,0,5,0,0,0,100,3,16
V,56269,0,20466167,7362610,5297,1753,12955648,1048576,524288,540672,0,3608576,6815744,3130,1646,4922,4824,13182,6557696,6397952,3768320,0,0,0,0,1,0,0,0,3,1520,0,0,16,16,0,0,0,0,5,0,0,0,100,3,16
V,58316,0,21548787,7546930,5568,1798,13049856,1048576,524288,540672,0,3649536,6815744,3355,1691,5192,4880,13857,6643712,6418432,3768320,0,0,0,0,1,0,0,0,3,1520,0,0,16,16,0,0,0,0,5,0,0,0,100,3,16
V,60108,0,21602035,7555122,5581,1800,13062144,1048576,524288,540672,0,3649536,6815744,3367,1693,5205,4885,13876,6643712,6418432,3768320,0,0,0,0,1,0,0,0,3,1520,0,0,16,16,0,0,0,0,5,0,0,0,100,3,16
V,62782,0,22626035,7824041,5834,1865,13291520,1048576,524288,753664,0,3715072,6815744,3615,1757,5458,4937,14408,6860800,6430720,3985408,0,0,0,0,1,0,0,0,3,1520,0,0,16,16,0,0,0,0,5,0,0,0,100,3,16
V,64163,0,22818547,7848617,5881,1871,13291520,1048576,524288,753664,0,3735552,6815744,3656,1763,5505,4953,14538,6860800,6430720,3985408,0,0,0,0,1,0,0,0,3,1520,0,0,16,16,0,0,0,0,5,0,0,0,100,3,16
V,66415,0,24163059,8037033,6214,1917,13094912,1048576,524288,540672,0,3649536,6815744,3912,1818,5868,5013,15387,6647808,6447104,3780608,0,0,0,0,1,0,0,0,3,1520,0,0,16,16,0,0,0,0,5,0,0,0,100,3,17
V,68931,0,24354547,8098473,6261,1932,13094912,1048576,524288,540672,0,3661824,6815744,3927,1824,5889,5017,15431,6647808,6447104,3780608,0,0,0,0,1,0,0,0,3,1520,0,0,16,16,0,0,0,0,5,0,0,0,100,3,17
V,70093,0,24974579,8217257,6416,1961,13103104,1048576,524288,540672,0,3698688,6815744,4055,1853,6046,5049,15722,6647808,6455296,3780608,0,0,0,0,1,0,0,0,3,1520,0,0,16,16,0,0,0,0,5,0,0,0,100,3,17
V,72006,4096,25312499,8258239,6500,1972,13103104,1048576,524288,540672,0,3682304,6815744,4129,1863,6130,5078,15897,6647808,6455296,3780608,0,0,0,0,1,0,0,0,3,1520,0,0,16,16,0,0,0,0,5,0,0,0,100,3,17
V,74036,0,25951563,8389311,6666,2004,13234176,1048576,524288,540672,0,3678208,6815744,4268,1895,6309,5106,16265,6696960,6537216,3792896,0,0,0,0,1,0,0,0,3,1520,0,0,16,16,0,0,0,0,5,0,0,0,100,3,18
V,76028,0,26570808,8512191,6823,2034,13238272,1048576,524288,540672,0,3682304,6815744,4396,1925,6465,5132,16654,6696960,6541312,3792896,0,0,0,0,1,0,0,0,3,1520,0,0,16,16,0,0,0,0,5,0,0,0,100,3,18
V,78144,0,27198326,8684223,6978,2076,13266944,1048576,524288,540672,0,3731456,6815744,4512,1967,6618,5159,16956,6696960,6569984,3792896,0,0,0,0,1,0,0,0,3,1520,0,0,16,16,0,0,0,0,5,0,0,0,100,3,18
V,80038,0,27779446,8782527,7122,2100,13279232,1048576,524288,540672,0,3731456,6815744,4635,1991,6762,5185,17274,6696960,6582272,3792896,0,0,0,0,1,0,0,0,3,1520,0,0,16,16,0,0,0,0,5,0,0,0,100,3,18
V,82029,4096,28422318,8917716,7284,2134,13307904,1048576,524288,540672,0,3788800,6815744,4767,2024,6927,5223,17628,6696960,6610944,3801088,0,0,0,0,1,0,0,0,3,1520,0,0,16,16,0,0,0,0,5,0,0,0,100,3,19
V,84024,0,28785182,9016020,7385,2159,13942784,1048576,524288,540672,0,3829760,7340032,4841,2048,7034,5247,17824,7094272,6848512,3805184,0,0,0,0,1,0,0,0,3,1520,0,0,16,16,0,0,0,0,5,0,0,0,100,3,19
V,86218,0,29515806,9175764,7568,2198,14012416,1048576,524288,540672,0,3866624,7340032,4997,2088,7234,5288,18179,7086080,6926336,3805184,0,0,0,0,1,0,0,0,3,1520,0,0,16,16,0,0,0,0,5,0,0,0,100,3,19
V,88141,0,30020363,9274068,7700,2222,14012416,1048576,524288,540672,0,3878912,7340032,5098,2111,7359,5311,18424,7086080,6926336,3805184,0,0,0,0,1,0,0,0,3,1520,0,0,16,16,0,0,0,0,5,0,0,0,100,3,19
V,90012,0,30450955,9364180,7808,2244,14024704,1048576,524288,540672,0,3915776,7340032,5190,2133,7474,5345,18624,7086080,6938624,3805184,0,0,0,0,1,0,0,0,3,1520,0,0,16,16,0,0,0,0,5,0,0,0,100,3,19
V,92069,0,30997259,9540308,7948,2287,14139392,1048576,524288,647168,0,4014080,7340032,5320,2176,7619,5399,18893,7192576,6946816,3911680,0,0,0,0,1,0,0,0,3,1520,0,0,16,16,0,0,0,0,5,0,0,0,100,3,19
V,94019,0,31535371,9622228,8082,2307,14139392,1048576,524288,647168,0,4005888,7340032,5434,2196,7753,5431,19159,7192576,6946816,3911680,0,0,0,0,1,0,0,0,3,1520,0,0,16,16,0,0,0,0,5,0,0,0,100,3,19
V,96037,0,32211223,9732820,8251,2334,14356480,1048576,524288,540672,0,4014080,7340032,5551,2223,7921,5466,19537,7401472,6955008,3805184,0,0,0,0,1,0,0,0,3,1520,0,0,16,16,0,0,0,0,5,0,0,0,100,3,19
V,98085,4096,32763159,9806548,8388,2352,14057472,1048576,524288,540672,0,4018176,7340032,5674,2241,8058,5498,19845,7086080,6971392,3805184,0,0,0,0,1,0,0,0,3,1520,0,0,16,16,0,0,0,0,5,0,0,0,100,3,19
V,100034,0,33369367,9941716,8539,2385,14139392,1048576,524288,540672,0,4050944,7340032,5813,2274,8211,5530,20325,7086080,7053312,3805184,0,0,0,0,1,0,0,0,3,1520,0,0,16,16,0,0,0,0,5,0,0,0,100,3,19
V,102135,0,33948439,10097364,8683,2423,14151680,1048576,524288,540672,0,4120576,7340032,5922,2312,8355,5562,20803,7086080,7065600,3805184,0,0,0,0,1,0,0,0,3,1520,0,0,16,16,0,0,0,0,5,0,0,0,100,3,19
V,104172,0,34559255,10228436,8835,2455,14151680,1048576,524288,540672,0,4161536,7340032,6042,2344,8507,5594,21186,7086080,7065600,3805184,0,0,0,0,1,0,0,0,3,1520,0,0,16,16,0,0,0,0,5,0,0,0,100,3,19
V,106562,0,35624215,10441428,9101,2507,14163968,1048576,524288,540672,0,4182016,7340032,6259,2396,8775,5642,21830,7086080,7077888,3805184,0,0,0,0,1,0,0,0,3,1520,0,0,16,16,0,0,0,0,5,0,0,0,100,3,19
V,108245,0,35703063,10466004,9121,2513,14163968,1048576,524288,540672,0,4194304,7340032,6273,2402,8795,5642,21867,7086080,7077888,3805184,0,0,0,0,1,0,0,0,3,1520,0,0,16,16,0,0,0,0,5,0,0,0,100,3,19
V,110412,0,36536087,10629884,9327,2555,14163968,1048576,524288,540672,0,4169728,7340032,6439,2442,9001,5702,22259,7086080,7077888,3805184,0,0,0,0,1,0,0,0,3,1520,0,0,16,16,0,0,0,0,5,0,0,0,100,3,19
V,112010,0,36772631,10662652,9385,2563,14163968,1048576,524288,540672,0,4182016,7340032,6489,2450,9059,5718,22411,7086080,7077888,3805184,0,0,0,0,1,0,0,0,3,1520,0,0,16,16,0,0,0,0,5,0,0,0,100,3,19
V,114454,0,38187287,10928912,9737,2629,14163968,1048576,524288,540672,0,4157440,7340032,6776,2515,9411,5798,23320,7086080,7077888,3805184,0,0,0,0,1,0,0,0,3,1520,0,0,16,16,0,0,0,0,5,0,0,0,100,3,19
V,117101,0,38195479,10933008,9739,2630,14163968,1048576,524288,540672,0,4157440,7340032,6777,2516,9413,5798,23322,7086080,7077888,3805184,0,0,0,0,1,0,0,0,3,1520,0,0,16,16,0,0,0,0,5,0,0,0,100,3,19
V,118040,4096,38617879,11047720,9845,2659,14217216,1048576,524288,593920,0,4173824,7340032,6868,2544,9519,5827,23596,7139328,7077888,3842048,0,0,0,0,1,0,0,0,3,1520,0,0,16,16,0,0,0,0,5,0,0,0,100,3,19
V,120061,0,39627543,11199295,10096,2697,14163968,1048576,524288,540672,0,4194304,7340032,7070,2581,9771,5886,24275,7086080,7077888,3805184,0,0,0,0,1,0,0,0,3,1520,0,0,16,16,0,0,0,0,5,0,0,0,100,3,19
V,122613,0,39664407,11211583,10105,2700,14163968,1048576,524288,540672,0,4182016,7340032,7076,2584,9780,5886,24308,7086080,7077888,3805184,0,0,0,0,1,0,0,0,3,1520,0,0,16,16,0,0,0,0,5,0,0,0,100,3,19
V,124058,4096,40315159,11336494,10266,2732,14163968,1048576,524288,540672,0,4198400,7340032,7208,2613,9941,5912,24613,7086080,7077888,3805184,0,0,0,0,1,0,0,0,3,1520,0,0,16,16,0,0,0,0,5,0,0,0,100,3,19
V,126008,0,40592663,11414318,10334,2751,14163968,1048576,524288,540672,0,4190208,7340032,7257,2632,10009,5925,24781,7086080,7077888,3805184,0,0,0,0,1,0,0,0,3,1520,0,0,16,16,0,0,0,0,5,0,0,0,100,3,19
V,128792,0,41961239,11676482,10675,2816,14163968,1048576,524288,540672,0,4161536,7340032,7534,2696,10350,6014,25639,7086080,7077888,3805184,0,0,0,0,1,0,0,0,3,1520,0,0,16,16,0,0,0,0,5,0,0,0,100,3,19
V,130815,4096,41985815,11676506,10681,2817,14163968,1048576,524288,540672,0,4153344,7340032,7540,2696,10356,6020,25650,7086080,7077888,3805184,0,0,0,0,1,0,0,0,3,1520,0,0,16,16,0,0,0,0,5,0,0,0,100,3,19
V,132064,4096,42523927,11783026,10816,2844,14270464,1048576,524288,647168,0,4182016,7340032,7675,2722,10491,6051,26037,7192576,7077888,3911680,0,0,0,0,1,0,0,0,3,1520,0,0,16,16,0,0,0,0,5,0,0,0,100,3,19
V,134244,0,43397399,11934578,11032,2881,14163968,1048576,524288,540672,0,4222976,7340032,7828,2759,10707,6092,26536,7086080,7077888,3805184,0,0,0,0,1,0,0,0,3,1520,0,0,16,16,0,0,0,0,5,0,0,0,100,3,19
V,136005,0,43536663,11955058,11066,2886,14163968,1048576,524288,540672,0,4214784,7340032,7857,2764,10741,6105,26605,7086080,7077888,3805184,0,0,0,0,1,0,0,0,3,1520,0,0,16,16,0,0,0,0,5,0,0,0,100,3,19
V,138158,4096,44314903,12102625,11260,2928,14163968,1048576,524288,540672,0,4190208,7340032,8015,2800,10935,6189,27027,7086080,7077888,3805184,0,0,0,0,1,0,0,0,3,1520,0,0,16,16,0,0,0,0,5,0,0,0,100,3,19
V,140047,0,44584215,12172257,11326,2945,14163968,1048576,524288,540672,0,4194304,7340032,8064,2817,11001,6205,27188,7086080,7077888,3805184,0,0,0,0,1,0,0,0,3,1520,0,0,16,16,0,0,0,0,5,0,0,0,100,3,19
V,142182,0,45750039,12397557,11616,3001,14163968,1048576,524288,540672,0,4173824,7340032,8299,2872,11291,6265,27845,7086080,7077888,3805184,0,0,0,0,1,0,0,0,3,1520,0,0,16,16,0,0,0,0,5,0,0,0,100,3,19
V,144212,0,45794583,12401653,11627,3002,14163968,1048576,524288,540672,0,4169728,7340032,8309,2873,11302,6279,27890,7086080,7077888,3805184,0,0,0,0,1,0,0,0,3,1520,0,0,16,16,0,0,0,0,5,0,0,0,100,3,19
V,146041,4096,46366487,12536868,11770,3037,14270464,1048576,524288,647168,0,4206592,7340032,8445,2906,11445,6333,28313,7192576,7077888,3911680,0,0,0,0,1,0,0,0,3,1520,0,0,16,16,0,0,0,0,5,0,0,0,100,3,19
V,148431,0,47293207,12647460,11999,3064,14163968,1048576,524288,540672,0,4194304,7340032,8621,2933,11692,6372,28844,7086080,7077888,3805184,0,0,0,0,1,0,0,0,3,1520,0,0,16,16,0,0,0,0,5,0,0,0,100,3,19
V,150305,0,47555351,12692516,12064,3075,14163968,1048576,524288,540672,0,4186112,7340032,8675,2944,11739,6388,28985,7086080,7077888,3805184,0,0,0,0,1,0,0,0,3,1520,0,0,16,16,0,0,0,0,5,0,0,0,100,3,19
V,152084,4096,48185880,12844113,12217,3114,14188544,1048576,524288,540672,0,4259840,7340032,8793,2981,11888,6446,29231,7086080,7102464,3805184,0,0,0,0,1,0,0,0,3,1520,0,0,16,16,0,0,0,0,5,0,0,0,100,3,19
V,154008,0,48840728,12975185,12380,3146,14168064,1048576,524288,540672,0,4173824,7340032,8920,3013,12051,6478,29527,7086080,7081984,3805184,0,0,0,0,1,0,0,0,3,1520,0,0,16,16,0,0,0,0,5,0,0,0,100,3,19
V,156012,0,49358360,13093969,12508,3175,13377536,1048576,524288,540672,0,3416064,7340032,9006,3042,12179,6502,29761,7086080,6291456,3776512,0,0,0,0,1,0,0,0,3,1520,0,0,16,16,0,0,0,0,5,0,0,0,100,3,19
V,158085,4096,50127896,13343949,12699,3228,13352960,1048576,524288,540672,0,3395584,7340032,9141,3094,12370,6545,30117,7086080,6266880,3768320,0,0,0,0,1,0,0,0,3,1520,0,0,16,16,0,0,0,0,5,0,0,0,100,3,18
V,160209,0,50618392,13438157,12819,3251,13352960,1048576,524288,540672,0,3387392,7340032,9238,3117,12490,6569,30337,7086080,6266880,3768320,0,0,0,0,1,0,0,0,3,1520,0,0,16,16,0,0,0,0,5,0,0,0,100,3,18
V,162041,0,51171864,13634765,12957,3299,13615104,1048576,524288,540672,0,3448832,7340032,9384,3165,12684,6608,30706,7086080,6529024,3768320,0,0,0,0,1,0,0,0,3,1520,0,0,16,16,0,0,0,0,5,0,0,0,100,3,18
V,164174,0,51581464,13855949,13057,3353,13615104,1048576,524288,540672,0,3551232,7340032,9430,3240,12805,6636,30970,7086080,6529024,3768320,0,0,0,0,1,0,0,0,3,1520,0,0,16,16,0,0,0,0,5,0,0,0,100,3,18
V,166480,0,52285464,14113997,13231,3416,13619200,1048576,524288,540672,0,3571712,7340032,9550,3284,12969,6667,31309,7086080,6533120,3772416,0,0,0,0,1,0,0,0,3,1520,0,0,16,16,0,0,0,0,5,0,0,0,100,3,18
V,168099,0,52706937,14195917,13330,3436,13635584,1048576,524288,540672,0,3563520,7340032,9624,3302,13056,6706,31512,7086080,6549504,3772416,0,0,0,0,1,0,0,0,3,1520,0,0,16,16,0,0,0,0,5,0,0,0,100,3,18
V,170309,4096,53423737,14437581,13509,3495,13742080,1048576,524288,647168,0,3661824,7340032,9770,3361,13235,7119,32307,7192576,6549504,3878912,0,0,0,0,1,0,0,0,3,1520,0,0,16,16,0,0,0,0,5,0,0,0,100,3,18
V,172002,0,53783161,14511309,13597,3513,13635584,1048576,524288,540672,0,3633152,7340032,9814,3379,13323,7284,32674,7086080,6549504,3772416,0,0,0,0,1,0,0,0,3,1520,0,0,16,16,0,0,0,0,5,0,0,0,100,3,18
V,174181,0,54848993,14716109,13873,3563,13467648,1048576,524288,540672,0,3530752,7340032,10017,3429,13590,7704,33636,7020544,6447104,3760128,0,0,0,0,1,0,0,0,3,1520,0,0,16,16,0,0,0,0,5,0,0,0,100,3,17
V,176250,0,55080417,14789837,13930,3581,13467648,1048576,524288,540672,0,3567616,7340032,10056,3447,13647,7760,33801,7020544,6447104,3760128,0,0,0,0,1,0,0,0,3,1520,0,0,16,16,0,0,0,0,5,0,0,0,100,3,17
V,178000,0,55580377,14884045,14058,3604,13496320,1048576,524288,540672,0,3538944,7340032,10159,3470,13773,8096,34407,7036928,6459392,3760128,0,0,0,0,1,0,0,0,3,1520,0,0,16,16,0,0,0,0,5,0,0,0,100,3,17
V,180048,0,56189145,15023309,14209,3638,13496320,1048576,524288,540672,0,3571712,7340032,10286,3505,13938,8415,35049,7036928,6459392,3760128,0,0,0,0,1,0,0,0,3,1520,0,0,16,16,0,0,0,0,5,0,0,0,100,3,17
V,182091,0,56756953,15174861,14351,3675,13496320,1048576,524288,540672,0,3538944,7340032,10383,3541,14071,8690,35661,7036928,6459392,3760128,0,0,0,0,1,0,0,0,3,1520,0,0,16,16,0,0,0,0,5,0,0,0,100,3,17
V,184100,0,57379033,15297741,14506,3705,13496320,1048576,524288,540672,0,3571712,7340032,10508,3571,14226,9017,36327,7036928,6459392,3760128,0,0,0,0,1,0,0,0,3,1520,0,0,16,16,0,0,0,0,5,0,0,0,100,3,17
V,186013,8192,57784025,15381763,14613,3725,13496320,1048576,524288,540672,0,3563520,7340032,10596,3590,14333,9245,36761,7036928,6459392,3760128,0,0,0,0,1,0,0,0,3,1520,0,0,16,16,0,0,0,0,5,0,0,0,100,3,17
V,188238,0,58586329,15516931,14804,3758,13500416,1048576,524288,540672,0,3538944,7340032,10754,3623,14524,9683,37586,7036928,6463488,3760128,0,0,0,0,1,0,0,0,3,1520,0,0,16,16,0,0,0,0,5,0,0,0,100,3,17
V,190002,0,58840281,15570179,14866,3771,13500416,1048576,524288,540672,0,3526656,7340032,10803,3636,14586,9816,37908,7036928,6463488,3760128,0,0,0,0,1,0,0,0,3,1520,0,0,16,16,0,0,0,0,5,0,0,0,100,3,17
V,192175,0,59706073,15791363,15084,3825,13475840,1048576,524288,540672,0,3510272,7340032,10964,3690,14805,10253,38798,7036928,6438912,3760128,0,0,0,0,1,0,0,0,3,1520,0,0,16,16,0,0,0,0,5,0,0,0,100,3,17
V,194018,0,59979481,15856899,15153,3841,13475840,1048576,524288,540672,0,3538944,7340032,11017,3706,14874,10397,39091,7036928,6438912,3760128,0,0,0,0,1,0,0,0,3,1520,0,0,16,16,0,0,0,0,5,0,0,0,100,3,17
V,196044,0,60708569,16033027,15335,3884,13545472,1048576,524288,647168,0,3485696,7340032,11182,3749,15056,10780,39798,7143424,6402048,3866624,0,0,0,0,1,0,0,0,3,1520,0,0,16,16,0,0,0,0,5,0,0,0,100,3,17
V,198094,0,61383897,16123139,15504,3906,13344768,1048576,524288,647168,0,3477504,7340032,11322,3771,15225,11058,40444,6950912,6393856,3866624,0,0,0,0,1,0,0,0,3,1520,0,0,16,16,0,0,0,0,5,0,0,0,100,3,17
V,200213,0,61976281,16270595,15651,3942,13344768,1048576,524288,647168,0,3481600,7340032,11436,3807,15375,11402,41170,6950912,6393856,3866624,0,0,0,0,1,0,0,0,3,1520,0,0,16,16,0,0,0,0,5,0,0,0,100,3,17
V,202160,0,62543577,16381187,15792,3969,13193216,1048576,524288,540672,0,3416064,7340032,11536,3837,15531,11744,41857,6844416,6348800,3760128,0,0,0,0,1,0,0,0,3,1520,0,0,16,16,0,0,0,0,5,0,0,0,100,3,17
V,204037,0,63063257,16487683,15922,3995,13197312,1048576,524288,540672,0,3383296,7340032,11628,3860,15646,11990,42380,6844416,6352896,3760128,0,0,0,0,1,0,0,0,3,1520,0,0,16,16,0,0,0,0,5,0,0,0,100,3,17
V,206003,0,63513817,16614659,16035,4026,13180928,1048576,524288,540672,0,3411968,7340032,11708,3891,15760,12251,42876,6844416,6336512,3760128,0,0,0,0,1,0,0,0,3,1520,0,0,16,16,0,0,0,0,5,0,0,0,100,3,17
V,208075,0,64573145,16872707,16301,4089,13119488,1048576,524288,540672,0,3325952,7340032,11902,3954,16026,12834,43936,6844416,6275072,3751936,0,0,0,0,1,0,0,0,3,1520,0,0,16,16,0,0,0,0,5,0,0,0,100,3,16
V,210178,0,64577241,16872707,16302,4089,13119488,1048576,524288,540672,0,3325952,7340032,11903,3954,16027,12838,43941,6844416,6275072,3751936,0,0,0,0,1,0,0,0,3,1520,0,0,16,16,0,0,0,0,5,0,0,0,100,3,16
V,212030,0,65219801,16991491,16463,4119,12066816,1048576,524288,540672,0,2781184,6291456,12003,3983,16188,13140,44474,6455296,5611520,3739648,0,0,0,0,1,0,0,0,3,1520,0,0,16,16,0,0,0,0,5,0,0,0,100,3,15
V,214049,0,65849561,17241347,16621,4180,12181504,1048576,524288,753664,0,2764800,6291456,12141,4044,16346,13448,45020,6668288,5513216,3952640,0,0,0,0,1,0,0,0,3,1520,0,0,16,16,0,0,0,0,5,0,0,0,100,3,15
V,216000,0,66029785,17261827,16665,4185,9576448,1048576,524288,753664,0,2514944,6291456,12159,4049,16390,13546,45207,4386816,5189632,3940352,20480,0,0,0,1,0,0,0,3,1520,0,0,16,16,0,0,0,0,5,0,0,0,33,3,14
V,218013,4096,66509017,17388923,16782,4205,9478144,1048576,524288,655360,0,2531328,6291456,12230,4066,16507,13806,45604,4288512,5189632,3842048,0,0,0,0,1,0,0,0,3,1520,0,0,16,16,0,0,0,0,5,0,0,0,51,3,14
V,220010,4096,66595033,17425787,16803,4214,9478144,1048576,524288,655360,0,2539520,6291456,12242,4075,16528,13862,45721,4288512,5189632,3842048,0,0,0,0,1,0,0,0,3,1520,0,0,16,16,0,0,0,0,5,0,0,0,49,3,14
V,222001,0,66595033,17425787,16803,4214,9478144,1048576,524288,655360,0,2539520,6291456,12242,4075,16528,13884,45743,4288512,5189632,3842048,0,0,0,0,1,0,0,0,3,1520,0,0,16,16,0,0,0,0,5,0,0,0,1,3,14
V,224006,0,66595033,17425787,16803,4214,9478144,1048576,524288,655360,0,2539520,6291456,12242,4075,16528,13900,45759,4288512,5189632,3842048,0,0,0,0,1,0,0,0,3,1520,0,0,16,16,0,0,0,0,5,0,0,0,1,3,14
V,226011,0,66595033,17425787,16803,4214,9478144,1048576,524288,651264,0,2539520,6291456,12242,4075,16529,13920,45780,4284416,5189632,3837952,0,0,0,0,1,0,0,0,3,1520,0,0,16,16,0,0,0,0,5,0,0,0,1,3,14
V,228002,0,66599129,17425787,16804,4214,9474048,1048576,524288,651264,0,2539520,6291456,12242,4075,16529,13940,45800,4284416,5189632,3837952,0,0,0,0,1,0,0,0,3,1520,0,0,16,16,0,0,0,0,5,0,0,0,1,3,14
V,230009,0,66599129,17425787,16804,4214,9474048,1048576,524288,651264,0,2539520,6291456,12242,4075,16529,13956,45816,4284416,5189632,3837952,0,0,0,0,1,0,0,0,3,1520,0,0,16,16,0,0,0,0,5,0,0,0,1,3,14
V,232012,0,66599129,17425787,16804,4214,9474048,1048576,524288,651264,0,2539520,6291456,12242,4075,16529,13972,45832,4284416,5189632,3837952,0,0,0,0,1,0,0,0,3,1520,0,0,16,16,0,0,0,0,5,0,0,0,1,3,14
V,234004,0,66740953,17458555,16839,4222,9371648,1048576,524288,548864,0,2539520,6291456,12244,4083,16564,14064,45964,4182016,5189632,3735552,0,0,0,0,1,0,0,0,3,1520,0,0,16,16,0,0,0,0,5,0,0,0,26,3,14
V,236009,0,66740953,17458555,16839,4222,9371648,1048576,524288,548864,0,2539520,6291456,12244,4083,16564,14084,45984,4182016,5189632,3735552,0,0,0,0,1,0,0,0,3,1520,0,0,16,16,0,0,0,0,5,0,0,0,1,3,14
V,238000,0,66740953,17458555,16839,4222,9371648,1048576,524288,548864,0,2539520,6291456,12244,4083,16564,14096,45996,4182016,5189632,3735552,0,0,0,0,1,0,0,0,3,1520,0,0,16,16,0,0,0,0,5,0,0,0,1,3,14
V,240007,0,66740953,17458555,16839,4222,9371648,1048576,524288,548864,0,2539520,6291456,12244,4083,16564,14116,46016,4182016,5189632,3735552,0,0,0,0,1,0,0,0,3,1520,0,0,16,16,0,0,0,0,5,0,0,0,1,3,14
V,242010,0,66740953,17458555,16839,4222,9371648,1048576,524288,548864,0,2539520,6291456,12244,4083,16564,14128,46028,4182016,5189632,3735552,0,0,0,0,1,0,0,0,3,1520,0,0,16,16,0,0,0,0,5,0,0,0,1,3,14
V,244003,0,66740953,17458555,16839,4222,9371648,1048576,524288,548864,0,2539520,6291456,12244,4083,16564,14144,46044,4182016,5189632,3735552,0,0,0,0,1,0,0,0,3,1520,0,0,16,16,0,0,0,0,5,0,0,0,1,3,14
V,246007,0,66740953,17458555,16839,4222,9371648,1048576,524288,548864,0,2539520,6291456,12244,4083,16564,14156,46056,4182016,5189632,3735552,0,0,0,0,1,0,0,0,3,1520,0,0,16,16,0,0,0,0,5,0,0,0,0,3,14
V,248012,0,66753241,17464752,16842,4223,9371648,1048576,524288,548864,0,2539520,6291456,12247,4083,16567,14186,46089,4182016,5189632,3735552,0,0,0,0,1,0,0,0,3,1520,0,0,16,16,0,0,0,0,5,0,0,0,6,3,14
V,250004,0,66753241,17464752,16842,4223,9371648,1048576,524288,548864,0,2539520,6291456,12247,4083,16567,14202,46105,4182016,5189632,3735552,0,0,0,0,1,0,0,0,3,1520,0,0,16,16,0,0,0,0,5,0,0,0,2,3,14
V,252008,0,66753241,17464752,16842,4223,9371648,1048576,524288,548864,0,2539520,6291456,12247,4083,16567,14218,46121,4182016,5189632,3735552,0,0,0,0,1,0,0,0,3,1520,0,0,16,16,0,0,0,0,5,0,0,0,1,3,14
V,254015,0,66753241,17464752,16842,4223,9371648,1048576,524288,548864,0,2539520,6291456,12247,4083,16567,14234,46137,4182016,5189632,3735552,0,0,0,0,1,0,0,0,3,1520,0,0,16,16,0,0,0,0,5,0,0,0,2,3,14
V,256005,0,66757337,17464752,16843,4224,9367552,1048576,524288,544768,0,2539520,5242880,12247,4083,16568,14267,46171,4177920,5189632,3731456,0,0,0,0,1,0,0,0,3,1520,0,0,16,16,0,0,0,0,5,0,0,0,3,3,14
V,258010,0,66757337,17464752,16843,4224,9367552,1048576,524288,544768,0,2539520,5242880,12247,4083,16568,14283,46187,4177920,5189632,3731456,0,0,0,0,1,0,0,0,3,1520,0,0,16,16,0,0,0,0,5,0,0,0,2,3,14
V,260002,0,66757337,17464752,16843,4224,9367552,1048576,524288,544768,0,2539520,5242880,12247,4083,16568,14299,46203,4177920,5189632,3731456,0,0,0,0,1,0,0,0,3,1520,0,0,16,16,0,0,0,0,5,0,0,0,1,3,14
V,262006,0,66757337,17464752,16843,4224,9367552,1048576,524288,544768,0,2539520,5242880,12247,4083,16568,14315,46219,4177920,5189632,3731456,0,0,0,0,1,0,0,0,3,1520,0,0,16,16,0,0,0,0,5,0,0,0,1,3,14
V,264013,0,66757337,17464752,16843,4224,9367552,1048576,524288,544768,0,2539520,5242880,12247,4083,16568,14331,46235,4177920,5189632,3731456,0,0,0,0,1,0,0,0,3,1520,0,0,16,16,0,0,0,0,5,0,0,0,2,3,14
V,266003,0,66757337,17464752,16843,4224,9367552,1048576,524288,544768,0,2539520,5242880,12247,4083,16568,14347,46251,4177920,5189632,3731456,0,0,0,0,1,0,0,0,3,1520,0,0,16,16,0,0,0,0,5,0,0,0,1,3,14
V,268008,0,66757337,17464752,16843,4224,9367552,1048576,524288,544768,0,2539520,5242880,12247,4083,16568,14363,46267,4177920,5189632,3731456,0,0,0,0,1,0,0,0,3,1520,0,0,16,16,0,0,0,0,5,0,0,0,1,3,14
V,270000,0,66757337,17464752,16843,4224,9367552,1048576,524288,544768,0,2539520,5242880,12247,4083,16568,14379,46283,4177920,5189632,3731456,0,0,0,0,1,0,0,0,3,1520,0,0,16,16,0,0,0,0,5,0,0,0,1,3,14
V,272004,0,66757337,17464752,16843,4224,9367552,1048576,524288,544768,0,2539520,5242880,12247,4083,16568,14395,46299,4177920,5189632,3731456,0,0,0,0,1,0,0,0,3,1520,0,0,16,16,0,0,0,0,5,0,0,0,1,3,14
V,274010,0,66757337,17464752,16843,4224,9367552,1048576,524288,544768,0,2539520,5242880,12247,4083,16568,14411,46315,4177920,5189632,3731456,0,0,0,0,1,0,0,0,3,1520,0,0,16,16,0,0,0,0,5,0,0,0,1,3,14
V,276001,0,66757337,17464752,16843,4224,9367552,1048576,524288,544768,0,2539520,5242880,12247,4083,16568,14427,46331,4177920,5189632,3731456,0,0,0,0,1,0,0,0,3,1520,0,0,16,16,0,0,0,0,5,0,0,0,1,3,14
V,278006,0,66757337,17464752,16843,4224,9367552,1048576,524288,544768,0,2539520,5242880,12247,4083,16568,14443,46347,4177920,5189632,3731456,0,0,0,0,1,0,0,0,3,1520,0,0,16,16,0,0,0,0,5,0,0,0,2,3,14
V,280011,0,66757337,17464752,16843,4224,9367552,1048576,524288,544768,0,2539520,5242880,12247,4083,16568,14461,46367,4177920,5189632,3731456,0,0,0,0,1,0,0,0,3,1520,0,0,16,16,0,0,0,0,5,0,0,0,1,3,14
V,282002,0,66757337,17464752,16843,4224,9367552,1048576,524288,544768,0,2539520,5242880,12247,4083,16568,14477,46383,4177920,5189632,3731456,0,0,0,0,1,0,0,0,3,1520,0,0,16,16,0,0,0,0,5,0,0,0,1,3,14
V,284008,0,66757337,17464752,16843,4224,9367552,1048576,524288,544768,0,2539520,5242880,12247,4083,16568,14493,46399,4177920,5189632,3731456,0,0,0,0,1,0,0,0,3,1520,0,0,16,16,0,0,0,0,5,0,0,0,1,3,14
V,286012,0,66757337,17464752,16843,4224,9367552,1048576,524288,544768,0,2539520,5242880,12247,4083,16568,14509,46415,4177920,5189632,3731456,0,0,0,0,1,0,0,0,3,1520,0,0,16,16,0,0,0,0,5,0,0,0,1,3,14
V,288004,0,66757337,17464752,16843,4224,9367552,1048576,524288,544768,0,2539520,5242880,12247,4083,16568,14525,46431,4177920,5189632,3731456,0,0,0,0,1,0,0,0,3,1520,0,0,16,16,0,0,0,0,5,0,0,0,1,3,14
V,290009,0,66757337,17464752,16843,4224,9367552,1048576,524288,544768,0,2539520,5242880,12247,4083,16568,14541,46447,4177920,5189632,3731456,0,0,0,0,1,0,0,0,3,1520,0,0,16,16,0,0,0,0,5,0,0,0,1,3,14
V,292000,0,66757337,17464752,16843,4224,9367552,1048576,524288,544768,0,2539520,5242880,12247,4083,16568,14557,46463,4177920,5189632,3731456,0,0,0,0,1,0,0,0,3,1520,0,0,16,16,0,0,0,0,5,0,0,0,1,3,14
V,294006,0,66757337,17464752,16843,4224,9367552,1048576,524288,544768,0,2539520,5242880,12247,4083,16568,14579,46485,4177920,5189632,3731456,0,0,0,0,1,0,0,0,3,1520,0,0,16,16,0,0,0,0,5,0,0,0,2,3,14
V,296010,0,66757337,17464752,16843,4224,9367552,1048576,524288,544768,0,2539520,5242880,12247,4083,16568,14595,46501,4177920,5189632,3731456,0,0,0,0,1,0,0,0,3,1520,0,0,16,16,0,0,0,0,5,0,0,0,1,3,14
V,298002,0,66757337,17464752,16843,4224,9367552,1048576,524288,544768,0,2539520,5242880,12247,4083,16568,14611,46517,4177920,5189632,3731456,0,0,0,0,1,0,0,0,3,1520,0,0,16,16,0,0,0,0,5,0,0,0,1,3,14
V,300007,0,66757337,17464752,16843,4224,9367552,1048576,524288,544768,0,2539520,5242880,12247,4083,16568,14627,46533,4177920,5189632,3731456,0,0,0,0,1,0,0,0,3,1520,0,0,16,16,0,0,0,0,5,0,0,0,1,3,14
