label,ms,VFAT\DirtyData,VFAT\BReadsSec,VFAT\BWritesSec,VFAT\ReadsSec,VFAT\WritesSec,VMM\cpgCommit,VMM\cpgDiskcacheMac,VMM\cpgDiskcacheMin,VMM\cpgDiskcache,VMM\cpgSwapfileDefective,VMM\cpgSwapfileInUse,VMM\cpgSwapfile,VMM\cDiscards,VMM\cPageOuts,VMM\cPageIns,VMM\cInstanceFaults,VMM\cPageFaults,VMM\cpgOther,VMM\cpgSwap,VMM\cpgLocked,VMM\cpgFree,SMBRedir\NumOpenFiles,SMBRedir\NumResources,SMBRedir\NumSess,SMBRedir\NumNets,SMBRedir\BWritesSec,SMBRedir\BReadsSec,SMBRedir\XactSec,SWAPCOMP\Contention,SWAPCOMP\Fallback,SWAPCOMP\Errors,SWAPCOMP\SectorsSaved,SWAPCOMP\RawReads,SWAPCOMP\CompressedReads,SWAPCOMP\RawWrites,SWAPCOMP\CompressedWrites,Nwlink\SITEntries,Nwlink\RIT_Entries,Nwlink\SPX_PacketsIn,Nwlink\SPX_SendPackets,Nwlink\IPX_SocketsOpen,Nwlink\IPX_PacketsLost,Nwlink\IPX_PacketsIn,Nwlink\IPX_Sends,KERNEL\CPUUsage,KERNEL\VMs,KERNEL\Threads
B,0,4096,7441445,2335654,2166,834,9162752,1048576,524288,536576,0,2281472,4722688,958,734,1914,1914,4839,4091904,5070848,3743744,0,0,0,0,1,0,0,0,0,0,0,2450,304,370,221,513,0,0,0,0,5,0,0,0,100,3,15
B,2016,4096,8090661,2485794,2405,892,9162752,1048576,524288,536576,0,2371584,4722688,1140,791,2153,2481,5855,4091904,5070848,3743744,0,0,0,0,1,0,0,0,0,0,0,2685,339,522,229,562,0,0,0,0,5,0,0,0,100,3,15
B,4014,4096,8178725,2504738,2434,901,9162752,1048576,524288,536576,0,2359296,4722688,1160,800,2182,2554,6039,4091904,5070848,3743744,0,0,0,0,1,0,0,0,0,0,0,2720,342,534,231,569,0,0,0,0,5,0,0,0,100,3,15
B,6026,0,8660972,2569762,2587,930,9273344,1048576,524288,643072,0,2306048,4722688,1310,829,2334,2872,6680,4198400,5074944,3850240,0,0,0,0,1,0,0,0,0,0,0,2825,382,593,235,594,0,0,0,0,5,0,0,0,100,3,15
B,8004,0,8899640,2572322,2689,934,9175040,1048576,524288,536576,0,2265088,4722688,1350,833,2458,3171,7541,4091904,5083136,3743744,0,0,0,0,1,0,0,0,0,0,0,2852,403,613,235,598,0,0,0,0,5,0,0,0,100,3,15
B,10025,0,9064395,2586658,2757,943,9154560,1048576,524288,536576,0,2289664,4722688,1398,842,2526,3368,8063,4091904,5062656,3735552,0,0,0,0,1,0,0,0,0,0,0,2896,412,638,236,606,0,0,0,0,5,0,0,0,0,3,14
B,12014,0,9472819,2639906,2900,977,9236480,1048576,524288,643072,0,2334720,4722688,1517,876,2660,3572,8450,4182016,5054464,3842048,0,0,0,0,1,0,0,0,0,0,0,3064,445,690,236,640,0,0,0,0,5,0,0,0,100,3,14
B,14074,4096,9796963,2674722,3008,995,9232384,1048576,524288,593920,0,2326528,5242880,1598,893,2773,3785,8901,4145152,5070848,3788800,0,0,0,0,1,0,0,0,0,0,0,3132,479,727,237,656,0,0,0,0,5,0,0,0,100,3,14
B,16013,0,10115085,2699298,3092,1009,9547776,1048576,524288,536576,0,2359296,5242880,1667,907,2818,4066,9267,4091904,5455872,3764224,0,0,0,0,1,0,0,0,0,0,0,3196,486,762,238,669,0,0,0,0,5,0,0,0,100,3,14
B,18023,0,10349005,2883106,3136,1075,9601024,1048576,524288,536576,0,2584576,5242880,1698,973,2858,4296,9623,4091904,5509120,3764224,0,0,0,0,1,0,0,0,0,0,0,3365,496,782,263,710,0,0,0,0,5,0,0,0,100,3,14
B,20078,0,10628848,3048482,3215,1139,9662464,1048576,524288,643072,0,2707456,5242880,1724,1037,2939,4605,10051,4198400,5464064,3878912,0,0,0,0,1,0,0,0,0,0,0,3554,520,813,273,764,0,0,0,0,5,0,0,0,100,3,15
B,22221,0,11134799,3139618,3307,1187,9801728,1048576,524288,536576,0,2801664,5242880,1792,1085,3021,4834,10405,4091904,5709824,3772416,0,0,0,0,1,0,0,0,0,0,0,3760,562,850,280,805,0,0,0,0,5,0,0,0,100,3,15
B,24024,0,11408014,3266082,3359,1236,9949184,1048576,524288,536576,0,2945024,5767168,1825,1133,3066,5059,10713,4096000,5853184,3776512,0,0,0,0,1,0,0,0,0,0,0,3897,584,867,286,847,0,0,0,0,5,0,0,0,100,3,15
B,26109,0,11664838,3419682,3448,1294,9965568,1048576,524288,536576,0,3129344,5767168,1847,1191,3142,5368,11194,4096000,5869568,3776512,0,0,0,0,1,0,0,0,0,0,0,4061,621,900,291,900,0,0,0,0,5,0,0,0,100,3,15
B,28398,0,12116155,3522082,3699,1347,10010624,1048576,524288,536576,0,3170304,5767168,1950,1244,3287,5434,11547,4096000,5914624,3776512,0,0,0,0,1,0,0,0,0,0,0,4285,676,977,297,947,0,0,0,0,5,0,0,0,100,3,15
B,30053,0,12230331,3576866,3740,1368,10010624,1048576,524288,536576,0,3223552,5767168,1970,1265,3328,5451,11641,4096000,5914624,3776512,0,0,0,0,1,0,0,0,0,0,0,4346,683,1007,300,965,0,0,0,0,5,0,0,0,100,3,15
B,32065,0,12629531,3639330,3878,1403,10014720,1048576,524288,536576,0,3170304,5767168,2070,1300,3462,5499,12014,4096000,5918720,3776512,0,0,0,0,1,0,0,0,0,0,0,4529,743,1080,305,1000,0,0,0,0,5,0,0,0,100,3,15
B,34026,0,12846237,3678242,3953,1423,10014720,1048576,524288,536576,0,3198976,5767168,2123,1320,3535,5515,12194,4096000,5918720,3776512,0,0,0,0,1,0,0,0,0,0,0,4588,753,1111,306,1014,0,0,0,0,5,0,0,0,100,3,15
B,36487,0,13341301,3779636,4131,1476,11071488,1048576,524288,536576,0,3280896,6815744,2245,1370,3721,5589,12581,5140480,6082560,3788800,0,0,0,0,1,0,0,0,0,0,0,4790,773,1163,310,1060,0,0,0,0,5,0,0,0,100,3,16
B,38067,0,13470301,3815476,4191,1491,12701696,1048576,524288,643072,0,3301376,6815744,2291,1385,3773,5603,12661,6492160,6209536,3899392,0,0,0,0,1,0,0,0,0,0,0,4840,776,1165,311,1075,0,0,0,0,5,0,0,0,100,3,16
B,40017,0,13907037,3907124,4329,1530,12877824,1048576,524288,749568,0,3387392,6815744,2422,1424,3919,5629,12907,6598656,6279168,4005888,0,0,0,0,1,0,0,0,0,0,0,4991,812,1217,321,1106,0,0,0,0,5,0,0,0,100,3,16
B,42052,0,14358229,3997236,4486,1578,12910592,1048576,524288,778240,0,3440640,6815744,2538,1472,4076,5655,13178,6705152,6279168,4112384,0,0,0,0,1,0,0,0,0,0,0,5193,837,1283,326,1150,0,0,0,0,5,0,0,0,100,3,16
B,44013,0,14687957,4055604,4591,1606,12996608,1048576,524288,843776,0,3522560,6815744,2640,1500,4192,5682,13378,6656000,6303744,4063232,0,0,0,0,1,0,0,0,0,0,0,5291,856,1319,330,1170,0,0,0,0,5,0,0,0,100,3,16
B,46093,0,15179477,4088884,4734,1625,12718080,1048576,524288,548864,0,3502080,6815744,2702,1519,4341,5708,13602,6397952,6320128,3805184,0,0,0,0,1,0,0,0,0,0,0,5378,888,1355,332,1187,0,0,0,0,5,0,0,0,100,3,16
B,48078,0,15644373,4153908,4871,1661,12722176,1048576,524288,548864,0,3567616,6815744,2807,1555,4482,5733,13898,6389760,6324224,3796992,0,0,0,0,1,0,0,0,0,0,0,5539,942,1406,335,1220,0,0,0,0,5,0,0,0,100,3,16
B,50609,0,16417458,4265012,5119,1716,12726272,1048576,524288,540672,0,3604480,6815744,3000,1610,4732,5779,14360,6389760,6336512,3796992,0,0,0,0,1,0,0,0,0,0,0,5774,999,1514,337,1278,0,0,0,0,5,0,0,0,100,3,16
B,52058,0,16460466,4279348,5133,1721,12726272,1048576,524288,540672,0,3608576,6815744,3009,1615,4746,5779,14360,6389760,6336512,3796992,0,0,0,0,1,0,0,0,0,0,0,5774,999,1514,337,1278,0,0,0,0,5,0,0,0,100,3,16
B,54107,0,16957986,4339252,5300,1755,13037568,1048576,524288,647168,0,3604480,6815744,3165,1649,4913,5821,14710,6688768,6348800,3903488,0,0,0,0,1,0,0,0,0,0,0,5957,1037,1592,337,1317,0,0,0,0,5,0,0,0,100,3,16
B,56200,0,17952290,4490292,5612,1833,12976128,1048576,524288,540672,0,3633152,6815744,3386,1731,5250,5896,15523,6582272,6393856,3796992,0,0,0,0,1,0,0,0,0,0,0,6277,1110,1704,343,1388,0,0,0,0,5,0,0,0,100,3,16
B,59327,0,18033698,4498996,5635,1838,12976128,1048576,524288,540672,0,3633152,6815744,3404,1732,5254,5902,15533,6582272,6393856,3796992,0,0,0,0,1,0,0,0,0,0,0,6281,1110,1704,343,1389,0,0,0,0,5,0,0,0,100,3,16
B,60082,0,18200098,4525620,5685,1853,12984320,1048576,524288,540672,0,3665920,6815744,3441,1747,5306,5912,15638,6582272,6402048,3796992,0,0,0,0,1,0,0,0,0,0,0,6349,1128,1722,343,1404,0,0,0,0,5,0,0,0,100,3,16
B,62377,0,18998306,4611660,5931,1901,12984320,1048576,524288,540672,0,3649536,6815744,3640,1794,5552,5969,16264,6582272,6402048,3796992,0,0,0,0,1,0,0,0,0,0,0,6571,1197,1809,346,1448,0,0,0,0,5,0,0,0,100,3,16
B,64093,0,19135522,4621388,5968,1905,12984320,1048576,524288,540672,0,3637248,6815744,3673,1798,5589,5976,16411,6582272,6402048,3796992,0,0,0,0,1,0,0,0,0,0,0,6591,1219,1818,346,1454,0,0,0,0,5,0,0,0,100,3,16
B,66384,0,20057886,4698700,6250,1945,13099008,1048576,524288,540672,0,3653632,6815744,3920,1838,5870,6034,17142,6668288,6430720,3796992,0,0,0,0,1,0,0,0,0,0,0,6753,1293,1913,347,1491,0,0,0,0,5,0,0,0,100,3,16
B,68093,0,20204318,4707404,6290,1949,13099008,1048576,524288,540672,0,3629056,6815744,3956,1842,5910,6034,17254,6668288,6430720,3796992,0,0,0,0,1,0,0,0,0,0,0,6768,1299,1921,347,1495,0,0,0,0,5,0,0,0,100,3,16
B,70478,0,21131550,4831820,6574,2006,13099008,1048576,524288,540672,0,3670016,6815744,4187,1901,6200,6098,17946,6668288,6430720,3796992,0,0,0,0,1,0,0,0,0,0,0,7004,1385,2027,353,1552,0,0,0,0,5,0,0,0,100,3,16
B,72310,0,21207326,4844620,6598,2012,13099008,1048576,524288,540672,0,3661824,6815744,4201,1905,6218,6098,17986,6668288,6430720,3796992,0,0,0,0,1,0,0,0,0,0,0,7006,1389,2027,353,1553,0,0,0,0,5,0,0,0,100,3,16
B,74460,0,22008094,4933196,6852,2058,13115392,1048576,524288,540672,0,3633152,6815744,4413,1951,6476,6140,18653,6668288,6447104,3805184,0,0,0,0,1,0,0,0,0,0,0,7205,1461,2122,355,1597,0,0,0,0,5,0,0,0,100,3,17
B,76192,0,22115102,4951116,6885,2068,13115392,1048576,524288,540672,0,3637248,6815744,4436,1961,6509,6153,18713,6668288,6447104,3805184,0,0,0,0,1,0,0,0,0,0,0,7250,1469,2132,357,1607,0,0,0,0,5,0,0,0,100,3,17
B,78780,0,22821662,5044300,7117,2116,13123584,1048576,524288,540672,0,3706880,6815744,4622,2009,6743,6195,19205,6668288,6455296,3805184,0,0,0,0,1,0,0,0,0,0,0,7446,1511,2226,361,1648,0,0,0,0,5,0,0,0,100,3,17
B,80018,4096,22976598,5053538,7168,2122,13152256,1048576,524288,540672,0,3682304,6815744,4670,2014,6796,6226,19336,6668288,6483968,3813376,0,0,0,0,1,0,0,0,0,0,0,7468,1523,2242,361,1653,0,0,0,0,5,0,0,0,100,3,18
B,82123,0,23468918,5132386,7334,2163,13258752,1048576,524288,540672,0,3702784,6815744,4799,2055,6971,6259,19760,6721536,6537216,3821568,0,0,0,0,1,0,0,0,0,0,0,7636,1560,2311,365,1690,0,0,0,0,5,0,0,0,100,3,18
B,84046,0,23844214,5184098,7455,2187,13258752,1048576,524288,540672,0,3665920,6815744,4896,2079,7092,6291,20104,6721536,6537216,3821568,0,0,0,0,1,0,0,0,0,0,0,7733,1593,2363,366,1713,0,0,0,0,5,0,0,0,100,3,18
B,86040,0,24257635,5246562,7596,2219,13262848,1048576,524288,540672,0,3674112,6815744,5006,2111,7234,6323,20536,6721536,6541312,3821568,0,0,0,0,1,0,0,0,0,0,0,7867,1624,2425,369,1742,0,0,0,0,5,0,0,0,100,3,18
B,88111,0,24733089,5347938,7758,2263,13295616,1048576,524288,540672,0,3751936,6815744,5128,2155,7394,6356,20948,6721536,6574080,3821568,0,0,0,0,1,0,0,0,0,0,0,8039,1655,2514,375,1783,0,0,0,0,5,0,0,0,100,3,18
B,90282,0,25159073,5387362,7898,2283,13295616,1048576,524288,540672,0,3764224,6815744,5248,2175,7534,6388,21272,6721536,6574080,3821568,0,0,0,0,1,0,0,0,0,0,0,8104,1680,2571,376,1799,0,0,0,0,5,0,0,0,100,3,18
B,92323,0,25583009,5449826,8047,2319,13303808,1048576,524288,540672,0,3772416,6815744,5363,2211,7683,6420,21754,6721536,6582272,3821568,0,0,0,0,1,0,0,0,0,0,0,8275,1725,2640,377,1836,0,0,0,0,5,0,0,0,100,3,18
B,94017,4096,25819865,5481592,8128,2334,13332480,1048576,524288,540672,0,3747840,6815744,5432,2225,7766,6443,21990,6721536,6610944,3829760,0,0,0,0,1,0,0,0,0,0,0,8320,1735,2675,377,1848,0,0,0,0,5,0,0,0,100,3,19
B,96104,0,26255433,5544568,8271,2368,13967360,1048576,524288,540672,0,3809280,7340032,5538,2258,7916,6472,22317,7110656,6856704,3833856,0,0,0,0,1,0,0,0,0,0,0,8461,1749,2713,379,1879,0,0,0,0,5,0,0,0,100,3,19
B,98257,0,26770505,5670008,8429,2420,14249984,1048576,524288,753664,0,3932160,7340032,5702,2310,8082,6520,22700,7323648,6926336,4046848,0,0,0,0,1,0,0,0,0,0,0,8641,1790,2768,392,1920,0,0,0,0,5,0,0,0,100,3,19
B,100012,0,27044937,5679736,8507,2425,14143488,1048576,524288,647168,0,3911680,7340032,5749,2315,8160,6527,22867,7217152,6926336,3940352,0,0,0,0,1,0,0,0,0,0,0,8653,1816,2779,392,1923,0,0,0,0,5,0,0,0,100,3,19
B,102110,0,27537718,5743224,8671,2455,14106624,1048576,524288,610304,0,3903488,7340032,5873,2345,8331,6568,23305,7118848,6934528,3842048,0,0,0,0,1,0,0,0,0,0,0,8769,1857,2862,394,1951,0,0,0,0,5,0,0,0,100,3,19
B,104014,0,27881782,5800056,8784,2484,14143488,1048576,524288,647168,0,3928064,7340032,5968,2374,8440,6602,23573,7217152,6926336,3940352,0,0,0,0,1,0,0,0,0,0,0,8890,1867,2898,397,1977,0,0,0,0,5,0,0,0,100,3,19
B,106075,0,28259638,5844600,8903,2504,14057472,1048576,524288,540672,0,3969024,7340032,6049,2394,8565,6634,23842,7110656,6946816,3833856,0,0,0,0,1,0,0,0,0,0,0,8963,1893,2941,401,1993,0,0,0,0,5,0,0,0,100,3,19
B,108148,0,28752182,5907064,9061,2544,14163968,1048576,524288,647168,0,4030464,7340032,6198,2434,8728,6666,24128,7217152,6946816,3940352,0,0,0,0,1,0,0,0,0,0,0,9161,1910,2990,401,2033,0,0,0,0,5,0,0,0,100,3,19
B,110030,0,29137718,5938296,9188,2560,14163968,1048576,524288,647168,0,4014080,7340032,6309,2450,8855,6689,24505,7217152,6946816,3940352,0,0,0,0,1,0,0,0,0,0,0,9228,1935,3039,402,2048,0,0,0,0,5,0,0,0,100,3,19
B,112037,0,29584694,5984376,9333,2587,14065664,1048576,524288,540672,0,4026368,7340032,6404,2477,9001,6731,24907,7110656,6955008,3833856,0,0,0,0,1,0,0,0,0,0,0,9354,1965,3114,403,2074,0,0,0,0,5,0,0,0,100,3,19
B,114179,4096,30029634,6049912,9488,2620,14110720,1048576,524288,585728,0,4059136,7340032,6535,2510,9154,6763,25232,7135232,6955008,3858432,0,0,0,0,1,0,0,0,0,0,0,9490,1991,3188,405,2105,0,0,0,0,5,0,0,0,100,3,19
B,116020,0,30405954,6078072,9608,2639,14069760,1048576,524288,540672,0,4050944,7340032,6626,2529,9274,6779,25485,7110656,6959104,3833856,0,0,0,0,1,0,0,0,0,0,0,9587,2014,3234,405,2124,0,0,0,0,5,0,0,0,100,3,19
B,118025,0,30849346,6140536,9747,2670,14090240,1048576,524288,540672,0,4096000,7340032,6744,2560,9419,6818,25959,7110656,7016448,3833856,0,0,0,0,1,0,0,0,0,0,0,9713,2062,3289,406,2154,0,0,0,0,5,0,0,0,100,3,19
B,120028,0,31405378,6189176,9924,2708,14163968,1048576,524288,540672,0,4136960,7340032,6897,2598,9592,6840,26384,7110656,7053312,3833856,0,0,0,0,1,0,0,0,0,0,0,9922,2109,3353,408,2190,0,0,0,0,5,0,0,0,100,3,19
B,122047,0,31896386,6235768,10078,2734,14172160,1048576,524288,540672,0,4161536,7340032,7027,2624,9755,6866,26881,7110656,7061504,3833856,0,0,0,0,1,0,0,0,0,0,0,10039,2151,3412,409,2215,0,0,0,0,5,0,0,0,100,3,19
B,124069,0,32389442,6305215,10254,2768,14172160,1048576,524288,540672,0,4157440,7340032,7170,2657,9922,6892,27415,7110656,7061504,3833856,0,0,0,0,1,0,0,0,0,0,0,10188,2191,3507,410,2249,0,0,0,0,5,0,0,0,100,3,19
B,126472,0,32913730,6355391,10422,2793,14172160,1048576,524288,540672,0,4177920,7340032,7313,2682,10090,6923,27874,7110656,7061504,3833856,0,0,0,0,1,0,0,0,0,0,0,10289,2226,3572,410,2274,0,0,0,0,5,0,0,0,100,3,19
B,128021,0,33127234,6381503,10496,2805,14172160,1048576,524288,540672,0,4173824,7340032,7375,2694,10164,6939,28054,7110656,7061504,3833856,0,0,0,0,1,0,0,0,0,0,0,10330,2238,3605,411,2284,0,0,0,0,5,0,0,0,100,3,19
B,130674,0,33699650,6448575,10695,2841,14184448,1048576,524288,540672,0,4206592,7340032,7541,2730,10365,6987,28562,7110656,7073792,3833856,0,0,0,0,1,0,0,0,0,0,0,10484,2263,3695,412,2318,0,0,0,0,5,0,0,0,100,3,19
B,132018,4096,33953602,6471144,10768,2855,14184448,1048576,524288,540672,0,4190208,7340032,7602,2742,10438,7022,28730,7110656,7073792,3833856,0,0,0,0,1,0,0,0,0,0,0,10536,2295,3718,413,2329,0,0,0,0,5,0,0,0,100,3,19
B,134082,0,34445634,6550504,10938,2897,14184448,1048576,524288,540672,0,4218880,7340032,7730,2784,10608,7087,29092,7110656,7073792,3833856,0,0,0,0,1,0,0,0,0,0,0,10717,2350,3816,413,2371,0,0,0,0,5,0,0,0,100,3,19
B,136007,4096,34755394,6606332,11047,2923,14184448,1048576,524288,540672,0,4227072,7340032,7814,2809,10717,7131,29364,7110656,7073792,3833856,0,0,0,0,1,0,0,0,0,0,0,10813,2368,3881,413,2398,0,0,0,0,5,0,0,0,100,3,19
B,138426,0,35721026,6734844,11370,2986,14184448,1048576,524288,540672,0,4177920,7340032,8074,2872,11040,7195,30230,7110656,7073792,3833856,0,0,0,0,1,0,0,0,0,0,0,11061,2441,4026,415,2457,0,0,0,0,5,0,0,0,100,3,19
B,141490,0,35780418,6740988,11388,2989,14184448,1048576,524288,540672,0,4153344,7340032,8089,2875,11058,7200,30302,7110656,7073792,3833856,0,0,0,0,1,0,0,0,0,0,0,11073,2446,4030,415,2460,0,0,0,0,5,0,0,0,100,3,19
B,142004,0,35868482,6763516,11416,2999,14184448,1048576,524288,540672,0,4173824,7340032,8107,2885,11086,7211,30408,7110656,7073792,3833856,0,0,0,0,1,0,0,0,0,0,0,11109,2454,4040,416,2469,0,0,0,0,5,0,0,0,100,3,19
B,144212,4096,36394306,6811692,11597,3033,14184448,1048576,524288,540672,0,4190208,7340032,8263,2919,11276,7270,31046,7110656,7073792,3833856,0,0,0,0,1,0,0,0,0,0,0,11301,2503,4154,417,2509,0,0,0,0,5,0,0,0,100,3,19
B,146081,0,36659522,6852652,11684,3051,14184448,1048576,524288,540672,0,4198400,7340032,8326,2935,11355,7293,31294,7110656,7073792,3833856,0,0,0,0,1,0,0,0,0,0,0,11338,2513,4181,417,2519,0,0,0,0,5,0,0,0,100,3,19
B,148347,0,37245762,6926380,11885,3088,14290944,1048576,524288,647168,0,4210688,7340032,8516,2972,11556,7334,31814,7217152,7073792,3940352,0,0,0,0,1,0,0,0,0,0,0,11487,2543,4261,417,2555,0,0,0,0,5,0,0,0,100,3,19
B,150012,4096,37442370,6955609,11950,3106,14397440,1048576,524288,753664,0,4235264,7340032,8621,2992,11657,7369,32108,7217152,7073792,3940352,0,0,0,0,1,0,0,0,0,0,0,11580,2587,4318,417,2575,0,0,0,0,5,0,0,0,100,3,19
B,152095,0,37960514,6997593,12128,3128,14184448,1048576,524288,540672,0,4173824,7340032,8702,3010,11806,7395,32484,7110656,7073792,3833856,0,0,0,0,1,0,0,0,0,0,0,11652,2616,4394,417,2593,0,0,0,0,5,0,0,0,100,3,19
B,154155,4096,38472002,7073389,12299,3162,14184448,1048576,524288,540672,0,4186112,7340032,8833,3043,11970,7438,32806,7110656,7073792,3833856,0,0,0,0,1,0,0,0,0,0,0,11768,2647,4468,417,2626,0,0,0,0,5,0,0,0,100,3,19
B,156737,0,39639874,7217261,12698,3235,14184448,1048576,524288,540672,0,4153344,7340032,9159,3116,12369,7535,34082,7110656,7073792,3833856,0,0,0,0,1,0,0,0,0,0,0,12071,2721,4651,419,2697,0,0,0,0,5,0,0,0,100,3,19
B,160552,0,39650114,7218797,12700,3236,14184448,1048576,524288,540672,0,4157440,7340032,9160,3117,12371,7538,34086,7110656,7073792,3833856,0,0,0,0,1,0,0,0,0,0,0,12076,2721,4652,419,2698,0,0,0,0,5,0,0,0,100,3,19
B,160602,4096,39654210,7219333,12701,3238,14184448,1048576,524288,540672,0,4161536,7340032,9160,3118,12372,7548,34098,7110656,7073792,3833856,0,0,0,0,1,0,0,0,0,0,0,12083,2722,4652,419,2699,0,0,0,0,5,0,0,0,100,3,19
B,162084,0,40718658,7343772,13087,3308,14184448,1048576,524288,540672,0,4177920,7340032,9477,3187,12758,7621,35484,7110656,7073792,3833856,0,0,0,0,1,0,0,0,0,0,0,12387,2792,4850,420,2771,0,0,0,0,5,0,0,0,100,3,19
B,166921,0,40828738,7362716,13109,3312,14184448,1048576,524288,540672,0,4182016,7340032,9495,3192,12789,7634,35599,7110656,7073792,3833856,0,0,0,0,1,0,0,0,0,0,0,12393,2796,4853,420,2772,0,0,0,0,5,0,0,0,100,3,19
B,167171,0,40857922,7363740,13118,3313,14184448,1048576,524288,540672,0,4165632,7340032,9503,3192,12789,7634,35600,7110656,7073792,3833856,0,0,0,0,1,0,0,0,0,0,0,12393,2796,4853,420,2772,0,0,0,0,5,0,0,0,100,3,19
B,168010,4096,41061186,7384777,13183,3326,14184448,1048576,524288,540672,0,4206592,7340032,9557,3203,12854,7646,35760,7110656,7073792,3833856,0,0,0,0,1,0,0,0,0,0,0,12440,2804,4881,420,2784,0,0,0,0,5,0,0,0,100,3,19
B,170005,4096,41377602,7428363,13283,3351,14200832,1048576,524288,557056,0,4231168,7340032,9640,3224,12954,7706,36019,7127040,7073792,3850240,0,0,0,0,1,0,0,0,0,0,0,12523,2828,4914,422,2802,0,0,0,0,5,0,0,0,100,3,19
B,172487,4096,42190658,7638919,13589,3430,14290944,1048576,524288,647168,0,4231168,7340032,9890,3302,13260,7775,36620,7217152,7073792,3940352,0,0,0,0,1,0,0,0,0,0,0,12813,2891,5130,424,2879,0,0,0,0,5,0,0,0,100,3,19
B,175209,4096,42222914,7643015,13600,3432,14290944,1048576,524288,647168,0,4239360,7340032,9899,3304,13271,7775,36633,7217152,7073792,3940352,0,0,0,0,1,0,0,0,0,0,0,12816,2894,5135,424,2880,0,0,0,0,5,0,0,0,100,3,19
B,176091,4096,42555714,7654279,13701,3437,14184448,1048576,524288,540672,0,4227072,7340032,9969,3309,13372,7796,36808,7110656,7073792,3833856,0,0,0,0,1,0,0,0,0,0,0,12834,2929,5168,424,2885,0,0,0,0,5,0,0,0,100,3,19
B,178067,0,43046722,7713179,13866,3468,14286848,1048576,524288,626688,0,4198400,7340032,10129,3339,13541,7843,37340,7192576,7073792,3915776,0,0,0,0,1,0,0,0,0,0,0,12959,2979,5255,425,2914,0,0,0,0,5,0,0,0,100,3,19
B,180139,0,43600194,7767451,14047,3497,14184448,1048576,524288,540672,0,4190208,7340032,10256,3368,13718,7897,37913,7110656,7073792,3833856,0,0,0,0,1,0,0,0,0,0,0,13085,3008,5327,425,2943,0,0,0,0,5,0,0,0,100,3,19
B,182405,0,44019522,7818139,14181,3522,14184448,1048576,524288,540672,0,4169728,7340032,10379,3394,13867,7926,38380,7110656,7073792,3833856,0,0,0,0,1,0,0,0,0,0,0,13193,3047,5392,426,2968,0,0,0,0,5,0,0,0,100,3,19
B,184018,4096,44207426,7838643,14248,3535,14184448,1048576,524288,540672,0,4169728,7340032,10420,3405,13919,7949,38525,7110656,7073792,3833856,0,0,0,0,1,0,0,0,0,0,0,13242,3054,5415,426,2979,0,0,0,0,5,0,0,0,100,3,19
B,186196,4096,44729666,7890846,14428,3566,14184448,1048576,524288,540672,0,4202496,7340032,10573,3434,14101,8001,39148,7110656,7073792,3833856,0,0,0,0,1,0,0,0,0,0,0,13385,3098,5505,426,3008,0,0,0,0,5,0,0,0,100,3,19
B,188423,0,45253954,7937438,14607,3588,14184448,1048576,524288,540672,0,4161536,7340032,10728,3456,14278,8033,39673,7110656,7073792,3833856,0,0,0,0,1,0,0,0,0,0,0,13470,3126,5584,427,3029,0,0,0,0,5,0,0,0,100,3,19
B,190014,0,45543234,7969694,14696,3601,14184448,1048576,524288,540672,0,4182016,7340032,10816,3470,14380,8058,39971,7110656,7073792,3833856,0,0,0,0,1,0,0,0,0,0,0,13516,3145,5629,428,3042,0,0,0,0,5,0,0,0,100,3,19
B,192032,4096,45888834,8019915,14828,3629,14184448,1048576,524288,540672,0,4210688,7340032,10910,3495,14499,8087,40306,7110656,7073792,3833856,0,0,0,0,1,0,0,0,0,0,0,13621,3156,5693,428,3067,0,0,0,0,5,0,0,0,100,3,19
B,194015,0,46238787,8060875,14935,3647,14209024,1048576,524288,540672,0,4214784,7340032,11001,3513,14602,8122,40497,7110656,7098368,3833856,0,0,0,0,1,0,0,0,0,0,0,13685,3198,5746,429,3084,0,0,0,0,5,0,0,0,100,3,19
B,196056,0,46662723,8175051,15074,3691,14192640,1048576,524288,540672,0,4202496,7340032,11093,3558,14742,8154,40782,7110656,7081984,3833856,0,0,0,0,1,0,0,0,0,0,0,13817,3258,5815,435,3123,0,0,0,0,5,0,0,0,100,3,19
B,198459,0,47184451,8266187,15253,3734,14245888,1048576,524288,557056,0,4198400,7340032,11243,3600,14929,8186,41075,7122944,7081984,3846144,0,0,0,0,1,0,0,0,0,0,0,13980,3303,5910,439,3161,0,0,0,0,5,0,0,0,100,3,19
B,200137,0,47490627,8297931,15357,3748,13373440,1048576,524288,540672,0,3391488,7340032,11308,3614,15024,8203,41271,7110656,6262784,3796992,0,0,0,0,1,0,0,0,0,0,0,14030,3337,5958,440,3174,0,0,0,0,5,0,0,0,100,3,18
B,202856,0,48079939,8444363,15559,3805,13373440,1048576,524288,540672,0,3375104,7340032,11453,3671,15226,8250,41648,7110656,6262784,3796992,0,0,0,0,1,0,0,0,0,0,0,14216,3381,6070,449,3225,0,0,0,0,5,0,0,0,100,3,18
B,204089,0,48313923,8473547,15631,3820,13635584,1048576,524288,540672,0,3387392,7340032,11519,3686,15307,8266,41800,7110656,6524928,3796992,0,0,0,0,1,0,0,0,0,0,0,14285,3395,6090,450,3243,0,0,0,0,5,0,0,0,100,3,18
B,206068,0,48617539,8557003,15756,3899,13635584,1048576,524288,540672,0,3653632,7340032,11612,3765,15479,8298,42064,7110656,6524928,3796992,0,0,0,0,1,0,0,0,0,0,0,14736,3434,6174,451,3316,0,0,0,0,5,0,0,0,100,3,18
B,208011,0,49043523,8621515,15907,3964,13635584,1048576,524288,540672,0,3645440,7340032,11698,3830,15630,8330,42318,7110656,6524928,3796992,0,0,0,0,1,0,0,0,0,0,0,15126,3473,6232,452,3378,0,0,0,0,5,0,0,0,100,3,18
B,210576,0,49917507,8760267,16189,4034,13742080,1048576,524288,647168,0,3698688,7340032,11936,3900,15912,8391,42883,7217152,6524928,3903488,0,0,0,0,1,0,0,0,0,0,0,15415,3533,6357,455,3445,0,0,0,0,5,0,0,0,100,3,18
B,212608,0,50053187,8767947,16230,4039,13742080,1048576,524288,647168,0,3698688,7340032,11972,3905,15953,8391,42931,7217152,6524928,3903488,0,0,0,0,1,0,0,0,0,0,0,15440,3555,6373,455,3450,0,0,0,0,5,0,0,0,100,3,18
B,214198,0,50440771,8815563,16355,4063,13852672,1048576,524288,753664,0,3670016,7340032,12100,3929,16079,8436,43277,7323648,6529024,4014080,0,0,0,0,1,0,0,0,0,0,0,15539,3608,6430,455,3474,0,0,0,0,5,0,0,0,100,3,18
B,216011,0,50975299,8898507,16534,4102,13852672,1048576,524288,753664,0,3670016,7340032,12240,3968,16258,8468,43615,7323648,6529024,4014080,0,0,0,0,1,0,0,0,0,0,0,15692,3646,6513,457,3512,0,0,0,0,5,0,0,0,100,3,18
B,218023,4096,51320899,8932811,16645,4116,13635584,1048576,524288,540672,0,3620864,7340032,12285,3982,16369,8587,43976,7110656,6524928,3801088,0,0,0,0,1,0,0,0,0,0,0,15734,3684,6564,458,3524,0,0,0,0,5,0,0,0,100,3,18
B,220213,0,51814052,9024459,16805,4158,13660160,1048576,524288,540672,0,3592192,7340032,12407,4024,16527,8959,44799,7094272,6504448,3792896,0,0,0,0,1,0,0,0,0,0,0,15906,3731,6647,464,3565,0,0,0,0,5,0,0,0,100,3,17
B,222866,0,52573708,9162699,17062,4215,13627392,1048576,524288,540672,0,3538944,7340032,12593,4081,16775,9310,45604,7094272,6533120,3801088,0,0,0,0,1,0,0,0,0,0,0,16077,3783,6752,470,3611,0,0,0,0,5,0,0,0,100,3,18
B,224319,0,52576780,9162699,17064,4215,13627392,1048576,524288,540672,0,3538944,7340032,12595,4085,16790,9317,45638,7094272,6533120,3801088,0,0,0,0,1,0,0,0,0,0,0,16099,3788,6755,470,3615,0,0,0,0,5,0,0,0,100,3,18
B,226011,0,52983820,9240011,17189,4256,13627392,1048576,524288,540672,0,3575808,7340032,12680,4122,16903,9483,46046,7094272,6533120,3801088,0,0,0,0,1,0,0,0,0,0,0,16259,3830,6801,471,3652,0,0,0,0,5,0,0,0,100,3,18
B,228132,0,53445380,9304011,17354,4287,13516800,1048576,524288,540672,0,3518464,7340032,12803,4153,17069,9821,46764,7061504,6455296,3788800,0,0,0,0,1,0,0,0,0,0,0,16377,3859,6878,474,3679,0,0,0,0,5,0,0,0,100,3,17
B,230105,0,53925636,9380299,17517,4326,13516800,1048576,524288,540672,0,3506176,7340032,12928,4192,17233,10173,47468,7061504,6455296,3788800,0,0,0,0,1,0,0,0,0,0,0,16540,3912,6938,475,3717,0,0,0,0,5,0,0,0,100,3,17
B,232047,0,54184708,9410507,17596,4340,13516800,1048576,524288,540672,0,3526656,7340032,12993,4206,17312,10320,47760,7061504,6455296,3788800,0,0,0,0,1,0,0,0,0,0,0,16593,3925,6974,476,3730,0,0,0,0,5,0,0,0,100,3,17
B,234037,0,54665476,9467851,17754,4370,13516800,1048576,524288,540672,0,3522560,7340032,13121,4236,17470,10667,48506,7061504,6455296,3788800,0,0,0,0,1,0,0,0,0,0,0,16721,3963,7042,479,3757,0,0,0,0,5,0,0,0,100,3,17
B,236119,4096,54987524,9565643,17868,4398,13516800,1048576,524288,540672,0,3522560,7340032,13209,4262,17584,10984,49155,7061504,6455296,3788800,0,0,0,0,1,0,0,0,0,0,0,16829,3985,7103,479,3784,0,0,0,0,5,0,0,0,100,3,17
B,238151,0,55328004,9615307,17990,4421,13516800,1048576,524288,540672,0,3522560,7340032,13312,4287,17712,11281,49829,7061504,6455296,3788800,0,0,0,0,1,0,0,0,0,0,0,16925,4000,7169,480,3807,0,0,0,0,5,0,0,0,100,3,17
B,240033,0,55802628,9670091,18150,4450,13516800,1048576,524288,540672,0,3567616,7340032,13439,4314,17866,11601,50505,7061504,6455296,3788800,0,0,0,0,1,0,0,0,0,0,0,17038,4028,7239,481,3833,0,0,0,0,5,0,0,0,100,3,17
B,242023,0,56240388,9704395,18297,4469,13516800,1048576,524288,540672,0,3510272,7340032,13567,4333,18013,11928,51302,7061504,6455296,3788800,0,0,0,0,1,0,0,0,0,0,0,17129,4057,7308,481,3854,0,0,0,0,5,0,0,0,100,3,17
B,244260,0,56709380,9780683,18460,4510,13504512,1048576,524288,540672,0,3534848,7340032,13687,4374,18176,12290,52036,7061504,6443008,3788800,0,0,0,0,1,0,0,0,0,0,0,17313,4082,7376,483,3894,0,0,0,0,5,0,0,0,100,3,17
B,246006,0,56932612,9803211,18527,4524,13504512,1048576,524288,540672,0,3534848,7340032,13740,4388,18243,12451,52323,7061504,6443008,3788800,0,0,0,0,1,0,0,0,0,0,0,17370,4092,7397,483,3905,0,0,0,0,5,0,0,0,100,3,17
B,248073,0,57467140,9865643,18701,4555,13467648,1048576,524288,540672,0,3502080,7340032,13884,4418,18417,12824,53038,7061504,6406144,3788800,0,0,0,0,1,0,0,0,0,0,0,17513,4128,7484,486,3935,0,0,0,0,5,0,0,0,100,3,17
B,250029,0,58545924,10013611,19071,4634,13422592,1048576,524288,540672,0,3473408,7340032,14174,4497,18787,13519,54432,7061504,6361088,3788800,0,0,0,0,1,0,0,0,0,0,0,17858,4199,7658,491,4008,0,0,0,0,5,0,0,0,100,3,17
B,253526,0,58566404,10014635,19081,4636,13422592,1048576,524288,540672,0,3481600,7340032,14182,4499,18797,13535,54465,7061504,6361088,3788800,0,0,0,0,1,0,0,0,0,0,0,17858,4199,7658,491,4008,0,0,0,0,5,0,0,0,100,3,17
B,254138,0,58711300,10024875,19121,4640,13422592,1048576,524288,540672,0,3448832,7340032,14218,4503,18837,13631,54691,7061504,6361088,3788800,0,0,0,0,1,0,0,0,0,0,0,17870,4206,7665,491,4012,0,0,0,0,5,0,0,0,100,3,17
B,256401,0,59302660,10098091,19317,4678,13520896,1048576,524288,638976,0,3461120,7340032,14400,4541,19033,14010,55491,7151616,6361088,3878912,0,0,0,0,1,0,0,0,0,0,0,18031,4244,7751,492,4049,0,0,0,0,5,0,0,0,100,3,17
B,258026,0,59597060,10117035,19407,4693,13422592,1048576,524288,540672,0,3432448,7340032,14451,4556,19123,14201,55902,7061504,6361088,3788800,0,0,0,0,1,0,0,0,0,0,0,18130,4267,7788,492,4067,0,0,0,0,5,0,0,0,100,3,17
B,260027,0,60100868,10184619,19579,4728,13217792,1048576,524288,540672,0,3424256,7340032,14582,4591,19296,14576,56673,6868992,6348800,3788800,0,0,0,0,1,0,0,0,0,0,0,18262,4284,7863,493,4098,0,0,0,0,5,0,0,0,100,3,17
B,262114,0,60532996,10244011,19713,4758,13217792,1048576,524288,540672,0,3444736,7340032,14689,4621,19433,14877,57282,6868992,6348800,3788800,0,0,0,0,1,0,0,0,0,0,0,18386,4321,7910,495,4126,0,0,0,0,5,0,0,0,100,3,17
B,264246,0,60989700,10324395,19870,4798,13324288,1048576,524288,647168,0,3444736,7340032,14832,4661,19590,15250,58030,6975488,6348800,3895296,0,0,0,0,1,0,0,0,0,0,0,18569,4351,7994,498,4168,0,0,0,0,5,0,0,0,100,3,17
B,266007,0,61241092,10356139,19952,4816,13246464,1048576,524288,569344,0,3469312,7340032,14877,4679,19683,15435,58347,6868992,6348800,3788800,0,0,0,0,1,0,0,0,0,0,0,18641,4367,8021,498,4183,0,0,0,0,5,0,0,0,100,3,17
B,268248,0,61762308,10434987,20127,4858,13205504,1048576,524288,540672,0,3391488,7340032,15000,4721,19847,15813,59099,6868992,6336512,3788800,0,0,0,0,1,0,0,0,0,0,0,18823,4404,8100,500,4223,0,0,0,0,5,0,0,0,100,3,17
B,270011,0,61991684,10487211,20216,4886,13201408,1048576,524288,540672,0,3411968,7340032,15060,4749,19936,16028,59513,6868992,6332416,3788800,0,0,0,0,1,0,0,0,0,0,0,18935,4412,8146,500,4249,0,0,0,0,5,0,0,0,100,3,17
B,272110,0,62506756,10557867,20391,4929,13299712,1048576,524288,647168,0,3436544,7340032,15223,4793,20118,16414,60261,6975488,6324224,3895296,0,0,0,0,1,0,0,0,0,0,0,19141,4435,8226,503,4290,0,0,0,0,5,0,0,0,100,3,17
B,274008,0,63188740,10650027,20626,4978,13148160,1048576,524288,540672,0,3350528,7340032,15371,4841,20347,16880,61199,6868992,6279168,3780608,0,0,0,0,1,0,0,0,0,0,0,19357,4498,8343,508,4334,0,0,0,0,5,0,0,0,100,3,16
B,276013,0,63204612,10655659,20631,4981,13148160,1048576,524288,540672,0,3354624,7340032,15373,4844,20352,16897,61220,6868992,6279168,3780608,0,0,0,0,1,0,0,0,0,0,0,19366,4500,8344,508,4336,0,0,0,0,5,0,0,0,100,3,16
B,278408,0,63705860,10730923,20813,5014,12124160,1048576,524288,540672,0,2842624,7340032,15501,4877,20534,17271,61960,6479872,5644288,3768320,0,0,0,0,1,0,0,0,0,0,0,19483,4534,8443,513,4364,0,0,0,0,5,0,0,0,100,3,15
B,280025,0,63974148,10776491,20909,5038,12091392,1048576,524288,540672,0,2781184,6291456,15570,4900,20630,17479,62366,6479872,5611520,3768320,0,0,0,0,1,0,0,0,0,0,0,19578,4543,8488,514,4386,0,0,0,0,5,0,0,0,100,3,15
B,282015,0,64354052,10834859,21042,5072,12001280,1048576,524288,540672,0,2756608,6291456,15659,4934,20763,17781,62875,6479872,5521408,3768320,0,0,0,0,1,0,0,0,0,0,0,19736,4569,8550,515,4419,0,0,0,0,5,0,0,0,100,3,15
B,284006,0,64439044,10847659,21082,5079,9396224,1048576,524288,540672,0,2494464,6291456,15673,4941,20803,17866,63041,4198400,5197824,3756032,40960,0,0,0,1,0,0,0,0,0,0,19767,4575,8579,515,4426,0,0,0,0,5,0,0,0,0,3,14
B,286033,0,64526084,10871211,21109,5088,9502720,1048576,524288,647168,0,2494464,6291456,15707,4950,20830,17952,63170,4304896,5197824,3862528,0,0,0,0,1,0,0,0,0,0,0,19793,4578,8591,518,4432,0,0,0,0,5,0,0,0,0,3,14
B,288002,0,64526084,10871211,21109,5088,9502720,1048576,524288,647168,0,2494464,6291456,15707,4950,20830,17968,63199,4304896,5197824,3862528,0,0,0,0,1,0,0,0,0,0,0,19793,4578,8591,518,4432,0,0,0,0,5,0,0,0,0,3,14
B,290007,0,64526084,10871211,21109,5088,9502720,1048576,524288,647168,0,2494464,6291456,15707,4950,20830,17984,63215,4304896,5197824,3862528,0,0,0,0,1,0,0,0,0,0,0,19793,4578,8591,518,4432,0,0,0,0,5,0,0,0,0,3,14
B,292012,0,64526084,10871211,21109,5088,9502720,1048576,524288,647168,0,2494464,6291456,15707,4950,20830,18000,63231,4304896,5197824,3862528,0,0,0,0,1,0,0,0,0,0,0,19793,4578,8591,518,4432,0,0,0,0,5,0,0,0,1,3,14
B,294004,0,64526084,10871211,21109,5088,9502720,1048576,524288,647168,0,2494464,6291456,15707,4950,20830,18016,63247,4304896,5197824,3862528,0,0,0,0,1,0,0,0,0,0,0,19793,4578,8591,518,4432,0,0,0,0,5,0,0,0,1,3,14
B,296037,4096,64729348,10966051,21205,5127,9502720,1048576,524288,647168,0,2613248,6291456,15765,4988,20926,18283,63644,4304896,5197824,3862528,0,0,0,0,1,0,0,0,0,0,0,19936,4580,8685,521,4467,0,0,0,0,5,0,0,0,71,3,14
B,298015,4096,64769796,10967075,21221,5128,9494528,1048576,524288,638976,0,2555904,6291456,15778,4989,20942,18331,63776,4296704,5197824,3854336,0,0,0,0,1,0,0,0,0,0,0,19942,4583,8696,521,4468,0,0,0,0,5,0,0,0,18,3,14
B,300005,0,64769796,10967075,21221,5128,9494528,1048576,524288,638976,0,2555904,6291456,15778,4989,20942,18353,63798,4296704,5197824,3854336,0,0,0,0,1,0,0,0,0,0,0,19942,4583,8696,521,4468,0,0,0,0,5,0,0,0,1,3,14
