label,ms,VFAT\DirtyData,VFAT\BReadsSec,VFAT\BWritesSec,VFAT\ReadsSec,VFAT\WritesSec,VMM\cpgCommit,VMM\cpgDiskcacheMac,VMM\cpgDiskcacheMin,VMM\cpgDiskcache,VMM\cpgSwapfileDefective,VMM\cpgSwapfileInUse,VMM\cpgSwapfile,VMM\cDiscards,VMM\cPageOuts,VMM\cPageIns,VMM\cInstanceFaults,VMM\cPageFaults,VMM\cpgOther,VMM\cpgSwap,VMM\cpgLocked,VMM\cpgFree,SMBRedir\NumOpenFiles,SMBRedir\NumResources,SMBRedir\NumSess,SMBRedir\NumNets,SMBRedir\BWritesSec,SMBRedir\BReadsSec,SMBRedir\XactSec,SWAPCOMP\ChecksumErrors,SWAPCOMP\Contention,SWAPCOMP\Fallback,SWAPCOMP\Errors,SWAPCOMP\SectorsSaved,SWAPCOMP\RawReads,SWAPCOMP\CompressedReads,SWAPCOMP\RawWrites,SWAPCOMP\CompressedWrites,Nwlink\SITEntries,Nwlink\RIT_Entries,Nwlink\SPX_PacketsIn,Nwlink\SPX_SendPackets,Nwlink\IPX_SocketsOpen,Nwlink\IPX_PacketsLost,Nwlink\IPX_PacketsIn,Nwlink\IPX_Sends,KERNEL\CPUUsage,KERNEL\VMs,KERNEL\Threads
C,0,4096,7603541,2348454,2218,850,9150464,1048576,524288,536576,0,2236416,4722688,999,750,1964,1919,4985,4091904,5058560,3760128,0,0,0,0,1,0,0,0,0,0,0,0,2553,342,393,220,530,0,0,0,0,5,0,0,0,100,3,15
C,2019,0,8000341,2425766,2353,887,9150464,1048576,524288,536576,0,2289664,4722688,1097,787,2099,2012,5359,4091904,5058560,3760128,0,0,0,0,1,0,0,0,0,0,0,0,2702,362,461,225,563,0,0,0,0,5,0,0,0,100,3,15
C,4202,4096,8568300,2609310,2570,945,9175040,1048576,524288,536576,0,2371584,4722688,1256,843,2319,2378,6044,4108288,5066752,3760128,0,0,0,0,1,0,0,0,0,0,0,0,2892,399,595,242,602,0,0,0,0,5,0,0,0,100,3,15
C,6009,4096,8668652,2634910,2600,960,9175040,1048576,524288,536576,0,2392064,4722688,1271,858,2349,2424,6173,4108288,5066752,3760128,0,0,0,0,1,0,0,0,0,0,0,0,2962,430,608,243,615,0,0,0,0,5,0,0,0,100,3,15
C,8047,0,9174508,2704542,2764,993,9285632,1048576,524288,643072,0,2420736,4722688,1429,891,2513,2718,6681,4214784,5070848,3866624,0,0,0,0,1,0,0,0,0,0,0,0,3090,460,675,248,643,0,0,0,0,5,0,0,0,100,3,15
C,10018,0,9562688,2736798,2892,1009,9187328,1048576,524288,536576,0,2363392,4722688,1509,907,2648,3016,7498,4108288,5079040,3760128,0,0,0,0,1,0,0,0,0,0,0,0,3155,490,716,251,656,0,0,0,0,5,0,0,0,100,3,15
C,12033,0,9656779,2743454,2958,1014,9187328,1048576,524288,536576,0,2342912,4722688,1536,912,2728,3321,8342,4108288,5079040,3760128,0,0,0,0,1,0,0,0,0,0,0,0,3182,491,729,251,661,0,0,0,0,5,0,0,0,100,3,15
C,14008,0,9782219,2756254,2997,1021,9166848,1048576,524288,536576,0,2359296,4722688,1565,919,2767,3421,8551,4108288,5058560,3751936,0,0,0,0,1,0,0,0,0,0,0,0,3213,501,742,252,667,0,0,0,0,5,0,0,0,0,3,14
C,16000,0,9782219,2756254,2997,1021,9166848,1048576,524288,536576,0,2359296,4722688,1565,919,2767,3437,8567,4108288,5058560,3751936,0,0,0,0,1,0,0,0,0,0,0,0,3213,501,742,252,667,0,0,0,0,5,0,0,0,0,3,14
C,18018,4096,10093875,2781854,3113,1041,9248768,1048576,524288,643072,0,2347008,4722688,1675,939,2878,3570,8841,4198400,5050368,3858432,0,0,0,0,1,0,0,0,0,0,0,0,3323,528,790,252,687,0,0,0,0,5,0,0,0,74,3,14
C,20002,0,10317867,2803870,3183,1051,9170944,1048576,524288,536576,0,2359296,4722688,1705,949,2948,3713,9200,4108288,5062656,3751936,0,0,0,0,1,0,0,0,0,0,0,0,3360,542,806,252,697,0,0,0,0,5,0,0,0,100,3,14
C,22007,0,10632078,2883230,3274,1082,9531392,1048576,524288,643072,0,2433024,5242880,1803,979,3014,4057,9664,4214784,5316608,3887104,0,0,0,0,1,0,0,0,0,0,0,0,3445,555,846,260,719,0,0,0,0,5,0,0,0,100,3,14
C,24008,0,10914765,2985630,3329,1136,9723904,1048576,524288,643072,0,2613248,5242880,1863,1033,3063,4315,10120,4214784,5509120,3887104,0,0,0,0,1,0,0,0,0,0,0,0,3675,566,873,266,768,0,0,0,0,5,0,0,0,100,3,14
C,26001,0,11219896,3099294,3424,1182,9588736,1048576,524288,536576,0,2641920,5242880,1873,1079,3159,4598,10564,4108288,5480448,3788800,0,0,0,0,1,0,0,0,0,0,0,0,3823,596,916,273,806,0,0,0,0,5,0,0,0,100,3,15
C,28087,0,11647655,3213470,3490,1237,9826304,1048576,524288,536576,0,2797568,5242880,1931,1134,3214,4825,10885,4108288,5718016,3788800,0,0,0,0,1,0,0,0,0,0,0,0,4040,628,939,281,853,0,0,0,0,5,0,0,0,100,3,15
C,30529,0,11943174,3414686,3555,1313,10059776,1048576,524288,622592,0,3047424,5767168,1972,1209,3273,5131,11293,4198400,5861376,3878912,0,0,0,0,1,0,0,0,0,0,0,0,4247,651,969,289,920,0,0,0,0,5,0,0,0,100,3,15
C,32015,0,12171718,3484318,3630,1340,9990144,1048576,524288,536576,0,3067904,5767168,1992,1236,3337,5334,11711,4112384,5877760,3792896,0,0,0,0,1,0,0,0,0,0,0,0,4329,687,991,291,946,0,0,0,0,5,0,0,0,100,3,15
C,34046,0,12514777,3571870,3833,1379,10027008,1048576,524288,536576,0,3162112,5767168,2061,1275,3436,5435,12034,4112384,5914624,3792896,0,0,0,0,1,0,0,0,0,0,0,0,4468,729,1045,293,982,0,0,0,0,5,0,0,0,100,3,15
C,36037,0,12731579,3634334,3911,1404,10027008,1048576,524288,536576,0,3207168,5767168,2112,1300,3512,5461,12243,4112384,5914624,3792896,0,0,0,0,1,0,0,0,0,0,0,0,4546,745,1091,295,1005,0,0,0,0,5,0,0,0,100,3,15
C,38168,0,13130779,3692190,4048,1437,10035200,1048576,524288,536576,0,3162112,5767168,2213,1333,3644,5509,12579,4112384,5922816,3792896,0,0,0,0,1,0,0,0,0,0,0,0,4699,797,1158,298,1036,0,0,0,0,5,0,0,0,100,3,15
C,40004,0,13327517,3737246,4116,1458,10035200,1048576,524288,536576,0,3219456,5767168,2258,1354,3710,5525,12740,4112384,5922816,3792896,0,0,0,0,1,0,0,0,0,0,0,0,4777,815,1191,300,1054,0,0,0,0,5,0,0,0,100,3,15
C,42204,0,13766669,3830960,4270,1499,10940416,1048576,524288,536576,0,3260416,6291456,2370,1393,3868,5580,13049,4886528,6053888,3805184,0,0,0,0,1,0,0,0,0,0,0,0,4906,842,1242,307,1086,0,0,0,0,5,0,0,0,100,3,16
C,44028,0,13971037,3874480,4360,1522,12615680,1048576,524288,536576,0,3342336,6815744,2410,1415,3954,5615,13201,6402048,6213632,3809280,0,0,0,0,1,0,0,0,0,0,0,0,4997,849,1248,308,1107,0,0,0,0,5,0,0,0,100,3,16
C,46048,0,14433373,3946160,4506,1552,12685312,1048576,524288,536576,0,3403776,6815744,2532,1445,4108,5647,13445,6402048,6283264,3809280,0,0,0,0,1,0,0,0,0,0,0,0,5109,888,1307,318,1130,0,0,0,0,5,0,0,0,100,3,16
C,48026,0,14899413,4022448,4660,1590,12685312,1048576,524288,536576,0,3371008,6815744,2647,1483,4262,5679,13767,6402048,6283264,3809280,0,0,0,0,1,0,0,0,0,0,0,0,5252,915,1361,321,1162,0,0,0,0,5,0,0,0,100,3,16
C,50007,0,15087829,4078768,4715,1618,12808192,1048576,524288,643072,0,3440640,6815744,2707,1511,4325,5704,13873,6508544,6299648,3915776,0,0,0,0,1,0,0,0,0,0,0,0,5366,917,1372,323,1188,0,0,0,0,5,0,0,0,100,3,16
C,52105,0,15611093,4165296,4876,1660,12832768,1048576,524288,643072,0,3514368,6815744,2838,1553,4494,5745,14142,6508544,6324224,3915776,0,0,0,0,1,0,0,0,0,0,0,0,5542,953,1427,330,1226,0,0,0,0,5,0,0,0,100,3,16
C,54238,0,15970005,4230832,4986,1696,12943360,1048576,524288,749568,0,3584000,6815744,2943,1589,4609,5779,14400,6615040,6328320,4022272,0,0,0,0,1,0,0,0,0,0,0,0,5698,982,1467,333,1257,0,0,0,0,5,0,0,0,100,3,16
C,56128,0,16513749,4274864,5155,1718,12730368,1048576,524288,536576,0,3584000,6815744,3039,1611,4779,5811,14771,6402048,6328320,3809280,0,0,0,0,1,0,0,0,0,0,0,0,5785,1051,1544,334,1278,0,0,0,0,5,0,0,0,100,3,16
C,58147,0,17001650,4354224,5313,1758,12849152,1048576,524288,643072,0,3596288,6815744,3184,1651,4938,5852,15105,6508544,6340608,3915776,0,0,0,0,1,0,0,0,0,0,0,0,5957,1080,1609,335,1319,0,0,0,0,5,0,0,0,100,3,16
C,60031,0,17249458,4370608,5388,1765,12742656,1048576,524288,536576,0,3579904,6815744,3226,1658,5013,5861,15240,6402048,6340608,3809280,0,0,0,0,1,0,0,0,0,0,0,0,5972,1107,1632,335,1323,0,0,0,0,5,0,0,0,100,3,16
C,62027,12288,17703970,4425490,5541,1795,12951552,1048576,524288,536576,0,3563520,6815744,3348,1687,5166,5894,15535,6594560,6356992,3809280,0,0,0,0,1,0,0,0,0,0,0,0,6117,1129,1695,335,1353,0,0,0,0,5,0,0,0,100,3,16
C,64427,0,18315810,4527378,5725,1847,12976128,1048576,524288,536576,0,3571712,6815744,3488,1739,5352,5942,16022,6594560,6381568,3809280,0,0,0,0,1,0,0,0,0,0,0,0,6328,1191,1761,340,1399,0,0,0,0,5,0,0,0,100,3,16
C,66078,0,18483234,4566802,5780,1865,12988416,1048576,524288,536576,0,3620864,6815744,3528,1757,5410,5958,16200,6594560,6397952,3809280,0,0,0,0,1,0,0,0,0,0,0,0,6429,1205,1788,343,1420,0,0,0,0,5,0,0,0,100,3,16
C,68311,0,19197439,4679954,5995,1924,13103104,1048576,524288,643072,0,3661824,6815744,3711,1816,5627,6007,16586,6701056,6402048,3915776,0,0,0,0,1,0,0,0,0,0,0,0,6646,1246,1855,345,1471,0,0,0,0,5,0,0,0,100,3,16
C,70299,0,19374591,4706066,6049,1937,13103104,1048576,524288,643072,0,3682304,6815744,3752,1829,5681,6014,16712,6701056,6402048,3915776,0,0,0,0,1,0,0,0,0,0,0,0,6699,1254,1870,346,1483,0,0,0,0,5,0,0,0,100,3,16
C,72213,0,20254719,4770066,6320,1971,13000704,1048576,524288,536576,0,3653632,6815744,3964,1863,5952,6078,17534,6594560,6410240,3809280,0,0,0,0,1,0,0,0,0,0,0,0,6864,1357,1971,347,1519,0,0,0,0,5,0,0,0,100,3,16
C,74067,0,20284927,4773138,6329,1974,13004800,1048576,524288,536576,0,3661824,6815744,3970,1866,5961,6078,17534,6594560,6410240,3809280,0,0,0,0,1,0,0,0,0,0,0,0,6864,1366,1973,347,1519,0,0,0,0,5,0,0,0,100,3,16
C,76164,0,20989179,4834066,6541,2000,13111296,1048576,524288,536576,0,3653632,6815744,4160,1892,6172,6120,18063,6680576,6430720,3809280,0,0,0,0,1,0,0,0,0,0,0,0,6967,1419,2042,349,1546,0,0,0,0,5,0,0,0,100,3,16
C,78190,0,21794043,4966162,6784,2063,13332480,1048576,524288,749568,0,3739648,6815744,4394,1955,6415,6175,18658,6897664,6434816,4026368,0,0,0,0,1,0,0,0,0,0,0,0,7205,1483,2122,354,1604,0,0,0,0,5,0,0,0,100,3,16
C,80899,0,21965051,4975378,6834,2066,13225984,1048576,524288,643072,0,3735552,6815744,4415,1958,6465,6175,18761,6791168,6434816,3919872,0,0,0,0,1,0,0,0,0,0,0,0,7205,1493,2127,354,1604,0,0,0,0,5,0,0,0,100,3,16
C,82318,0,22728443,5022482,7071,2092,13119488,1048576,524288,536576,0,3674112,6815744,4600,1984,6702,6223,19310,6684672,6434816,3813376,0,0,0,0,1,0,0,0,0,0,0,0,7321,1575,2214,356,1628,0,0,0,0,5,0,0,0,100,3,16
C,84102,0,22778107,5022482,7086,2092,13119488,1048576,524288,536576,0,3657728,6815744,4615,1984,6717,6223,19427,6684672,6434816,3813376,0,0,0,0,1,0,0,0,0,0,0,0,7331,1578,2225,356,1630,0,0,0,0,5,0,0,0,100,3,16
C,86412,0,23470331,5107986,7303,2135,13135872,1048576,524288,536576,0,3665920,6815744,4793,2027,6938,6271,19930,6684672,6451200,3821568,0,0,0,0,1,0,0,0,0,0,0,0,7505,1640,2298,361,1668,0,0,0,0,5,0,0,0,100,3,17
C,88055,0,23683835,5144850,7391,2154,13144064,1048576,524288,536576,0,3678208,6815744,4864,2046,7028,6300,20138,6684672,6459392,3821568,0,0,0,0,1,0,0,0,0,0,0,0,7566,1652,2323,363,1683,0,0,0,0,5,0,0,0,100,3,17
C,90230,4096,24206075,5196584,7547,2181,13144064,1048576,524288,536576,0,3678208,6815744,4994,2072,7184,6329,20429,6684672,6459392,3821568,0,0,0,0,1,0,0,0,0,0,0,0,7688,1686,2399,365,1708,0,0,0,0,5,0,0,0,100,3,17
C,92347,0,24586579,5246760,7675,2210,13279232,1048576,524288,536576,0,3715072,6815744,5097,2101,7320,6363,20759,6733824,6545408,3833856,0,0,0,0,1,0,0,0,0,0,0,0,7819,1699,2445,366,1735,0,0,0,0,5,0,0,0,100,3,18
C,94023,0,25047891,5298984,7816,2238,13275136,1048576,524288,536576,0,3686400,6815744,5211,2129,7464,6386,21124,6733824,6541312,3833856,0,0,0,0,1,0,0,0,0,0,0,0,7947,1747,2502,369,1763,0,0,0,0,5,0,0,0,100,3,18
C,96026,0,25493056,5374760,7970,2269,13275136,1048576,524288,536576,0,3723264,6815744,5334,2160,7619,6418,21555,6733824,6541312,3833856,0,0,0,0,1,0,0,0,0,0,0,0,8041,1777,2562,372,1788,0,0,0,0,5,0,0,0,100,3,18
C,98015,0,25871457,5410088,8089,2293,13295616,1048576,524288,536576,0,3715072,6815744,5432,2184,7736,6450,21947,6733824,6561792,3833856,0,0,0,0,1,0,0,0,0,0,0,0,8164,1819,2608,373,1811,0,0,0,0,5,0,0,0,100,3,18
C,100161,0,26267006,5487400,8231,2326,13307904,1048576,524288,536576,0,3772416,6815744,5543,2217,7879,6484,22370,6733824,6574080,3833856,0,0,0,0,1,0,0,0,0,0,0,0,8295,1830,2694,378,1843,0,0,0,0,5,0,0,0,100,3,18
C,102001,0,26665342,5530920,8361,2349,13320192,1048576,524288,536576,0,3768320,6815744,5652,2240,8008,6516,22723,6733824,6586368,3833856,0,0,0,0,1,0,0,0,0,0,0,0,8376,1863,2741,379,1861,0,0,0,0,5,0,0,0,100,3,18
C,104282,4096,27140790,5602622,8528,2388,13324288,1048576,524288,536576,0,3788800,6815744,5780,2278,8174,6557,23207,6733824,6590464,3833856,0,0,0,0,1,0,0,0,0,0,0,0,8540,1904,2819,380,1898,0,0,0,0,5,0,0,0,100,3,18
C,106077,0,27538982,5652798,8664,2415,13983744,1048576,524288,536576,0,3796992,7340032,5889,2304,8320,6591,23547,7122944,6860800,3846144,0,0,0,0,1,0,0,0,0,0,0,0,8653,1916,2867,381,1924,0,0,0,0,5,0,0,0,100,3,19
C,108006,0,27730470,5686590,8729,2427,13983744,1048576,524288,536576,0,3817472,7340032,5954,2316,8399,6616,23722,7122944,6860800,3846144,0,0,0,0,1,0,0,0,0,0,0,0,8680,1936,2899,386,1930,0,0,0,0,5,0,0,0,100,3,19
C,110032,0,28245542,5760830,8884,2462,14053376,1048576,524288,536576,0,3887104,7340032,6068,2351,8548,6648,24118,7122944,6930432,3846144,0,0,0,0,1,0,0,0,0,0,0,0,8815,1965,2939,391,1960,0,0,0,0,5,0,0,0,100,3,19
C,112026,0,28578854,5807422,8985,2484,14053376,1048576,524288,536576,0,3932160,7340032,6147,2373,8649,6671,24308,7122944,6930432,3846144,0,0,0,0,1,0,0,0,0,0,0,0,8900,2007,2978,394,1979,0,0,0,0,5,0,0,0,100,3,19
C,114138,0,29055763,5897022,9150,2523,14053376,1048576,524288,536576,0,3911680,7340032,6274,2412,8816,6712,24677,7122944,6930432,3846144,0,0,0,0,1,0,0,0,0,0,0,0,9037,2039,3051,398,2014,0,0,0,0,5,0,0,0,100,3,19
C,116023,0,29265171,5922622,9215,2539,14053376,1048576,524288,536576,0,3940352,7340032,6325,2428,8886,6737,24854,7122944,6930432,3846144,0,0,0,0,1,0,0,0,0,0,0,0,9115,2045,3071,399,2029,0,0,0,0,5,0,0,0,100,3,19
C,118176,0,29778707,5986110,9374,2574,14180352,1048576,524288,643072,0,3973120,7340032,6486,2463,9052,6778,25204,7229440,6950912,3952640,0,0,0,0,1,0,0,0,0,0,0,0,9298,2077,3126,402,2067,0,0,0,0,5,0,0,0,100,3,19
C,120003,0,30061331,6037310,9456,2600,14180352,1048576,524288,643072,0,4050944,7340032,6542,2489,9134,6801,25487,7229440,6950912,3952640,0,0,0,0,1,0,0,0,0,0,0,0,9379,2092,3150,406,2084,0,0,0,0,5,0,0,0,100,3,19
C,122035,0,30633235,6063934,9641,2617,14073856,1048576,524288,536576,0,4026368,7340032,6684,2506,9319,6833,25924,7122944,6950912,3846144,0,0,0,0,1,0,0,0,0,0,0,0,9463,2132,3218,406,2100,0,0,0,0,5,0,0,0,100,3,19
C,124027,12288,30975251,6118594,9761,2643,14082048,1048576,524288,536576,0,4014080,7340032,6782,2531,9440,6866,26213,7122944,6959104,3846144,0,0,0,0,1,0,0,0,0,0,0,0,9580,2149,3284,407,2127,0,0,0,0,5,0,0,0,100,3,19
C,126046,4096,31337759,6169282,9886,2672,14082048,1048576,524288,536576,0,4050944,7340032,6876,2560,9563,6902,26500,7122944,6959104,3846144,0,0,0,0,1,0,0,0,0,0,0,0,9702,2171,3349,408,2152,0,0,0,0,5,0,0,0,100,3,19
C,128024,0,31855903,6209218,10046,2694,14098432,1048576,524288,536576,0,4026368,7340032,7020,2583,9726,6934,26891,7122944,6975488,3846144,0,0,0,0,1,0,0,0,0,0,0,0,9802,2217,3405,409,2174,0,0,0,0,5,0,0,0,100,3,19
C,130114,0,32344863,6268098,10196,2729,14139392,1048576,524288,536576,0,4075520,7340032,7144,2617,9875,6968,27351,7122944,7016448,3846144,0,0,0,0,1,0,0,0,0,0,0,0,9972,2265,3455,411,2207,0,0,0,0,5,0,0,0,100,3,19
C,132061,0,32758559,6309570,10335,2764,14180352,1048576,524288,536576,0,4145152,7340032,7258,2652,10014,6993,27728,7122944,7057408,3846144,0,0,0,0,1,0,0,0,0,0,0,0,10164,2299,3518,411,2241,0,0,0,0,5,0,0,0,100,3,19
C,134038,0,33340703,6358210,10512,2792,14192640,1048576,524288,536576,0,4161536,7340032,7410,2680,10191,7032,28221,7122944,7069696,3846144,0,0,0,0,1,0,0,0,0,0,0,0,10293,2344,3576,412,2268,0,0,0,0,5,0,0,0,100,3,19
C,136182,0,33729823,6414530,10654,2821,14192640,1048576,524288,536576,0,4161536,7340032,7523,2709,10333,7071,28733,7122944,7069696,3846144,0,0,0,0,1,0,0,0,0,0,0,0,10427,2376,3669,414,2299,0,0,0,0,5,0,0,0,100,3,19
C,138548,0,34503455,6501570,10909,2863,14192640,1048576,524288,536576,0,4186112,7340032,7746,2753,10599,7114,29494,7122944,7073792,3846144,0,0,0,0,1,0,0,0,0,0,0,0,10589,2426,3763,415,2338,0,0,0,0,5,0,0,0,100,3,19
C,140699,0,34604319,6505666,10941,2865,14196736,1048576,524288,536576,0,4157440,7340032,7767,2753,10620,7123,29556,7122944,7073792,3846144,0,0,0,0,1,0,0,0,0,0,0,0,10589,2431,3770,415,2338,0,0,0,0,5,0,0,0,100,3,19
C,142079,0,35012383,6569154,11081,2894,14204928,1048576,524288,536576,0,4235264,7340032,7880,2782,10762,7155,29859,7122944,7081984,3846144,0,0,0,0,1,0,0,0,0,0,0,0,10701,2442,3834,417,2366,0,0,0,0,5,0,0,0,100,3,19
C,144010,4096,35305759,6602454,11170,2914,14204928,1048576,524288,536576,0,4227072,7340032,7950,2801,10851,7185,30042,7122944,7081984,3846144,0,0,0,0,1,0,0,0,0,0,0,0,10784,2473,3866,419,2382,0,0,0,0,5,0,0,0,100,3,19
C,146343,0,35891999,6704363,11376,2967,14204928,1048576,524288,536576,0,4231168,7340032,8104,2853,11057,7245,30463,7122944,7081984,3846144,0,0,0,0,1,0,0,0,0,0,0,0,11001,2533,3989,420,2433,0,0,0,0,5,0,0,0,100,3,19
C,148117,0,36053791,6713579,11425,2973,14204928,1048576,524288,536576,0,4210688,7340032,8147,2859,11106,7254,30607,7122944,7081984,3846144,0,0,0,0,1,0,0,0,0,0,0,0,11031,2547,4006,421,2438,0,0,0,0,5,0,0,0,100,3,19
C,150383,0,37263647,6898431,11852,3065,14204928,1048576,524288,536576,0,4198400,7340032,8483,2950,11533,7369,31895,7122944,7081984,3846144,0,0,0,0,1,0,0,0,0,0,0,0,11398,2642,4204,423,2527,0,0,0,0,5,0,0,0,100,3,19
C,154813,0,37340959,6898431,11853,3065,14204928,1048576,524288,536576,0,4198400,7340032,8484,2950,11534,7369,31895,7122944,7081984,3846144,0,0,0,0,1,0,0,0,0,0,0,0,11398,2642,4204,423,2527,0,0,0,0,5,0,0,0,100,3,19
C,154834,0,37340959,6898431,11853,3065,14204928,1048576,524288,536576,0,4198400,7340032,8484,2950,11534,7369,31895,7122944,7081984,3846144,0,0,0,0,1,0,0,0,0,0,0,0,11398,2642,4204,423,2527,0,0,0,0,5,0,0,0,100,3,19
C,156012,4096,37623071,6953751,11956,3096,14311424,1048576,524288,643072,0,4206592,7340032,8583,2980,11637,7403,32196,7229440,7081984,3952640,0,0,0,0,1,0,0,0,0,0,0,0,11535,2656,4259,424,2557,0,0,0,0,5,0,0,0,100,3,19
C,158087,4096,38094111,6985007,12114,3116,14204928,1048576,524288,536576,0,4173824,7340032,8696,2999,11795,7448,32834,7122944,7081984,3846144,0,0,0,0,1,0,0,0,0,0,0,0,11638,2700,4335,424,2578,0,0,0,0,5,0,0,0,100,3,19
C,161059,0,38859039,7065391,12365,3155,14204928,1048576,524288,536576,0,4173824,7340032,8909,3038,12047,7491,33677,7122944,7081984,3846144,0,0,0,0,1,0,0,0,0,0,0,0,11796,2753,4453,426,2617,0,0,0,0,5,0,0,0,100,3,19
C,163473,0,38980895,7084847,12409,3165,14204928,1048576,524288,536576,0,4190208,7340032,8943,3048,12091,7507,33771,7122944,7081984,3846144,0,0,0,0,1,0,0,0,0,0,0,0,11818,2758,4461,426,2622,0,0,0,0,5,0,0,0,100,3,19
C,164022,0,39064863,7097647,12438,3172,14204928,1048576,524288,536576,0,4186112,7340032,8965,3055,12120,7507,33887,7122944,7081984,3846144,0,0,0,0,1,0,0,0,0,0,0,0,11849,2761,4473,426,2629,0,0,0,0,5,0,0,0,100,3,19
C,166236,0,39623967,7165276,12629,3207,14204928,1048576,524288,536576,0,4169728,7340032,9123,3088,12311,7570,34422,7122944,7081984,3846144,0,0,0,0,1,0,0,0,0,0,0,0,12007,2820,4586,426,2668,0,0,0,0,5,0,0,0,100,3,19
C,168009,0,39763743,7206236,12678,3225,14204928,1048576,524288,536576,0,4214784,7340032,9154,3106,12360,7577,34492,7122944,7081984,3846144,0,0,0,0,1,0,0,0,0,0,0,0,12045,2828,4608,427,2679,0,0,0,0,5,0,0,0,100,3,19
C,170473,0,40823583,7349616,13021,3292,14204928,1048576,524288,536576,0,4173824,7340032,9431,3172,12703,7663,35634,7122944,7081984,3846144,0,0,0,0,1,0,0,0,0,0,0,0,12303,2906,4767,430,2744,0,0,0,0,5,0,0,0,100,3,19
C,173577,0,40879903,7352688,13041,3294,14204928,1048576,524288,536576,0,4173824,7340032,9449,3174,12723,7663,35634,7122944,7081984,3846144,0,0,0,0,1,0,0,0,0,0,0,0,12303,2907,4769,430,2744,0,0,0,0,5,0,0,0,100,3,19
C,174044,0,40959775,7364464,13065,3299,14204928,1048576,524288,536576,0,4165632,7340032,9468,3179,12747,7663,35759,7122944,7081984,3846144,0,0,0,0,1,0,0,0,0,0,0,0,12320,2911,4779,431,2748,0,0,0,0,5,0,0,0,100,3,19
C,176036,4096,41429279,7410080,13229,3330,14204928,1048576,524288,536576,0,4182016,7340032,9603,3208,12911,7720,36357,7122944,7081984,3846144,0,0,0,0,1,0,0,0,0,0,0,0,12466,2946,4854,431,2778,0,0,0,0,5,0,0,0,100,3,19
C,178026,4096,41798431,7440800,13353,3348,14204928,1048576,524288,536576,0,4206592,7340032,9709,3226,13035,7745,36721,7122944,7081984,3846144,0,0,0,0,1,0,0,0,0,0,0,0,12547,2970,4910,431,2795,0,0,0,0,5,0,0,0,100,3,19
C,180407,0,42683679,7543712,13661,3399,14204928,1048576,524288,536576,0,4210688,7340032,9966,3277,13343,7800,37458,7122944,7081984,3846144,0,0,0,0,1,0,0,0,0,0,0,0,12754,3022,5053,433,2844,0,0,0,0,5,0,0,0,100,3,19
C,182941,0,42688799,7543712,13665,3399,14204928,1048576,524288,536576,0,4210688,7340032,9970,3277,13347,7806,37478,7122944,7081984,3846144,0,0,0,0,1,0,0,0,0,0,0,0,12754,3022,5055,433,2846,0,0,0,0,5,0,0,0,100,3,19
C,184015,4096,42829599,7560684,13713,3412,14204928,1048576,524288,536576,0,4214784,7340032,10009,3286,13395,7855,37631,7122944,7081984,3846144,0,0,0,0,1,0,0,0,0,0,0,0,12793,3026,5074,433,2853,0,0,0,0,5,0,0,0,100,3,19
C,186024,4096,43100447,7655045,13835,3439,14204928,1048576,524288,536576,0,4255744,7340032,10108,3309,13517,7900,37856,7122944,7081984,3846144,0,0,0,0,1,0,0,0,0,0,0,0,12878,3028,5187,434,2875,0,0,0,0,5,0,0,0,100,3,19
C,188148,0,43679519,7752325,14025,3482,14266368,1048576,524288,598016,0,4190208,7340032,10270,3352,13707,7944,38286,7155712,7081984,3878912,0,0,0,0,1,0,0,0,0,0,0,0,13032,3104,5291,437,2915,0,0,0,0,5,0,0,0,100,3,19
C,190105,0,43883295,7768709,14091,3490,14204928,1048576,524288,536576,0,4182016,7340032,10313,3361,13780,7955,38439,7122944,7081984,3846144,0,0,0,0,1,0,0,0,0,0,0,0,13071,3125,5325,437,2924,0,0,0,0,5,0,0,0,100,3,19
C,192076,4096,44331807,7826585,14242,3517,14204928,1048576,524288,536576,0,4173824,7340032,10438,3386,13924,8003,38890,7122944,7081984,3846144,0,0,0,0,1,0,0,0,0,0,0,0,13159,3150,5395,439,2947,0,0,0,0,5,0,0,0,100,3,19
C,194283,0,45120799,7919257,14503,3566,14204928,1048576,524288,536576,0,4194304,7340032,10650,3435,14185,8058,39604,7122944,7081984,3846144,0,0,0,0,1,0,0,0,0,0,0,0,13370,3210,5509,439,2996,0,0,0,0,5,0,0,0,100,3,19
C,196435,0,45144351,7924377,14513,3568,14204928,1048576,524288,536576,0,4202496,7340032,10658,3437,14195,8063,39625,7122944,7081984,3846144,0,0,0,0,1,0,0,0,0,0,0,0,13376,3210,5516,440,2997,0,0,0,0,5,0,0,0,100,3,19
C,198040,4096,45454111,7974065,14625,3598,14311424,1048576,524288,643072,0,4210688,7340032,10767,3466,14307,8102,39952,7229440,7081984,3952640,0,0,0,0,1,0,0,0,0,0,0,0,13511,3226,5577,440,3026,0,0,0,0,5,0,0,0,100,3,19
C,200069,4096,45935391,8008393,14788,3619,14204928,1048576,524288,536576,0,4186112,7340032,10884,3486,14470,8152,40498,7122944,7081984,3846144,0,0,0,0,1,0,0,0,0,0,0,0,13604,3271,5653,440,3046,0,0,0,0,5,0,0,0,100,3,19
C,202534,0,46655263,8096457,15033,3659,14204928,1048576,524288,536576,0,4198400,7340032,11089,3526,14715,8197,41249,7122944,7081984,3846144,0,0,0,0,1,0,0,0,0,0,0,0,13757,3314,5769,442,3085,0,0,0,0,5,0,0,0,100,3,19
C,204906,0,46692127,8102089,15045,3662,14204928,1048576,524288,536576,0,4198400,7340032,11098,3529,14727,8197,41295,7122944,7081984,3846144,0,0,0,0,1,0,0,0,0,0,0,0,13765,3315,5774,442,3087,0,0,0,0,5,0,0,0,100,3,19
C,206553,4096,47079199,8141046,15181,3682,14204928,1048576,524288,536576,0,4202496,7340032,11216,3547,14863,8254,41748,7122944,7081984,3846144,0,0,0,0,1,0,0,0,0,0,0,0,13833,3340,5837,442,3105,0,0,0,0,5,0,0,0,100,3,19
C,208017,4096,47303693,8178934,15249,3700,14245888,1048576,524288,548864,0,4247552,7340032,11273,3565,14928,8273,41854,7139328,7106560,3862528,0,0,0,0,1,0,0,0,0,0,0,0,13903,3365,5873,443,3122,0,0,0,0,5,0,0,0,100,3,19
C,210025,0,47762976,8239862,15401,3727,14221312,1048576,524288,536576,0,4182016,7340032,11392,3592,15079,8305,42145,7122944,7098368,3846144,0,0,0,0,1,0,0,0,0,0,0,0,14004,3431,5955,447,3150,0,0,0,0,5,0,0,0,100,3,19
C,212015,0,48176160,8334070,15538,3767,14209024,1048576,524288,536576,0,4210688,7340032,11487,3632,15216,8337,42385,7122944,7086080,3846144,0,0,0,0,1,0,0,0,0,0,0,0,14136,3474,6021,451,3181,0,0,0,0,5,0,0,0,100,3,19
C,214200,0,48686112,8429302,15716,3801,13393920,1048576,524288,536576,0,3309568,7340032,11618,3666,15394,8379,42764,7122944,6270976,3809280,0,0,0,0,1,0,0,0,0,0,0,0,14227,3521,6111,459,3208,0,0,0,0,5,0,0,0,100,3,18
C,216245,0,48907296,8500982,15784,3834,13393920,1048576,524288,536576,0,3399680,7340032,11653,3699,15462,8395,42943,7122944,6270976,3809280,0,0,0,0,1,0,0,0,0,0,0,0,14361,3545,6139,461,3242,0,0,0,0,5,0,0,0,100,3,18
C,218435,0,49340960,8576758,15933,3870,13393920,1048576,524288,536576,0,3399680,7340032,11766,3735,15611,8443,43314,7122944,6270976,3809280,0,0,0,0,1,0,0,0,0,0,0,0,14486,3574,6215,462,3273,0,0,0,0,5,0,0,0,100,3,18
C,220024,0,49658912,8642294,16034,3908,13647872,1048576,524288,536576,0,3461120,7340032,11885,3780,15775,8475,43692,7122944,6524928,3809280,0,0,0,0,1,0,0,0,0,0,0,0,14718,3609,6256,464,3317,0,0,0,0,5,0,0,0,100,3,18
C,223148,0,50226208,8708342,16216,3975,13647872,1048576,524288,536576,0,3633152,7340032,12000,3840,15950,8511,44016,7122944,6524928,3809280,0,0,0,0,1,0,0,0,0,0,0,0,15071,3674,6335,464,3378,0,0,0,0,5,0,0,0,100,3,18
C,224038,0,50304641,8728822,16237,3985,13672448,1048576,524288,536576,0,3653632,7340032,12015,3850,15969,8518,44048,7122944,6549504,3809280,0,0,0,0,1,0,0,0,0,0,0,0,15109,3677,6346,464,3386,0,0,0,0,5,0,0,0,100,3,18
C,226643,0,50983041,8845558,16451,4029,13676544,1048576,524288,536576,0,3694592,7340032,12186,3894,16184,8574,44444,7122944,6553600,3813376,0,0,0,0,1,0,0,0,0,0,0,0,15233,3757,6437,473,3421,0,0,0,0,5,0,0,0,100,3,18
C,228010,0,51194497,8876278,16523,4042,13676544,1048576,524288,536576,0,3682304,7340032,12245,3907,16256,8590,44578,7122944,6553600,3813376,0,0,0,0,1,0,0,0,0,0,0,0,15277,3771,6474,474,3433,0,0,0,0,5,0,0,0,100,3,18
C,230859,0,52052097,9020150,16812,4107,13676544,1048576,524288,536576,0,3661824,7340032,12469,3972,16545,8654,45212,7122944,6553600,3813376,0,0,0,0,1,0,0,0,0,0,0,0,15550,3822,6612,482,3500,0,0,0,0,5,0,0,0,100,3,18
C,232591,0,52091521,9043702,16826,4117,13676544,1048576,524288,536576,0,3702784,7340032,12473,3982,16559,8654,45228,7122944,6553600,3813376,0,0,0,0,1,0,0,0,0,0,0,0,15550,3822,6612,482,3500,0,0,0,0,5,0,0,0,100,3,18
C,234334,0,52516481,9104630,16960,4148,13676544,1048576,524288,536576,0,3715072,7340032,12576,4013,16693,8686,45495,7122944,6553600,3813376,0,0,0,0,1,0,0,0,0,0,0,0,15679,3866,6666,485,3528,0,0,0,0,5,0,0,0,100,3,18
C,236091,4096,52922497,9161974,17102,4174,13545472,1048576,524288,536576,0,3608576,7340032,12684,4039,16835,8773,45863,7077888,6467584,3805184,0,0,0,0,1,0,0,0,0,0,0,0,15769,3910,6741,487,3552,0,0,0,0,5,0,0,0,100,3,17
C,238015,0,53355709,9201910,17254,4192,13479936,1048576,524288,536576,0,3497984,7340032,12804,4057,16979,9134,46571,7057408,6422528,3792896,0,0,0,0,1,0,0,0,0,0,0,0,15859,3949,6811,487,3574,0,0,0,0,5,0,0,0,100,3,16
C,240013,0,53657065,9271542,17349,4224,13508608,1048576,524288,536576,0,3538944,7340032,12883,4092,17093,9197,46851,7057408,6451200,3801088,0,0,0,0,1,0,0,0,0,0,0,0,15975,3981,6852,488,3604,0,0,0,0,5,0,0,0,100,3,17
C,242557,0,54350049,9381110,17587,4279,13537280,1048576,524288,536576,0,3534848,7340032,13047,4144,17309,9705,47858,7077888,6459392,3801088,0,0,0,0,1,0,0,0,0,0,0,0,16204,4027,6945,491,3656,0,0,0,0,5,0,0,0,100,3,17
C,244001,0,54467297,9386742,17622,4283,13537280,1048576,524288,536576,0,3543040,7340032,13077,4148,17344,9737,47943,7073792,6463488,3801088,0,0,0,0,1,0,0,0,0,0,0,0,16208,4033,6948,491,3657,0,0,0,0,5,0,0,0,100,3,17
C,246178,0,55087841,9445622,17823,4323,13537280,1048576,524288,536576,0,3543040,7340032,13241,4188,17550,10156,48886,7073792,6463488,3801088,0,0,0,0,1,0,0,0,0,0,0,0,16421,4091,7034,492,3698,0,0,0,0,5,0,0,0,100,3,17
C,248060,4096,55255777,9536277,17882,4342,13537280,1048576,524288,536576,0,3559424,7340032,13284,4204,17609,10317,49191,7073792,6463488,3801088,0,0,0,0,1,0,0,0,0,0,0,0,16465,4103,7060,492,3712,0,0,0,0,5,0,0,0,100,3,17
C,250141,0,55763169,9605397,18058,4378,13537280,1048576,524288,536576,0,3559424,7340032,13424,4240,17785,10775,50234,7073792,6463488,3801088,0,0,0,0,1,0,0,0,0,0,0,0,16618,4145,7147,493,3747,0,0,0,0,5,0,0,0,100,3,17
C,252284,0,56089313,9641237,18174,4395,13537280,1048576,524288,536576,0,3575808,7340032,13523,4257,17901,11012,50704,7073792,6463488,3801088,0,0,0,0,1,0,0,0,0,0,0,0,16684,4164,7205,493,3764,0,0,0,0,5,0,0,0,100,3,17
C,254103,0,56386273,9667861,18274,4411,13537280,1048576,524288,536576,0,3559424,7340032,13614,4273,18008,11264,51208,7073792,6463488,3801088,0,0,0,0,1,0,0,0,0,0,0,0,16760,4179,7251,493,3780,0,0,0,0,5,0,0,0,100,3,17
C,256009,0,56794337,9706261,18398,4428,13537280,1048576,524288,536576,0,3551232,7340032,13714,4290,18125,11537,51691,7073792,6463488,3801088,0,0,0,0,1,0,0,0,0,0,0,0,16833,4211,7298,494,3798,0,0,0,0,5,0,0,0,100,3,17
C,258190,0,57196769,9765141,18540,4462,13533184,1048576,524288,536576,0,3526656,7340032,13821,4324,18267,11913,52538,7073792,6459392,3801088,0,0,0,0,1,0,0,0,0,0,0,0,16993,4232,7370,496,3832,0,0,0,0,5,0,0,0,100,3,17
C,260077,0,57572065,9821973,18675,4493,13516800,1048576,524288,536576,0,3559424,7340032,13923,4355,18402,12206,53160,7073792,6443008,3801088,0,0,0,0,1,0,0,0,0,0,0,0,17115,4245,7430,496,3859,0,0,0,0,5,0,0,0,100,3,17
C,262219,0,58024161,9908501,18840,4538,13516800,1048576,524288,536576,0,3563520,7340032,14043,4400,18567,12563,54068,7073792,6406144,3801088,0,0,0,0,1,0,0,0,0,0,0,0,17359,4291,7541,499,3910,0,0,0,0,5,0,0,0,100,3,17
C,264067,0,58284257,9921301,18925,4549,13479936,1048576,524288,536576,0,3506176,7340032,14117,4411,18652,12703,54238,7073792,6406144,3801088,0,0,0,0,1,0,0,0,0,0,0,0,17369,4294,7552,499,3912,0,0,0,0,5,0,0,0,100,3,17
C,266115,0,58754273,9981717,19097,4580,13479936,1048576,524288,536576,0,3530752,7340032,14258,4442,18824,13060,54995,7073792,6406144,3801088,0,0,0,0,1,0,0,0,0,0,0,0,17519,4323,7653,500,3945,0,0,0,0,5,0,0,0,100,3,17
C,268151,0,59213537,10035477,19249,4611,13234176,1048576,524288,536576,0,3440640,7340032,14375,4473,18976,13426,55689,6881280,6352896,3801088,0,0,0,0,1,0,0,0,0,0,0,0,17646,4343,7716,500,3974,0,0,0,0,5,0,0,0,100,3,17
C,270016,0,59400929,10064661,19317,4625,13234176,1048576,524288,536576,0,3440640,7340032,14429,4487,19044,13602,56078,6881280,6352896,3801088,0,0,0,0,1,0,0,0,0,0,0,0,17702,4352,7752,500,3989,0,0,0,0,5,0,0,0,100,3,17
C,272018,0,59874529,10125589,19468,4657,13234176,1048576,524288,536576,0,3448832,7340032,14551,4519,19198,13929,56763,6881280,6352896,3801088,0,0,0,0,1,0,0,0,0,0,0,0,17834,4386,7812,501,4018,0,0,0,0,5,0,0,0,100,3,17
C,274259,0,60274401,10182421,19604,4685,13234176,1048576,524288,536576,0,3457024,7340032,14659,4547,19334,14261,57448,6881280,6352896,3801088,0,0,0,0,1,0,0,0,0,0,0,0,17968,4411,7874,502,4049,0,0,0,0,5,0,0,0,100,3,17
C,276233,0,60702433,10258709,19755,4722,13234176,1048576,524288,536576,0,3452928,7340032,14773,4584,19485,14626,58218,6881280,6352896,3801088,0,0,0,0,1,0,0,0,0,0,0,0,18107,4431,7957,503,4083,0,0,0,0,5,0,0,0,100,3,17
C,278001,0,60914913,10287893,19823,4738,13234176,1048576,524288,536576,0,3452928,7340032,14825,4600,19553,14792,58531,6881280,6352896,3801088,0,0,0,0,1,0,0,0,0,0,0,0,18165,4438,7978,503,4097,0,0,0,0,5,0,0,0,100,3,17
C,280025,0,61416161,10352405,19998,4772,13201408,1048576,524288,536576,0,3411968,7340032,14958,4634,19729,15164,59292,6881280,6320128,3801088,0,0,0,0,1,0,0,0,0,0,0,0,18320,4473,8062,504,4132,0,0,0,0,5,0,0,0,100,3,17
C,282052,0,61769441,10419989,20122,4812,13164544,1048576,524288,536576,0,3395584,7340032,15039,4674,19853,15470,59817,6881280,6283264,3792896,0,0,0,0,1,0,0,0,0,0,0,0,18506,4495,8122,506,4170,0,0,0,0,5,0,0,0,100,3,16
C,284028,0,62104289,10467605,20239,4838,13164544,1048576,524288,536576,0,3399680,7340032,15130,4700,19970,15755,60344,6881280,6283264,3792896,0,0,0,0,1,0,0,0,0,0,0,0,18614,4518,8185,508,4193,0,0,0,0,5,0,0,0,100,3,16
C,286004,0,62453985,10527509,20361,4868,12832768,1048576,524288,536576,0,3145728,7340032,15220,4731,20094,16056,60855,6881280,5951488,3792896,0,0,0,0,1,0,0,0,0,0,0,0,18745,4543,8242,509,4223,0,0,0,0,5,0,0,0,100,3,16
C,288059,0,62759137,10593557,20486,4896,12214272,1048576,524288,622592,0,2859008,6291456,15317,4757,20217,16337,61349,6574080,5636096,3862528,0,0,0,0,1,0,0,0,0,0,0,0,18824,4555,8315,514,4243,0,0,0,0,5,0,0,0,100,3,15
C,290023,0,63126753,10674453,20612,4942,12308480,1048576,524288,749568,0,2859008,6291456,15421,4803,20343,16686,61952,6705152,5603328,3993600,0,0,0,0,1,0,0,0,0,0,0,0,19034,4573,8371,516,4287,0,0,0,0,5,0,0,0,100,3,15
C,292055,0,63454433,10731797,20737,4972,12169216,1048576,524288,688128,0,2805760,6291456,15496,4833,20468,16966,62548,6639616,5525504,3928064,0,0,0,0,1,0,0,0,0,0,0,0,19162,4594,8439,518,4315,0,0,0,0,5,0,0,0,100,3,15
C,294006,0,63536865,10733845,20773,4973,9519104,1048576,524288,643072,0,2551808,6291456,15500,4834,20504,17036,62699,4317184,5201920,3874816,12288,0,0,0,1,0,0,0,0,0,0,0,19166,4600,8464,518,4316,0,0,0,0,5,0,0,0,29,3,14
C,296000,0,63536865,10733845,20773,4973,9519104,1048576,524288,643072,0,2551808,6291456,15500,4834,20504,17056,62719,4317184,5201920,3874816,12288,0,0,0,1,0,0,0,0,0,0,0,19166,4600,8464,518,4316,0,0,0,0,5,0,0,0,1,3,14
C,298003,0,63536865,10733845,20773,4973,9519104,1048576,524288,643072,0,2551808,6291456,15500,4834,20504,17068,62731,4317184,5201920,3874816,12288,0,0,0,1,0,0,0,0,0,0,0,19166,4600,8464,518,4316,0,0,0,0,5,0,0,0,1,3,14
C,300010,0,63536865,10733845,20773,4973,9519104,1048576,524288,643072,0,2551808,6291456,15500,4834,20504,17088,62751,4317184,5201920,3874816,12288,0,0,0,1,0,0,0,0,0,0,0,19166,4600,8464,518,4316,0,0,0,0,5,0,0,0,2,3,14
