label,ms,VFAT\DirtyData,VFAT\BReadsSec,VFAT\BWritesSec,VFAT\ReadsSec,VFAT\WritesSec,VMM\cpgCommit,VMM\cpgDiskcacheMac,VMM\cpgDiskcacheMin,VMM\cpgDiskcache,VMM\cpgSwapfileDefective,VMM\cpgSwapfileInUse,VMM\cpgSwapfile,VMM\cDiscards,VMM\cPageOuts,VMM\cPageIns,VMM\cInstanceFaults,VMM\cPageFaults,VMM\cpgOther,VMM\cpgSwap,VMM\cpgLocked,VMM\cpgFree,SMBRedir\NumOpenFiles,SMBRedir\NumResources,SMBRedir\NumSess,SMBRedir\NumNets,SMBRedir\BWritesSec,SMBRedir\BReadsSec,SMBRedir\XactSec,SWAPCNT\ZeroPagesWritten,SWAPCNT\PagesWritten,SWAPCNT\PagesRead,SWAPCNT\Writes,SWAPCNT\Reads,Nwlink\SITEntries,Nwlink\RIT_Entries,Nwlink\SPX_PacketsIn,Nwlink\SPX_SendPackets,Nwlink\IPX_SocketsOpen,Nwlink\IPX_PacketsLost,Nwlink\IPX_PacketsIn,Nwlink\IPX_Sends,KERNEL\CPUUsage,KERNEL\VMs,KERNEL\Threads
N,0,4096,7979417,3565476,2105,828,9162752,1048576,524288,536576,0,2269184,4722688,902,728,1867,1609,4579,4067328,5095424,3727360,0,0,0,0,1,0,0,0,56,728,623,728,623,0,0,0,0,5,0,0,0,100,3,16
N,2023,0,8639328,3717028,2269,865,9142272,1048576,524288,536576,0,2322432,4722688,1024,765,2030,1897,5194,4067328,5074944,3719168,0,0,0,0,1,0,0,0,56,765,741,765,741,0,0,0,0,5,0,0,0,100,3,15
N,4024,0,9121442,3798948,2405,885,9150464,1048576,524288,536576,0,2318336,4722688,1125,785,2178,2216,5915,4067328,5083136,3719168,0,0,0,0,1,0,0,0,56,785,816,785,816,0,0,0,0,5,0,0,0,100,3,15
N,6034,0,9315647,3868580,2478,902,9154560,1048576,524288,536576,0,2326528,4722688,1157,802,2259,2522,6725,4067328,5087232,3719168,0,0,0,0,1,0,0,0,56,802,841,802,841,0,0,0,0,5,0,0,0,100,3,15
N,8008,0,9381183,3868580,2494,902,9134080,1048576,524288,536576,0,2318336,4722688,1170,802,2275,2568,6821,4067328,5066752,3710976,4096,0,0,0,1,0,0,0,56,802,854,802,854,0,0,0,0,5,0,0,0,0,3,14
N,10026,12288,9719892,3921845,2594,917,9187328,1048576,524288,643072,0,2322432,4722688,1254,815,2354,2800,7178,4157440,5029888,3809280,0,0,0,0,1,0,0,0,56,816,923,816,923,0,0,0,0,5,0,0,0,57,3,13
N,12016,20480,10423407,4346319,2717,960,9187328,1048576,524288,643072,0,2387968,4722688,1325,840,2450,3316,7855,4157440,5029888,3809280,0,0,0,0,1,0,0,0,56,840,1018,840,1018,0,0,0,0,5,0,0,0,100,3,13
N,14001,241664,10682390,4563517,2746,970,9166848,1048576,524288,622592,0,2351104,4722688,1340,843,2473,3500,8083,4136960,5029888,3788800,0,0,0,0,1,0,0,0,56,843,1033,843,1033,0,0,0,0,5,0,0,0,100,3,13
N,16054,139264,11150891,4765835,2820,983,9080832,1048576,524288,536576,0,2310144,4722688,1379,846,2536,3865,8535,4050944,5029888,3702784,0,0,0,0,1,0,0,0,56,846,1069,846,1069,0,0,0,0,5,0,0,0,100,3,13
N,18003,151552,11475337,5080298,2837,1000,9080832,1048576,524288,536576,0,2310144,4722688,1379,846,2536,4143,8813,4050944,5029888,3702784,0,0,0,0,1,0,0,0,56,846,1069,846,1069,0,0,0,0,5,0,0,0,100,3,13
N,20132,253952,11842189,5402253,2885,1030,9187328,1048576,524288,643072,0,2314240,4722688,1403,850,2538,4421,9101,4157440,5029888,3809280,0,0,0,0,1,0,0,0,56,850,1071,850,1071,0,0,0,0,5,0,0,0,100,3,13
N,22008,327680,12226173,5822070,2901,1046,9187328,1048576,524288,643072,0,2314240,4722688,1403,850,2538,4636,9316,4157440,5029888,3809280,0,0,0,0,1,0,0,0,56,850,1071,850,1071,0,0,0,0,5,0,0,0,100,3,13
N,24006,229376,12521716,6129629,2919,1064,9187328,1048576,524288,643072,0,2314240,4722688,1403,850,2538,4935,9615,4157440,5029888,3809280,0,0,0,0,1,0,0,0,56,850,1071,850,1071,0,0,0,0,5,0,0,0,100,3,13
N,26002,114688,12754349,6377743,2963,1094,9293824,1048576,524288,749568,0,2310144,4722688,1423,856,2538,5265,10005,4263936,5029888,3915776,0,0,0,0,1,0,0,0,56,856,1071,856,1071,0,0,0,0,5,0,0,0,100,3,13
N,28053,249856,13255529,6859713,2979,1110,9293824,1048576,524288,749568,0,2310144,4722688,1423,856,2538,5476,10216,4263936,5029888,3915776,0,0,0,0,1,0,0,0,56,856,1071,856,1071,0,0,0,0,5,0,0,0,100,3,13
N,30008,278528,13572423,7202080,2998,1130,9293824,1048576,524288,749568,0,2310144,4722688,1423,856,2538,5769,10509,4263936,5029888,3915776,0,0,0,0,1,0,0,0,56,856,1071,856,1071,0,0,0,0,5,0,0,0,100,3,13
N,32363,135168,13931563,7417828,3090,1153,9228288,1048576,524288,655360,0,2306048,4722688,1435,861,2578,6082,10953,4169728,5058560,3829760,0,0,0,0,1,0,0,0,56,861,1089,861,1089,0,0,0,0,5,0,0,0,100,3,14
N,34005,0,13943851,7417828,3093,1153,9228288,1048576,524288,655360,0,2306048,4722688,1439,861,2582,6151,11026,4169728,5058560,3829760,0,0,0,0,1,0,0,0,56,861,1089,861,1089,0,0,0,0,5,0,0,0,100,3,14
N,36003,0,14445859,7475172,3222,1168,9170944,1048576,524288,536576,0,2355200,5242880,1525,875,2717,6399,11502,4075520,5095424,3710976,0,0,0,0,1,0,0,0,56,875,1165,875,1165,0,0,0,0,5,0,0,0,100,3,14
N,38154,0,15232803,7606244,3422,1200,9289728,1048576,524288,536576,0,2375680,5242880,1699,907,2924,6758,12196,4079616,5210112,3719168,0,0,0,0,1,0,0,0,56,907,1265,907,1265,0,0,0,0,5,0,0,0,100,3,15
N,40020,0,15749893,7745508,3541,1234,9793536,1048576,524288,643072,0,2437120,5242880,1827,941,3006,7108,12745,4190208,5603328,3858432,0,0,0,0,1,0,0,0,56,941,1330,941,1330,0,0,0,0,5,0,0,0,100,3,15
N,42024,0,16190149,8003556,3625,1297,9678848,1048576,524288,536576,0,2596864,5242880,1860,1004,3092,7349,13169,4083712,5595136,3760128,0,0,0,0,1,0,0,0,62,1004,1382,1004,1382,0,0,0,0,5,0,0,0,100,3,16
N,44047,0,16730828,8327140,3726,1377,9842688,1048576,524288,552960,0,2793472,5767168,1913,1083,3184,7614,13574,4104192,5738496,3780608,0,0,0,0,1,0,0,0,78,1083,1463,1083,1463,0,0,0,0,5,0,0,0,100,3,16
N,46099,0,17310598,8626148,3818,1450,10092544,1048576,524288,536576,0,3022848,5767168,1981,1156,3264,7825,13921,4087808,6004736,3764224,0,0,0,0,1,0,0,0,86,1156,1539,1156,1539,0,0,0,0,5,0,0,0,100,3,16
N,48274,0,17940158,9027556,3984,1548,10088448,1048576,524288,536576,0,3297280,5767168,2036,1254,3417,8178,14557,4087808,6000640,3756032,0,0,0,0,1,0,0,0,87,1254,1657,1254,1657,0,0,0,0,5,0,0,0,100,3,15
N,50004,0,18288990,9088996,4117,1563,10039296,1048576,524288,536576,0,3272704,5767168,2104,1269,3497,8194,14756,4087808,5951488,3756032,0,0,0,0,1,0,0,0,87,1269,1727,1269,1727,0,0,0,0,5,0,0,0,100,3,15
N,52024,0,18785043,9224164,4288,1596,10059776,1048576,524288,536576,0,3284992,5767168,2192,1302,3613,8228,15007,4087808,5971968,3756032,0,0,0,0,1,0,0,0,87,1302,1836,1302,1836,0,0,0,0,5,0,0,0,100,3,15
N,54385,0,19494293,9408484,4467,1650,10063872,1048576,524288,536576,0,3293184,5767168,2325,1356,3799,8276,15398,4087808,5976064,3756032,0,0,0,0,1,0,0,0,97,1356,1995,1356,1995,0,0,0,0,5,0,0,0,100,3,15
N,56060,0,19968933,9547748,4587,1675,10063872,1048576,524288,536576,0,3284992,5767168,2406,1381,3905,8299,15652,4087808,5976064,3756032,0,0,0,0,1,0,0,0,97,1381,2054,1381,2054,0,0,0,0,5,0,0,0,100,3,15
N,58011,0,20522469,9662436,4727,1703,9940992,1048576,524288,536576,0,3207168,5767168,2505,1409,4043,8360,15959,4059136,5881856,3747840,0,0,0,0,1,0,0,0,97,1412,2158,1412,2158,0,0,0,0,5,0,0,0,100,3,14
N,60002,0,20704013,9711588,4779,1715,9969664,1048576,524288,536576,0,3203072,5767168,2538,1421,4088,8475,16174,4059136,5910528,3756032,0,0,0,0,1,0,0,0,97,1421,2168,1421,2168,0,0,0,0,5,0,0,0,100,3,15
N,62007,0,20757981,9726715,4798,1718,9994240,1048576,524288,536576,0,3170304,5767168,2554,1423,4109,8538,16360,4075520,5918720,3756032,0,0,0,0,1,0,0,0,97,1423,2173,1423,2173,0,0,0,0,5,0,0,0,42,3,15
N,64012,0,20757981,9726715,4798,1718,9994240,1048576,524288,536576,0,3170304,5767168,2554,1423,4109,8559,16381,4075520,5918720,3756032,0,0,0,0,1,0,0,0,97,1423,2173,1423,2173,0,0,0,0,5,0,0,0,0,3,15
N,66004,0,20757981,9726715,4798,1718,9994240,1048576,524288,536576,0,3170304,5767168,2554,1423,4109,8578,16400,4075520,5918720,3756032,0,0,0,0,1,0,0,0,97,1423,2173,1423,2173,0,0,0,0,5,0,0,0,0,3,15
N,68009,0,20757981,9726715,4798,1718,9994240,1048576,524288,536576,0,3170304,5767168,2554,1423,4109,8599,16421,4075520,5918720,3756032,0,0,0,0,1,0,0,0,97,1423,2173,1423,2173,0,0,0,0,5,0,0,0,1,3,15
N,70000,0,20757981,9726715,4798,1718,9994240,1048576,524288,536576,0,3170304,5767168,2554,1423,4109,8618,16440,4075520,5918720,3756032,0,0,0,0,1,0,0,0,97,1423,2173,1423,2173,0,0,0,0,5,0,0,0,1,3,15
N,72005,0,20757981,9726715,4798,1718,9994240,1048576,524288,536576,0,3170304,5767168,2554,1423,4109,8639,16461,4075520,5918720,3756032,0,0,0,0,1,0,0,0,97,1423,2173,1423,2173,0,0,0,0,5,0,0,0,1,3,15
N,74010,0,20782557,9726715,4804,1718,9994240,1048576,524288,536576,0,3170304,5767168,2560,1423,4115,8662,16497,4075520,5918720,3756032,0,0,0,0,1,0,0,0,97,1423,2179,1423,2179,0,0,0,0,5,0,0,0,4,3,15
N,76003,0,20782557,9726715,4804,1718,9994240,1048576,524288,536576,0,3170304,5767168,2560,1423,4115,8682,16517,4075520,5918720,3756032,0,0,0,0,1,0,0,0,97,1423,2179,1423,2179,0,0,0,0,5,0,0,0,1,3,15
N,78008,0,20782557,9726715,4804,1718,9994240,1048576,524288,536576,0,3170304,5767168,2560,1423,4115,8702,16537,4075520,5918720,3756032,0,0,0,0,1,0,0,0,97,1423,2179,1423,2179,0,0,0,0,5,0,0,0,1,3,15
N,80013,0,20782557,9726715,4804,1718,9994240,1048576,524288,536576,0,3170304,5767168,2560,1423,4115,8722,16557,4075520,5918720,3756032,0,0,0,0,1,0,0,0,97,1423,2179,1423,2179,0,0,0,0,5,0,0,0,1,3,15
N,82003,0,20782557,9726715,4804,1718,9994240,1048576,524288,536576,0,3170304,5767168,2560,1423,4115,8738,16573,4075520,5918720,3756032,0,0,0,0,1,0,0,0,97,1423,2179,1423,2179,0,0,0,0,5,0,0,0,0,3,15
N,84008,0,20782557,9726715,4804,1718,9994240,1048576,524288,536576,0,3170304,5767168,2560,1423,4115,8758,16593,4075520,5918720,3756032,0,0,0,0,1,0,0,0,97,1423,2179,1423,2179,0,0,0,0,5,0,0,0,1,3,15
N,86013,0,20782557,9726715,4804,1718,9994240,1048576,524288,536576,0,3170304,5767168,2560,1423,4115,8778,16613,4075520,5918720,3756032,0,0,0,0,1,0,0,0,97,1423,2179,1423,2179,0,0,0,0,5,0,0,0,1,3,15
N,88005,0,20782557,9726715,4804,1718,9994240,1048576,524288,536576,0,3170304,5767168,2560,1423,4115,8798,16633,4075520,5918720,3756032,0,0,0,0,1,0,0,0,97,1423,2179,1423,2179,0,0,0,0,5,0,0,0,1,3,15
N,90010,0,20782557,9726715,4804,1718,9994240,1048576,524288,536576,0,3170304,5767168,2560,1423,4115,8817,16652,4075520,5918720,3756032,0,0,0,0,1,0,0,0,97,1423,2179,1423,2179,0,0,0,0,5,0,0,0,1,3,15
N,92001,0,20782557,9726715,4804,1718,9994240,1048576,524288,536576,0,3170304,5767168,2560,1423,4115,8838,16673,4075520,5918720,3756032,0,0,0,0,1,0,0,0,97,1423,2179,1423,2179,0,0,0,0,5,0,0,0,0,3,15
N,94006,0,20782557,9726715,4804,1718,9994240,1048576,524288,536576,0,3170304,5767168,2560,1423,4115,8857,16692,4075520,5918720,3756032,0,0,0,0,1,0,0,0,97,1423,2179,1423,2179,0,0,0,0,5,0,0,0,1,3,15
N,96011,0,20782557,9726715,4804,1718,9994240,1048576,524288,536576,0,3170304,5767168,2560,1423,4115,8878,16713,4075520,5918720,3756032,0,0,0,0,1,0,0,0,97,1423,2179,1423,2179,0,0,0,0,5,0,0,0,1,3,15
N,98003,0,20782557,9726715,4804,1718,9994240,1048576,524288,536576,0,3170304,5767168,2560,1423,4115,8897,16732,4075520,5918720,3756032,0,0,0,0,1,0,0,0,97,1423,2179,1423,2179,0,0,0,0,5,0,0,0,1,3,15
N,100008,0,20782557,9726715,4804,1718,9994240,1048576,524288,536576,0,3170304,5767168,2560,1423,4115,8917,16752,4075520,5918720,3756032,0,0,0,0,1,0,0,0,97,1423,2179,1423,2179,0,0,0,0,5,0,0,0,2,3,15
N,102000,0,21010277,9751291,4870,1724,9969664,1048576,524288,536576,0,3162112,5767168,2601,1429,4171,9003,17021,4059136,5910528,3756032,0,0,0,0,1,0,0,0,97,1429,2219,1429,2219,0,0,0,0,5,0,0,0,53,3,15
N,104052,0,21125725,9759483,4903,1726,10031104,1048576,524288,536576,0,3166208,5767168,2631,1431,4206,9090,17155,4087808,5943296,3756032,0,0,0,0,1,0,0,0,97,1431,2227,1431,2227,0,0,0,0,5,0,0,0,100,3,15
N,106160,0,21968477,9943803,5115,1771,10031104,1048576,524288,536576,0,3244032,5767168,2800,1476,4423,9142,17628,4083712,5947392,3756032,4096,0,0,0,1,0,0,0,97,1476,2369,1476,2369,0,0,0,0,5,0,0,0,100,3,15
N,108001,0,22521237,10083067,5256,1805,10264576,1048576,524288,643072,0,3305472,5767168,2938,1510,4572,9160,17907,4194304,6070272,3870720,0,0,0,0,1,0,0,0,97,1510,2434,1510,2434,0,0,0,0,5,0,0,0,100,3,16
N,110211,0,23091213,10197755,5445,1835,12910592,1048576,524288,643072,0,3354624,6815744,3076,1538,4770,9195,18196,6479872,6430720,3887104,0,0,0,0,1,0,0,0,97,1538,2477,1538,2477,0,0,0,0,5,0,0,0,100,3,17
N,112012,0,23624717,10308347,5578,1862,12718080,1048576,524288,536576,0,3354624,6815744,3158,1566,4911,9227,18439,6373376,6344704,3772416,0,0,0,0,1,0,0,0,97,1566,2575,1566,2575,0,0,0,0,5,0,0,0,100,3,16
N,114130,0,24162437,10488571,5719,1906,12840960,1048576,524288,643072,0,3432448,6815744,3280,1609,5052,9262,18684,6479872,6361088,3878912,0,0,0,0,1,0,0,0,97,1609,2638,1609,2638,0,0,0,0,5,0,0,0,100,3,16
N,116130,0,24830085,10660603,5886,1948,12738560,1048576,524288,643072,0,3452928,6815744,3403,1651,5222,9294,18944,6451200,6287360,3878912,0,0,0,0,1,0,0,0,97,1651,2755,1651,2755,0,0,0,0,5,0,0,0,100,3,15
N,118053,0,25435629,10779387,6046,1977,12656640,1048576,524288,536576,0,3424256,6815744,3500,1680,5375,9382,19274,6344704,6311936,3772416,0,0,0,0,1,0,0,0,97,1680,2856,1680,2856,0,0,0,0,5,0,0,0,100,3,16
N,120045,0,26174141,11004667,6237,2032,12787712,1048576,524288,643072,0,3510272,6815744,3665,1735,5573,9431,19643,6467584,6320128,3878912,0,0,0,0,1,0,0,0,97,1735,2966,1735,2966,0,0,0,0,5,0,0,0,100,3,16
N,122009,0,26619069,11094779,6347,2054,12787712,1048576,524288,643072,0,3526656,6815744,3753,1757,5683,9444,19859,6467584,6320128,3878912,0,0,0,0,1,0,0,0,97,1760,3028,1760,3028,0,0,0,0,5,0,0,0,100,3,16
N,124123,0,27431613,11236140,6548,2088,12689408,1048576,524288,536576,0,3538944,6815744,3900,1790,5888,9470,20246,6361088,6328320,3772416,0,0,0,0,1,0,0,0,97,1790,3177,1791,3178,0,0,0,0,5,0,0,0,100,3,16
N,126931,0,28518554,11436844,6818,2137,12701696,1048576,524288,536576,0,3522560,6815744,4123,1839,6160,9511,20742,6361088,6340608,3772416,0,0,0,0,1,0,0,0,97,1839,3339,1839,3339,0,0,0,0,5,0,0,0,100,3,16
N,128057,0,28633610,11461420,6851,2143,12906496,1048576,524288,536576,0,3506176,6815744,4147,1845,6194,9527,20809,6553600,6352896,3772416,0,0,0,0,1,0,0,0,97,1845,3350,1845,3350,0,0,0,0,5,0,0,0,100,3,16
N,130088,0,29454346,11674412,7054,2195,12931072,1048576,524288,536576,0,3575808,6815744,4305,1897,6398,9559,21234,6553600,6377472,3772416,0,0,0,0,1,0,0,0,97,1897,3491,1897,3491,0,0,0,0,5,0,0,0,100,3,16
N,132334,0,30194186,11821868,7238,2231,12943360,1048576,524288,536576,0,3592192,6815744,4457,1945,6616,9607,21687,6553600,6397952,3772416,0,0,0,0,1,0,0,0,97,1945,3593,1945,3593,0,0,0,0,5,0,0,0,100,3,16
N,134012,0,30511626,11916076,7316,2254,12951552,1048576,524288,536576,0,3629056,6815744,4514,1956,6667,9607,21790,6553600,6397952,3772416,0,0,0,0,1,0,0,0,97,1957,3623,1957,3623,0,0,0,0,5,0,0,0,100,3,16
N,136343,0,31443978,12047148,7546,2286,12959744,1048576,524288,536576,0,3624960,6815744,4714,1988,6897,9651,22480,6553600,6406144,3772416,0,0,0,0,1,0,0,0,98,1989,3795,1989,3795,0,0,0,0,5,0,0,0,100,3,16
N,138107,0,31983878,12120876,7682,2304,13045760,1048576,524288,536576,0,3629056,6815744,4830,2006,7032,9684,22771,6639616,6406144,3772416,0,0,0,0,1,0,0,0,98,2007,3861,2007,3861,0,0,0,0,5,0,0,0,100,3,16
N,140425,0,32995590,12387116,7932,2369,13180928,1048576,524288,643072,0,3723264,6815744,5048,2071,7282,9732,23317,6746112,6434816,3878912,0,0,0,0,1,0,0,0,98,2071,3996,2071,3996,0,0,0,0,5,0,0,0,100,3,16
N,142043,0,33175814,12391212,7976,2370,13180928,1048576,524288,643072,0,3694592,6815744,5091,2072,7326,9732,23411,6746112,6434816,3878912,0,0,0,0,1,0,0,0,98,2072,4029,2072,4029,0,0,0,0,5,0,0,0,100,3,16
N,144312,0,34239750,12571436,8239,2414,13074432,1048576,524288,536576,0,3661824,6815744,5284,2116,7589,9786,24101,6639616,6434816,3772416,0,0,0,0,1,0,0,0,98,2116,4208,2116,4208,0,0,0,0,5,0,0,0,100,3,17
N,146034,0,34436358,12616492,8287,2425,13090816,1048576,524288,536576,0,3661824,6815744,5325,2127,7641,9795,24195,6639616,6451200,3780608,0,0,0,0,1,0,0,0,98,2127,4229,2127,4229,0,0,0,0,5,0,0,0,100,3,17
N,148445,0,35285766,12780332,8499,2465,13099008,1048576,524288,536576,0,3723264,6815744,5499,2167,7855,9843,24597,6639616,6459392,3780608,0,0,0,0,1,0,0,0,98,2167,4349,2167,4349,0,0,0,0,5,0,0,0,100,3,17
N,150025,0,35826950,12845868,8635,2481,13099008,1048576,524288,536576,0,3694592,6815744,5619,2183,7991,9859,24835,6639616,6459392,3780608,0,0,0,0,1,0,0,0,98,2183,4431,2183,4431,0,0,0,0,5,0,0,0,100,3,17
N,152291,0,36597094,12960556,8829,2509,13045760,1048576,524288,536576,0,3637248,6815744,5775,2211,8192,9906,25266,6623232,6422528,3772416,0,0,0,0,1,0,0,0,98,2211,4564,2211,4564,0,0,0,0,5,0,0,0,100,3,16
N,154049,0,37087886,13079340,8959,2538,13185024,1048576,524288,643072,0,3624960,6815744,5896,2240,8316,9959,25593,6729728,6455296,3887104,0,0,0,0,1,0,0,0,98,2240,4628,2240,4628,0,0,0,0,5,0,0,0,100,3,17
N,156081,0,37754246,13226796,9129,2574,13230080,1048576,524288,643072,0,3674112,6815744,6031,2276,8516,10008,25980,6664192,6488064,3796992,0,0,0,0,1,0,0,0,98,2276,4737,2276,4737,0,0,0,0,5,0,0,0,100,3,17
N,158031,0,38435206,13333292,9300,2600,13144064,1048576,524288,536576,0,3653632,6815744,6150,2302,8691,10038,26343,6656000,6488064,3788800,0,0,0,0,1,0,0,0,98,2302,4847,2302,4847,0,0,0,0,5,0,0,0,100,3,17
N,160242,0,39144838,13521708,9479,2646,13348864,1048576,524288,643072,0,3710976,6815744,6311,2348,8874,10072,26773,6766592,6582272,3895296,0,0,0,0,1,0,0,0,98,2348,4944,2348,4944,0,0,0,0,5,0,0,0,100,3,17
N,162028,0,39751046,13599532,9630,2665,13262848,1048576,524288,536576,0,3715072,6815744,6421,2367,9029,10100,27139,6660096,6602752,3796992,0,0,0,0,1,0,0,0,98,2367,5034,2367,5034,0,0,0,0,5,0,0,0,100,3,18
N,164046,0,40383454,13697836,9795,2690,13377536,1048576,524288,536576,0,3719168,7340032,6564,2391,9204,10127,27526,6709248,6668288,3801088,0,0,0,0,1,0,0,0,98,2391,5131,2391,5131,0,0,0,0,5,0,0,0,100,3,18
N,166024,0,41085643,13882156,9971,2735,13295616,1048576,524288,536576,0,3747840,7340032,6690,2436,9380,10153,27975,6709248,6590464,3792896,0,0,0,0,1,0,0,0,98,2438,5253,2438,5253,0,0,0,0,5,0,0,0,100,3,17
N,168021,0,41651756,14041900,10111,2774,13328384,1048576,524288,536576,0,3743744,7340032,6806,2479,9534,10181,28345,6709248,6619136,3792896,0,0,0,0,1,0,0,0,98,2479,5365,2479,5365,0,0,0,0,5,0,0,0,100,3,17
N,170516,0,42497033,14271276,10320,2830,13328384,1048576,524288,536576,0,3837952,7340032,6949,2531,9729,10209,28731,6709248,6619136,3792896,0,0,0,0,1,0,0,0,98,2531,5498,2531,5498,0,0,0,0,5,0,0,0,100,3,17
N,172548,0,43175281,14377772,10497,2856,13213696,1048576,524288,536576,0,3715072,7340032,7080,2557,9893,10294,29103,6680576,6533120,3784704,0,0,0,0,1,0,0,0,98,2557,5627,2557,5627,0,0,0,0,5,0,0,0,100,3,16
N,174072,0,43682161,14484268,10623,2882,13242368,1048576,524288,536576,0,3710976,7340032,7184,2583,10023,10298,29325,6680576,6561792,3792896,0,0,0,0,1,0,0,0,98,2583,5702,2583,5702,0,0,0,0,5,0,0,0,100,3,17
N,176265,0,44382273,14639916,10801,2920,13266944,1048576,524288,536576,0,3751936,7340032,7323,2621,10203,10351,29822,6696960,6569984,3792896,0,0,0,0,1,0,0,0,98,2621,5810,2621,5810,0,0,0,0,5,0,0,0,100,3,17
N,178027,0,44864065,14721836,10922,2940,13266944,1048576,524288,536576,0,3760128,7340032,7424,2641,10324,10378,30098,6696960,6569984,3792896,0,0,0,0,1,0,0,0,98,2641,5886,2641,5886,0,0,0,0,5,0,0,0,85,3,17
N,180005,0,44864065,14721836,10922,2940,13266944,1048576,524288,536576,0,3760128,7340032,7424,2641,10324,10394,30114,6696960,6569984,3792896,0,0,0,0,1,0,0,0,98,2641,5886,2641,5886,0,0,0,0,5,0,0,0,1,3,17
N,182010,0,44864065,14721836,10922,2940,13266944,1048576,524288,536576,0,3760128,7340032,7424,2641,10324,10414,30134,6696960,6569984,3792896,0,0,0,0,1,0,0,0,98,2641,5886,2641,5886,0,0,0,0,5,0,0,0,1,3,17
N,184002,0,44864065,14721836,10922,2940,13266944,1048576,524288,536576,0,3760128,7340032,7424,2641,10324,10434,30154,6696960,6569984,3792896,0,0,0,0,1,0,0,0,98,2641,5886,2641,5886,0,0,0,0,5,0,0,0,2,3,17
N,186006,8192,44868161,14728152,10923,2941,13266944,1048576,524288,536576,0,3760128,7340032,7425,2641,10325,10458,30180,6696960,6569984,3792896,0,0,0,0,1,0,0,0,98,2641,5886,2641,5886,0,0,0,0,5,0,0,0,1,3,17
N,188012,0,44868161,14728152,10923,2941,13266944,1048576,524288,536576,0,3760128,7340032,7425,2641,10325,10481,30203,6696960,6569984,3792896,0,0,0,0,1,0,0,0,98,2641,5886,2641,5886,0,0,0,0,5,0,0,0,2,3,17
N,190003,0,44868161,14728152,10923,2941,13266944,1048576,524288,536576,0,3760128,7340032,7425,2641,10325,10501,30223,6696960,6569984,3792896,0,0,0,0,1,0,0,0,98,2641,5886,2641,5886,0,0,0,0,5,0,0,0,2,3,17
N,192008,0,44868161,14728152,10923,2941,13266944,1048576,524288,536576,0,3760128,7340032,7425,2641,10325,10521,30243,6696960,6569984,3792896,0,0,0,0,1,0,0,0,98,2641,5886,2641,5886,0,0,0,0,5,0,0,0,2,3,17
N,194079,0,45410217,14810072,11067,2961,13242368,1048576,524288,536576,0,3698688,7340032,7533,2661,10460,10612,30612,6680576,6561792,3792896,0,0,0,0,1,0,0,0,98,2661,5974,2661,5974,0,0,0,0,5,0,0,0,96,3,17
N,196208,0,45587105,14863320,11116,2974,13303808,1048576,524288,536576,0,3747840,7340032,7567,2674,10511,10687,30765,6705152,6598656,3792896,0,0,0,0,1,0,0,0,98,2674,5989,2674,5989,0,0,0,0,5,0,0,0,100,3,17
N,198037,0,46289057,15002584,11291,3008,13410304,1048576,524288,643072,0,3756032,7340032,7743,2708,10697,10725,31154,6811648,6598656,3899392,0,0,0,0,1,0,0,0,98,2708,6121,2708,6121,0,0,0,0,5,0,0,0,100,3,17
N,200056,0,47031969,15162328,11479,3047,13402112,1048576,524288,536576,0,3817472,7340032,7861,2747,10881,10754,31532,6709248,6692864,3792896,0,0,0,0,1,0,0,0,98,2747,6220,2747,6220,0,0,0,0,5,0,0,0,100,3,17
N,202239,0,47873193,15301592,11696,3081,13508608,1048576,524288,536576,0,3846144,7340032,8049,2781,11106,10798,32015,6729728,6778880,3809280,0,0,0,0,1,0,0,0,98,2781,6344,2781,6344,0,0,0,0,5,0,0,0,100,3,19
N,204038,0,48466601,15412184,11847,3108,13422592,1048576,524288,536576,0,3817472,7340032,8170,2808,11261,10821,32389,6729728,6692864,3801088,0,0,0,0,1,0,0,0,98,2808,6442,2812,6462,0,0,0,0,5,0,0,0,100,3,18
N,206242,0,49206953,15608792,12034,3156,13647872,1048576,524288,643072,0,3870720,7340032,8343,2858,11459,10861,32825,6840320,6807552,3915776,0,0,0,0,1,0,0,0,98,2858,6541,2858,6541,0,0,0,0,5,0,0,0,100,3,19
N,208076,0,49851049,15764440,12193,3194,13545472,1048576,524288,536576,0,3944448,7340032,8437,2894,11615,10890,33121,6733824,6811648,3809280,0,0,0,0,1,0,0,0,98,2894,6658,2894,6658,0,0,0,0,5,0,0,0,100,3,19
N,210026,0,50381137,15899608,12338,3227,14319616,1048576,524288,643072,0,3969024,7340032,8574,2927,11772,10930,33472,7229440,7090176,3928064,0,0,0,0,1,0,0,0,98,2927,6722,2927,6722,0,0,0,0,5,0,0,0,100,3,20
N,212045,0,51074233,16030680,12519,3259,14159872,1048576,524288,536576,0,3891200,7340032,8680,2959,11947,11032,33939,7094272,7065600,3813376,0,0,0,0,1,0,0,0,98,2959,6843,2959,6843,0,0,0,0,5,0,0,0,100,3,19
N,214050,0,51600569,16145368,12652,3287,14098432,1048576,524288,536576,0,3940352,7340032,8784,2987,12085,11034,34187,7094272,7004160,3813376,0,0,0,0,1,0,0,0,98,2987,6911,2987,6911,0,0,0,0,5,0,0,0,100,3,19
N,216041,0,52271497,16301016,12823,3325,14123008,1048576,524288,536576,0,3960832,7340032,8916,3025,12258,11086,34576,7110656,7012352,3813376,0,0,0,0,1,0,0,0,98,3025,7022,3025,7022,0,0,0,0,5,0,0,0,100,3,19
N,218149,4096,53160329,16518228,13043,3375,14123008,1048576,524288,536576,0,4005888,7340032,9087,3074,12478,11136,34997,7110656,7012352,3813376,0,0,0,0,1,0,0,0,98,3074,7222,3074,7222,0,0,0,0,5,0,0,0,100,3,19
N,220176,4096,53706633,16596052,13177,3394,14008320,1048576,524288,536576,0,3923968,7340032,9194,3093,12612,11150,35229,7086080,6922240,3805184,0,0,0,0,1,0,0,0,98,3093,7325,3093,7325,0,0,0,0,5,0,0,0,100,3,18
N,222029,0,54360182,16784468,13345,3440,14102528,1048576,524288,626688,0,3923968,7340032,9340,3139,12782,11176,35571,7180288,6922240,3899392,0,0,0,0,1,0,0,0,98,3139,7423,3139,7423,0,0,0,0,5,0,0,0,100,3,18
N,224034,0,54794870,16886868,13454,3465,14131200,1048576,524288,643072,0,3973120,7340032,9432,3164,12894,11204,35772,7192576,6938624,3911680,0,0,0,0,1,0,0,0,98,3164,7485,3164,7485,0,0,0,0,5,0,0,0,100,3,18
N,226160,0,55384694,17030228,13605,3500,14131200,1048576,524288,643072,0,4038656,7340032,9555,3199,13050,11230,36066,7192576,6938624,3911680,0,0,0,0,1,0,0,0,98,3199,7543,3199,7543,0,0,0,0,5,0,0,0,100,3,18
N,228237,0,56080502,17132628,13779,3525,14086144,1048576,524288,598016,0,4038656,7340032,9693,3224,13224,11255,36502,7147520,6938624,3866624,0,0,0,0,1,0,0,0,98,3224,7648,3224,7648,0,0,0,0,5,0,0,0,100,3,18
N,230105,0,56694914,17263700,13933,3557,14348288,1048576,524288,536576,0,4046848,7340032,9801,3256,13377,11288,36792,7401472,6946816,3805184,0,0,0,0,1,0,0,0,98,3256,7746,3256,7746,0,0,0,0,5,0,0,0,100,3,18
N,232151,0,57349762,17402964,14096,3591,14155776,1048576,524288,634880,0,4046848,7340032,9960,3290,13541,11320,37233,7188480,6967296,3907584,0,0,0,0,1,0,0,0,98,3290,7848,3290,7848,0,0,0,0,5,0,0,0,100,3,18
N,234018,0,57963650,17513556,14249,3618,14131200,1048576,524288,536576,0,4071424,7340032,10081,3317,13695,11349,37738,7086080,7045120,3805184,0,0,0,0,1,0,0,0,98,3317,7939,3317,7939,0,0,0,0,5,0,0,0,100,3,18
N,236037,0,58589826,17697876,14405,3663,14143488,1048576,524288,536576,0,4157440,7340032,10195,3362,13851,11375,38273,7086080,7057408,3805184,0,0,0,0,1,0,0,0,98,3362,8031,3362,8031,0,0,0,0,5,0,0,0,100,3,18
N,238317,0,59704962,17898580,14682,3712,14143488,1048576,524288,536576,0,4157440,7340032,10423,3411,14128,11417,39011,7086080,7057408,3805184,0,0,0,0,1,0,0,0,98,3411,8211,3411,8211,0,0,0,0,5,0,0,0,100,3,18
N,240007,0,59795074,17902676,14704,3713,14143488,1048576,524288,536576,0,4149248,7340032,10444,3412,14150,11423,39119,7086080,7057408,3805184,0,0,0,0,1,0,0,0,98,3412,8221,3412,8221,0,0,0,0,5,0,0,0,100,3,18
N,242025,0,60490882,18033748,14879,3745,14155776,1048576,524288,536576,0,4194304,7340032,10590,3444,14327,11455,39453,7086080,7069696,3805184,0,0,0,0,1,0,0,0,98,3444,8318,3444,8318,0,0,0,0,5,0,0,0,100,3,18
N,244113,0,60780674,18115668,14950,3765,14262272,1048576,524288,643072,0,4227072,7340032,10667,3464,14398,11478,39580,7192576,7069696,3911680,0,0,0,0,1,0,0,0,98,3464,8368,3464,8368,0,0,0,0,5,0,0,0,49,3,18
N,246008,0,60788866,18115668,14952,3765,14262272,1048576,524288,643072,0,4218880,7340032,10669,3464,14400,11502,39607,7192576,7069696,3911680,0,0,0,0,1,0,0,0,98,3464,8370,3464,8370,0,0,0,0,5,0,0,0,3,3,18
N,248054,0,61072002,18171210,15022,3778,14209024,1048576,524288,643072,0,4194304,7340032,10720,3476,14470,11539,39754,7176192,7032832,3903488,0,0,0,0,1,0,0,0,98,3476,8422,3476,8422,0,0,0,0,5,0,0,0,39,3,17
N,250115,188416,61630105,18333739,15150,3800,14098432,1048576,524288,536576,0,4153344,7340032,10769,3483,14553,11686,40062,7069696,7028736,3792896,0,0,0,0,1,0,0,0,98,3483,8480,3483,8480,0,0,0,0,5,0,0,0,100,3,17
N,252010,200704,62014564,18772432,15164,3814,14098432,1048576,524288,536576,0,4153344,7340032,10769,3483,14553,11773,40149,7069696,7028736,3792896,0,0,0,0,1,0,0,0,98,3483,8480,3483,8480,0,0,0,0,5,0,0,0,100,3,17
N,254058,307200,62374656,19126139,15185,3835,14098432,1048576,524288,536576,0,4153344,7340032,10769,3483,14553,11892,40268,7069696,7028736,3792896,0,0,0,0,1,0,0,0,98,3483,8480,3483,8480,0,0,0,0,5,0,0,0,100,3,17
N,256216,114688,62623673,19349677,15233,3859,14098432,1048576,524288,536576,0,4145152,7340032,10773,3483,14557,12030,40429,7069696,7028736,3792896,0,0,0,0,1,0,0,0,98,3483,8484,3483,8484,0,0,0,0,5,0,0,0,100,3,17
N,258352,159744,63073578,19854997,15247,3886,14204928,1048576,524288,643072,0,4145152,7340032,10787,3495,14557,12109,40515,7176192,7028736,3899392,0,0,0,0,1,0,0,0,98,3495,8484,3495,8484,0,0,0,0,5,0,0,0,100,3,17
N,260319,131072,63400787,20178328,15267,3905,14204928,1048576,524288,643072,0,4145152,7340032,10787,3495,14557,12208,40614,7176192,7028736,3899392,0,0,0,0,1,0,0,0,98,3495,8484,3495,8484,0,0,0,0,5,0,0,0,100,3,17
N,262023,167936,63656757,20418427,15299,3923,14204928,1048576,524288,643072,0,4145152,7340032,10787,3495,14557,12309,40782,7176192,7028736,3899392,0,0,0,0,1,0,0,0,98,3495,8484,3495,8484,0,0,0,0,5,0,0,0,100,3,17
N,264038,180224,64118371,20839335,15325,3949,14311424,1048576,524288,749568,0,4161536,7340032,10807,3501,14557,12412,40901,7282688,7028736,4005888,0,0,0,0,1,0,0,0,98,3501,8484,3501,8484,0,0,0,0,5,0,0,0,100,3,17
N,266070,151552,64457240,21215993,15344,3968,14311424,1048576,524288,749568,0,4161536,7340032,10807,3501,14557,12511,41002,7282688,7028736,4005888,0,0,0,0,1,0,0,0,98,3501,8484,3501,8484,0,0,0,0,5,0,0,0,100,3,17
N,268050,229376,64757966,21527698,15410,3993,14311424,1048576,524288,749568,0,4161536,7340032,10807,3501,14557,12632,41169,7282688,7028736,4005888,0,0,0,0,1,0,0,0,98,3501,8484,3501,8484,0,0,0,0,5,0,0,0,100,3,17
N,270000,0,64934510,21527698,15457,3993,14147584,1048576,524288,557056,0,4145152,7340032,10807,3501,14604,12709,41355,7090176,7057408,3821568,0,0,0,0,1,0,0,0,98,3501,8504,3501,8504,0,0,0,0,5,0,0,0,100,3,18
N,272019,0,65342822,21585042,15564,4007,14155776,1048576,524288,536576,0,4157440,7340032,10895,3515,14714,12740,41592,7086080,7069696,3801088,0,0,0,0,1,0,0,0,98,3515,8567,3515,8567,0,0,0,0,5,0,0,0,98,3,18
N,274010,0,65342822,21585042,15564,4007,14155776,1048576,524288,536576,0,4157440,7340032,10895,3515,14714,12761,41614,7086080,7069696,3801088,0,0,0,0,1,0,0,0,98,3515,8567,3515,8567,0,0,0,0,5,0,0,0,3,3,18
N,276002,0,65342822,21585042,15564,4007,14155776,1048576,524288,536576,0,4157440,7340032,10895,3515,14714,12781,41634,7086080,7069696,3801088,0,0,0,0,1,0,0,0,98,3515,8567,3515,8567,0,0,0,0,5,0,0,0,2,3,18
N,278007,0,65342822,21585042,15564,4007,14155776,1048576,524288,536576,0,4157440,7340032,10895,3515,14714,12801,41656,7086080,7069696,3801088,0,0,0,0,1,0,0,0,98,3515,8567,3515,8567,0,0,0,0,5,0,0,0,3,3,18
N,280025,4096,65768806,21757198,15668,4041,14155776,1048576,524288,536576,0,4227072,7340032,10966,3548,14818,12837,41865,7086080,7069696,3801088,0,0,0,0,1,0,0,0,98,3548,8671,3548,8671,0,0,0,0,5,0,0,0,71,3,18
N,282008,0,65768806,21757198,15668,4041,14155776,1048576,524288,536576,0,4227072,7340032,10966,3548,14818,12860,41888,7086080,7069696,3801088,0,0,0,0,1,0,0,0,98,3548,8671,3548,8671,0,0,0,0,5,0,0,0,2,3,18
N,284013,0,65768806,21757198,15668,4041,14155776,1048576,524288,536576,0,4227072,7340032,10966,3548,14818,12881,41909,7086080,7069696,3801088,0,0,0,0,1,0,0,0,98,3548,8671,3548,8671,0,0,0,0,5,0,0,0,2,3,18
N,286000,0,65768806,21757198,15668,4041,14155776,1048576,524288,536576,0,4227072,7340032,10966,3548,14820,12904,41939,7086080,7069696,3801088,0,0,0,0,1,0,0,0,98,3548,8673,3548,8673,0,0,0,0,5,0,0,0,5,3,18
N,288005,0,65776998,21757198,15670,4041,14155776,1048576,524288,536576,0,4222976,7340032,10968,3548,14820,12925,41960,7086080,7069696,3801088,0,0,0,0,1,0,0,0,98,3548,8673,3548,8673,0,0,0,0,5,0,0,0,2,3,18
N,290010,0,65776998,21757198,15670,4041,14155776,1048576,524288,536576,0,4222976,7340032,10968,3548,14820,12945,41980,7086080,7069696,3801088,0,0,0,0,1,0,0,0,98,3548,8673,3548,8673,0,0,0,0,5,0,0,0,2,3,18
N,292001,0,65776998,21757198,15670,4041,14155776,1048576,524288,536576,0,4222976,7340032,10968,3548,14820,12965,42000,7086080,7069696,3801088,0,0,0,0,1,0,0,0,98,3548,8673,3548,8673,0,0,0,0,5,0,0,0,2,3,18
N,294006,0,65776998,21757198,15670,4041,14155776,1048576,524288,536576,0,4222976,7340032,10968,3548,14820,12985,42020,7086080,7069696,3801088,0,0,0,0,1,0,0,0,98,3548,8673,3548,8673,0,0,0,0,5,0,0,0,2,3,18
N,296012,0,65776998,21757198,15670,4041,14155776,1048576,524288,536576,0,4222976,7340032,10968,3548,14820,13005,42040,7086080,7069696,3801088,0,0,0,0,1,0,0,0,98,3548,8673,3548,8673,0,0,0,0,5,0,0,0,2,3,18
N,298003,0,65776998,21757198,15670,4041,14155776,1048576,524288,536576,0,4222976,7340032,10968,3548,14820,13025,42060,7086080,7069696,3801088,0,0,0,0,1,0,0,0,98,3548,8673,3548,8673,0,0,0,0,5,0,0,0,2,3,18
N,300008,0,65776998,21757198,15670,4041,14155776,1048576,524288,536576,0,4222976,7340032,10968,3548,14820,13045,42080,7086080,7069696,3801088,0,0,0,0,1,0,0,0,98,3548,8673,3548,8673,0,0,0,0,5,0,0,0,2,3,18
