label,ms,VFAT\DirtyData,VFAT\BReadsSec,VFAT\BWritesSec,VFAT\ReadsSec,VFAT\WritesSec,VMM\cpgCommit,VMM\cpgDiskcacheMac,VMM\cpgDiskcacheMin,VMM\cpgDiskcache,VMM\cpgSwapfileDefective,VMM\cpgSwapfileInUse,VMM\cpgSwapfile,VMM\cDiscards,VMM\cPageOuts,VMM\cPageIns,VMM\cInstanceFaults,VMM\cPageFaults,VMM\cpgOther,VMM\cpgSwap,VMM\cpgLocked,VMM\cpgFree,SHADRAM\KeepMask,SHADRAM\VMsMapped,SHADRAM\BiosPage,SHADRAM\Status,SHADRAM\PagesFailed,SHADRAM\PagesAdded,SHADRAM\PagesTested,SWAPCOMP\Contention,SWAPCOMP\Fallback,SWAPCOMP\Errors,SWAPCOMP\SectorsSaved,SWAPCOMP\RawReads,SWAPCOMP\CompressedReads,SWAPCOMP\RawWrites,SWAPCOMP\CompressedWrites,KERNEL\CPUUsage,KERNEL\VMs,KERNEL\Threads
x-S28-234146,0,0,17853057,4765545,5679,2482,10424320,1048576,524288,540672,0,3067904,33554432,3306,1824,7017,790,10895,5091328,5332992,1945600,0,49155,2,1520,0,0,28,28,0,0,0,7632,594,1766,330,1494,100,2,14
x-S28-234146,2010,0,17853057,4765545,5679,2482,10424320,1048576,524288,540672,0,3067904,33554432,3306,1824,7017,792,10897,5091328,5332992,1945600,0,49155,2,1520,0,0,28,28,0,0,0,7632,594,1766,330,1494,0,2,14
x-S28-234146,4003,0,17853057,4765545,5679,2482,10424320,1048576,524288,540672,0,3067904,33554432,3306,1824,7017,792,10897,5091328,5332992,1945600,0,49155,2,1520,0,0,28,28,0,0,0,7632,594,1766,330,1494,0,2,14
x-S28-234146,6009,0,17853057,4765545,5679,2482,10424320,1048576,524288,540672,0,3067904,33554432,3306,1824,7017,792,10897,5091328,5332992,1945600,0,49155,2,1520,0,0,28,28,0,0,0,7632,594,1766,330,1494,0,2,14
x-S28-234146,8013,0,17853057,4765545,5679,2482,10424320,1048576,524288,540672,0,3067904,33554432,3306,1824,7017,792,10897,5091328,5332992,1945600,0,49155,2,1520,0,0,28,28,0,0,0,7632,594,1766,330,1494,1,2,14
x-S28-234146,10003,0,17853057,4765545,5679,2482,10424320,1048576,524288,540672,0,3067904,33554432,3306,1824,7017,792,10897,5091328,5332992,1945600,0,49155,2,1520,0,0,28,28,0,0,0,7632,594,1766,330,1494,0,2,14
x-S28-234146,12008,0,17853057,4765545,5679,2482,10424320,1048576,524288,540672,0,3067904,33554432,3306,1824,7017,792,10897,5091328,5332992,1945600,0,49155,2,1520,0,0,28,28,0,0,0,7632,594,1766,330,1494,0,2,14
x-S28-234146,14002,0,17853057,4765545,5679,2482,10424320,1048576,524288,540672,0,3067904,33554432,3306,1824,7017,798,10903,5091328,5332992,1945600,0,49155,2,1520,0,0,28,28,0,0,0,7632,594,1766,330,1494,2,2,14
x-S28-234146,16005,0,17853057,4765545,5679,2482,10424320,1048576,524288,540672,0,3067904,33554432,3306,1824,7017,798,10903,5091328,5332992,1945600,0,49155,2,1520,0,0,28,28,0,0,0,7632,594,1766,330,1494,1,2,14
x-S28-234146,18012,0,17853057,4765545,5679,2482,10424320,1048576,524288,540672,0,3067904,33554432,3306,1824,7017,798,10903,5091328,5332992,1945600,0,49155,2,1520,0,0,28,28,0,0,0,7632,594,1766,330,1494,1,2,14
x-S28-234146,20001,0,17853057,4765545,5679,2482,10424320,1048576,524288,540672,0,3067904,33554432,3306,1824,7017,798,10903,5091328,5332992,1945600,0,49155,2,1520,0,0,28,28,0,0,0,7632,594,1766,330,1494,2,2,14
x-S28-234146,22006,0,17853057,4765545,5679,2482,10424320,1048576,524288,540672,0,3067904,33554432,3306,1824,7017,798,10903,5091328,5332992,1945600,0,49155,2,1520,0,0,28,28,0,0,0,7632,594,1766,330,1494,1,2,14
x-S28-234146,24001,0,17853057,4765545,5679,2482,10424320,1048576,524288,540672,0,3067904,33554432,3306,1824,7017,798,10903,5091328,5332992,1945600,0,49155,2,1520,0,0,28,28,0,0,0,7632,594,1766,330,1494,1,2,14
x-S28-234146,26002,0,17853057,4765545,5679,2482,10424320,1048576,524288,540672,0,3067904,33554432,3306,1824,7017,798,10903,5091328,5332992,1945600,0,49155,2,1520,0,0,28,28,0,0,0,7632,594,1766,330,1494,3,2,14
x-S28-234146,28009,0,17853057,4765545,5679,2482,10424320,1048576,524288,540672,0,3067904,33554432,3306,1824,7017,798,10903,5091328,5332992,1945600,0,49155,2,1520,0,0,28,28,0,0,0,7632,594,1766,330,1494,2,2,14
x-S28-234146,30012,0,17853057,4765545,5679,2482,10424320,1048576,524288,540672,0,3067904,33554432,3306,1824,7017,798,10903,5091328,5332992,1945600,0,49155,2,1520,0,0,28,28,0,0,0,7632,594,1766,330,1494,2,2,14
