label,ms,VFAT\DirtyData,VFAT\BReadsSec,VFAT\BWritesSec,VFAT\ReadsSec,VFAT\WritesSec,VMM\cpgCommit,VMM\cpgDiskcacheMac,VMM\cpgDiskcacheMin,VMM\cpgDiskcache,VMM\cpgSwapfileDefective,VMM\cpgSwapfileInUse,VMM\cpgSwapfile,VMM\cDiscards,VMM\cPageOuts,VMM\cPageIns,VMM\cInstanceFaults,VMM\cPageFaults,VMM\cpgOther,VMM\cpgSwap,VMM\cpgLocked,VMM\cpgFree,SMBRedir\NumOpenFiles,SMBRedir\NumResources,SMBRedir\NumSess,SMBRedir\NumNets,SMBRedir\BWritesSec,SMBRedir\BReadsSec,SMBRedir\XactSec,Magnaram\LockedMemory,Magnaram\AllCompBufs,Magnaram\OrigOutBytes,Magnaram\OrigInBytes,Magnaram\CompOutBytes,Magnaram\CompInBytes,Magnaram\IdleWork,Magnaram\szCompBuf,Magnaram\FreeMagnaramVirt,Magnaram\TotalMagnaramVirt,Magnaram\FreeMagnaramPhys,Magnaram\TotalMagnaramPhys,Magnaram\FreeVirt,Magnaram\TotalVirt,Magnaram\FreePhys,Nwlink\SITEntries,Nwlink\RIT_Entries,Nwlink\SPX_PacketsIn,Nwlink\SPX_SendPackets,Nwlink\IPX_SocketsOpen,Nwlink\IPX_PacketsLost,Nwlink\IPX_PacketsIn,Nwlink\IPX_Sends,KERNEL\CPUUsage,KERNEL\VMs,KERNEL\Threads
M,0,4096,13638990,3064243,3440,747,13885440,1048576,524288,536576,0,2535424,9437184,2146,1106,4770,3239,9231,4177920,9707520,4247552,0,0,0,0,1,0,0,0,2281472,262144,2039117,492211,1110016,245248,150,262144,15297536,17346560,143360,5201920,8331264,9437184,0,0,0,0,0,5,0,0,0,100,3,15
M,3218,0,14253518,3097011,3594,755,13893632,1048576,524288,536576,0,2551808,9437184,2270,1142,4930,3446,9912,4177920,9715712,4247552,0,0,0,0,1,0,0,0,2281472,262144,2032478,519330,1115136,248832,148,262144,15167488,17199104,184320,5263360,8322048,9437184,0,0,0,0,0,5,0,0,0,100,3,15
M,4144,0,14298574,3097011,3605,755,13893632,1048576,524288,536576,0,2547712,9437184,2276,1143,4937,3451,9957,4177920,9715712,4247552,0,0,0,0,1,0,0,0,2281472,262144,2017937,525679,1111040,246272,147,262144,15122432,17137664,210944,5296128,8326144,9437184,0,0,0,0,0,5,0,0,0,100,3,15
M,6835,0,14993358,3166643,3778,772,13893632,1048576,524288,536576,0,2568192,9437184,2398,1170,5086,3806,10796,4177920,9715712,4247552,0,0,0,0,1,0,0,0,2281472,262144,2048133,520059,1120768,247296,136,262144,15405056,17494016,138240,5181440,8308736,9437184,0,0,0,0,0,5,0,0,0,100,3,15
M,8265,0,15022030,3166643,3785,772,13893632,1048576,524288,536576,0,2576384,9437184,2402,1173,5093,3823,10858,4177920,9715712,4247552,0,0,0,0,1,0,0,0,2281472,262144,2110228,474348,1133056,248832,147,262144,15465472,17575936,116736,5152768,8304640,9437184,0,0,0,0,0,5,0,0,0,100,3,15
M,12551,0,15952334,3232179,4016,788,13922304,1048576,524288,536576,0,2568192,9437184,2594,1222,5334,4196,11790,4177920,9744384,4255744,0,0,0,0,1,0,0,0,2289664,262144,2033822,534370,1111040,244224,133,262144,15202304,17248256,205824,5308416,8316928,9437184,0,0,0,0,0,5,0,0,0,100,3,16
M,13271,0,15972302,3232179,4021,788,13922304,1048576,524288,536576,0,2588672,9437184,2601,1228,5347,4220,11900,4177920,9744384,4255744,0,0,0,0,1,0,0,0,2289664,262144,2048731,539941,1120768,251392,145,262144,15202304,17248256,205824,5308416,8316928,9437184,0,0,0,0,0,5,0,0,0,100,3,16
M,14038,0,16119966,3232179,4064,788,13946880,1048576,524288,536576,0,2592768,9437184,2637,1234,5390,4352,12205,4194304,9752576,4255744,0,0,0,0,1,0,0,0,2289664,262144,2068103,528761,1131520,248320,145,262144,15197184,17264640,212992,5304320,8305664,9437184,0,0,0,0,0,5,0,0,0,100,3,16
M,16573,0,16736926,3264947,4218,796,13946880,1048576,524288,536576,0,2592768,9437184,2773,1267,5561,4597,12945,4194304,9752576,4255744,0,0,0,0,1,0,0,0,2289664,262144,2035182,557586,1124352,247808,139,262144,15264768,17354752,207872,5283840,8300544,9437184,0,0,0,0,0,5,0,0,0,100,3,16
M,18129,0,16855710,3264947,4247,796,13946880,1048576,524288,536576,0,2605056,9437184,2793,1275,5589,4639,13068,4194304,9752576,4255744,0,0,0,0,1,0,0,0,2289664,262144,2091388,513668,1137152,247296,146,262144,15251456,17313792,197632,5287936,8312832,9437184,0,0,0,0,0,5,0,0,0,100,3,16
M,20016,0,17192094,3297715,4330,804,13946880,1048576,524288,536576,0,2584576,9437184,2863,1289,5673,4828,13533,4194304,9752576,4255744,0,0,0,0,1,0,0,0,2289664,262144,2053887,526593,1116672,247808,130,262144,15386624,17465344,206848,5292032,8292352,9437184,0,0,0,0,0,5,0,0,0,100,3,16
M,22450,0,17503390,3330483,4406,812,13946880,1048576,524288,536576,0,2633728,9437184,2917,1306,5744,4975,13933,4194304,9752576,4255744,0,0,0,0,1,0,0,0,2289664,262144,2142737,490991,1149440,251392,140,262144,15450112,17592320,129024,5181440,8288256,9437184,0,0,0,0,0,5,0,0,0,100,3,16
M,24158,0,17903262,3330483,4507,812,13942784,1048576,524288,536576,0,2605056,9437184,3011,1327,5859,5139,14445,4194304,9748480,4255744,0,0,0,0,1,0,0,0,2289664,262144,2069739,535317,1134080,248832,132,262144,15153152,17219584,204800,5292032,8303616,9437184,0,0,0,0,0,5,0,0,0,100,3,16
M,27004,0,18664606,3330483,4695,812,13942784,1048576,524288,536576,0,2596864,9437184,3143,1357,6021,5383,15139,4194304,9748480,4255744,0,0,0,0,1,0,0,0,2289664,262144,2071543,521225,1128448,234496,129,262144,15461376,17534976,157696,5230592,8320000,9437184,0,0,0,0,0,5,0,0,0,100,3,16
M,28468,0,18705566,3330483,4705,812,13946880,1048576,524288,536576,0,2596864,9437184,3154,1358,6033,5406,15283,4194304,9752576,4259840,0,0,0,0,1,0,0,0,2293760,262144,2072426,524438,1121792,242688,134,262144,15389696,17473536,179200,5255168,8311808,9437184,0,0,0,0,0,5,0,0,0,100,3,16
M,30116,0,19171998,3330483,4823,812,13950976,1048576,524288,536576,0,2580480,9437184,3254,1379,6154,5621,15870,4194304,9756672,4259840,0,0,0,0,1,0,0,0,2293760,262144,2061857,514527,1115648,238080,130,262144,15292416,17334272,203776,5296128,8326144,9437184,0,0,0,0,0,5,0,0,0,100,3,16
M,32325,0,19548318,3363251,4917,820,13950976,1048576,524288,536576,0,2596864,9437184,3337,1402,6260,5797,16283,4194304,9756672,4259840,0,0,0,0,1,0,0,0,2293760,262144,2033562,563302,1117184,245248,132,262144,15144960,17174528,226304,5349376,8320000,9437184,0,0,0,0,0,5,0,0,0,100,3,16
M,34035,0,19855006,3363251,4994,820,13950976,1048576,524288,536576,0,2588672,9437184,3412,1422,6355,6014,16768,4194304,9756672,4259840,0,0,0,0,1,0,0,0,2293760,262144,2026722,561950,1116160,250368,139,262144,15109120,17133568,221184,5345280,8321024,9437184,0,0,0,0,0,5,0,0,0,100,3,16
M,36013,0,20194974,3396019,5079,828,13897728,1048576,524288,536576,0,2596864,9437184,3476,1439,6441,6237,17167,4177920,9719808,4251648,0,0,0,0,1,0,0,0,2285568,262144,2073105,523759,1132544,246272,146,262144,15193088,17256448,199680,5279744,8306688,9437184,0,0,0,0,0,5,0,0,0,100,3,15
M,38258,12288,20660958,3432900,5214,839,13897728,1048576,524288,536576,0,2588672,9437184,3596,1463,6585,6529,17755,4177920,9719808,4251648,0,0,0,0,1,0,0,0,2285568,262144,2043406,545266,1123840,248832,137,262144,15091712,17137664,206848,5308416,8309760,9437184,0,0,0,0,0,5,0,0,0,100,3,15
M,41083,0,21206963,3465668,5348,847,13897728,1048576,524288,536576,0,2580480,9437184,3688,1485,6703,6723,18212,4177920,9719808,4251648,0,0,0,0,1,0,0,0,2285568,262144,2032113,540175,1123328,241152,134,262144,15086592,17104896,192512,5300224,8323072,9437184,0,0,0,0,0,5,0,0,0,100,3,15
M,42030,8192,21294307,3465668,5374,847,13897728,1048576,524288,536576,0,2568192,9437184,3703,1486,6715,6821,18380,4177920,9719808,4251648,0,0,0,0,1,0,0,0,2285568,262144,2054171,509925,1110016,249344,132,262144,15410176,17461248,129024,5201920,8327168,9437184,0,0,0,0,0,5,0,0,0,100,3,15
M,44337,118784,21969797,3774381,5485,864,14004224,1048576,524288,643072,0,2592768,9437184,3800,1509,6809,7405,19216,4284416,9719808,4358144,0,0,0,0,1,0,0,0,2392064,262144,2066815,521857,1133056,246272,147,262144,15148032,17211392,203776,5287936,8304640,9437184,0,0,0,0,0,5,0,0,0,100,3,15
M,46014,118784,21998469,3774381,5492,864,13979648,1048576,524288,618496,0,2592768,9437184,3801,1509,6816,7437,19334,4259840,9719808,4333568,0,0,0,0,1,0,0,0,2367488,262144,2067400,525368,1128960,251904,147,262144,15214592,17281024,178176,5263360,8308736,9437184,0,0,0,0,0,5,0,0,0,100,3,15
M,48264,94208,22411392,4038201,5539,874,13897728,1048576,524288,536576,0,2584576,9437184,3807,1510,6843,7732,19780,4177920,9719808,4251648,0,0,0,0,1,0,0,0,2285568,262144,2034370,546110,1122816,245760,137,262144,15064064,17096704,209920,5316608,8314880,9437184,0,0,0,0,0,5,0,0,0,100,3,15
M,50048,188416,22732817,4197316,5589,885,13897728,1048576,524288,536576,0,2588672,9437184,3843,1517,6886,8030,20177,4177920,9719808,4251648,0,0,0,0,1,0,0,0,2285568,262144,2086737,497839,1125376,247808,147,262144,15412224,17498112,141312,5201920,8311808,9437184,0,0,0,0,0,5,0,0,0,100,3,15
M,52004,69632,22988050,4292353,5632,890,13897728,1048576,524288,536576,0,2547712,9437184,3882,1528,6936,8282,20628,4177920,9719808,4251648,0,0,0,0,1,0,0,0,2285568,262144,2063345,480271,1116160,231424,137,262144,15382528,17444864,147456,5189632,8321024,9437184,0,0,0,0,0,5,0,0,0,100,3,15
M,54139,176128,23379637,4550292,5678,900,13897728,1048576,524288,536576,0,2576384,9437184,3906,1537,6969,8637,21112,4177920,9719808,4251648,0,0,0,0,1,0,0,0,2285568,262144,2049922,522366,1126400,245248,151,262144,15272960,17350656,156672,5210112,8306688,9437184,0,0,0,0,0,5,0,0,0,100,3,15
M,56022,49152,23583582,4550422,5746,918,13897728,1048576,524288,536576,0,2560000,9437184,3933,1541,7000,8899,21550,4177920,9719808,4251648,0,0,0,0,1,0,0,0,2285568,262144,2028429,539763,1105920,250368,137,262144,15218688,17235968,156672,5255168,8331264,9437184,0,0,0,0,0,5,0,0,0,100,3,15
M,58045,196608,24008520,4931436,5779,928,13897728,1048576,524288,536576,0,2580480,9437184,3950,1551,7027,9138,21902,4177920,9719808,4251648,0,0,0,0,1,0,0,0,2285568,262144,2063037,505155,1118208,239104,139,262144,15347712,17408000,159744,5226496,8318976,9437184,0,0,0,0,0,5,0,0,0,100,3,15
M,60005,118784,24490423,5170543,5859,946,13897728,1048576,524288,536576,0,2605056,9437184,3997,1565,7088,9492,22387,4177920,9719808,4251648,0,0,0,0,1,0,0,0,2285568,262144,2077973,522987,1137664,245248,145,262144,15165440,17260544,215040,5296128,8291328,9437184,0,0,0,0,0,5,0,0,0,100,3,15
M,62163,131072,24716995,5244951,5900,950,13897728,1048576,524288,536576,0,2572288,9437184,4040,1569,7135,9660,22702,4177920,9719808,4251648,0,0,0,0,1,0,0,0,2285568,262144,2062674,509614,1108480,240128,120,262144,15498240,17559552,130048,5201920,8329216,9437184,0,0,0,0,0,5,0,0,0,100,3,15
M,64017,106496,25016092,5328727,5961,956,13897728,1048576,524288,536576,0,2576384,9437184,4091,1586,7203,10032,23306,4177920,9719808,4251648,0,0,0,0,1,0,0,0,2285568,262144,2013415,558873,1100288,246272,115,262144,15002624,16982016,181248,5341184,8337408,9437184,0,0,0,0,0,5,0,0,0,100,3,15
M,66009,110592,25307225,5414548,6015,961,13897728,1048576,524288,536576,0,2572288,9437184,4132,1592,7250,10291,23854,4177920,9719808,4251648,0,0,0,0,1,0,0,0,2285568,262144,1999412,572876,1092096,248832,110,262144,15278080,17276928,138240,5271552,8345600,9437184,0,0,0,0,0,5,0,0,0,100,3,15
M,68341,118784,25800841,5681716,6092,974,13897728,1048576,524288,536576,0,2596864,9437184,4214,1614,7354,10833,24980,4177920,9719808,4251648,0,0,0,0,1,0,0,0,2285568,262144,2005502,587266,1100288,246784,111,262144,15195136,17199104,157696,5304320,8337408,9437184,0,0,0,0,0,5,0,0,0,100,3,15
M,70286,98304,25899148,5681767,6119,981,13897728,1048576,524288,536576,0,2600960,9437184,4223,1616,7365,10876,25050,4177920,9719808,4251648,0,0,0,0,1,0,0,0,2285568,262144,2024127,572737,1104384,246784,114,262144,15271936,17293312,153600,5287936,8333312,9437184,0,0,0,0,0,5,0,0,0,100,3,15
M,72231,0,26331985,5681767,6237,981,13897728,1048576,524288,536576,0,2617344,9437184,4307,1636,7469,11264,25783,4177920,9719808,4251648,0,0,0,0,1,0,0,0,2285568,262144,2043083,570165,1121280,243712,122,262144,15125504,17154048,192512,5332992,8320000,9437184,0,0,0,0,0,5,0,0,0,100,3,15
M,74061,53248,26442293,5681833,6275,990,13897728,1048576,524288,536576,0,2605056,9437184,4341,1640,7507,11453,26121,4177920,9719808,4251648,0,0,0,0,1,0,0,0,2285568,262144,2023483,556997,1096704,235520,103,262144,15388672,17412096,143360,5259264,8340480,9437184,0,0,0,0,0,5,0,0,0,100,3,15
M,76704,184320,27150059,6003719,6371,999,13897728,1048576,524288,536576,0,2584576,9437184,4430,1656,7612,11826,26741,4177920,9719808,4251648,0,0,0,0,1,0,0,0,2285568,262144,1977451,607125,1084416,248320,99,262144,15230976,17207296,130048,5296128,8352768,9437184,0,0,0,0,0,5,0,0,0,100,3,15
M,78013,131072,27171379,6062847,6379,1000,13897728,1048576,524288,536576,0,2580480,9437184,4439,1656,7621,11860,26800,4177920,9719808,4251648,0,0,0,0,1,0,0,0,2293760,262144,1972671,607809,1083904,248832,101,262144,16156672,18128896,124928,5292032,8878080,9961472,0,0,0,0,0,5,0,0,0,100,3,15
M,80193,94208,27676726,6254300,6468,1009,13934592,1048576,524288,536576,0,2600960,9961472,4523,1681,7732,12287,27621,4206592,9728000,4259840,0,0,0,0,1,0,0,0,2293760,262144,2007593,593367,1108480,244736,115,262144,16033792,18038784,176128,5324800,8853504,9961472,0,0,0,0,0,5,0,0,0,100,3,15
M,82008,98304,27871097,6345285,6502,1015,13934592,1048576,524288,536576,0,2592768,9961472,4554,1683,7765,12515,28072,4206592,9728000,4259840,0,0,0,0,1,0,0,0,2293760,262144,1985148,603524,1092608,244736,102,262144,16113664,18096128,148480,5308416,8868864,9961472,0,0,0,0,0,5,0,0,0,100,3,15
M,84111,167936,28223192,6521700,6564,1031,13934592,1048576,524288,536576,0,2605056,9961472,4609,1698,7835,12876,28757,4206592,9728000,4259840,0,0,0,0,1,0,0,0,2293760,262144,2003524,589244,1095680,249344,102,262144,16211968,18214912,133120,5283840,8865792,9961472,0,0,0,0,0,5,0,0,0,100,3,15
M,86138,98304,28406757,6603962,6594,1036,13934592,1048576,524288,536576,0,2609152,9961472,4627,1704,7859,13054,29065,4206592,9728000,4259840,0,0,0,0,1,0,0,0,2293760,262144,2044030,575939,1103872,245760,106,262144,16248832,18272256,144384,5279744,8857600,9961472,0,0,0,0,0,5,0,0,0,100,3,15
M,88090,135168,28788275,6799174,6658,1046,13938688,1048576,524288,536576,0,2576384,9961472,4693,1711,7932,13465,29777,4206592,9732096,4259840,0,0,0,0,1,0,0,0,2293760,262144,1945223,631161,1071104,252416,86,262144,16138240,18087936,112640,5300224,8887296,9961472,0,0,0,0,0,5,0,0,0,100,3,15
M,90727,8192,29164617,6799230,6763,1054,13938688,1048576,524288,536576,0,2568192,9961472,4778,1730,8036,13620,30186,4206592,9732096,4259840,0,0,0,0,1,0,0,0,2293760,262144,1935322,628774,1070592,247296,84,262144,16071680,18006016,117760,5304320,8887296,9961472,0,0,0,0,0,5,0,0,0,100,3,15
M,92026,0,29480009,6799230,6845,1054,13938688,1048576,524288,536576,0,2592768,9961472,4851,1756,8135,13736,30609,4206592,9732096,4259840,0,0,0,0,1,0,0,0,2293760,262144,2009510,566874,1099776,231936,101,262144,16192512,18198528,152576,5283840,8861696,9961472,0,0,0,0,0,5,0,0,0,100,3,15
M,94284,0,29826121,6799230,6935,1054,13938688,1048576,524288,536576,0,2588672,9961472,4951,1786,8265,13927,31578,4206592,9732096,4259840,0,0,0,0,1,0,0,0,2293760,262144,1979762,608910,1087488,245760,96,262144,16163840,18141184,131072,5304320,8873984,9961472,0,0,0,0,0,5,0,0,0,100,3,15
M,96321,0,30161493,6799230,7038,1054,13938688,1048576,524288,536576,0,2588672,9961472,5033,1812,8373,14027,32052,4206592,9732096,4259840,0,0,0,0,1,0,0,0,2293760,262144,2009116,575460,1086976,238592,89,262144,16401408,18399232,120832,5263360,8879104,9961472,0,0,0,0,0,5,0,0,0,100,3,15
M,100079,0,30817789,6799230,7214,1054,13963264,1048576,524288,536576,0,2596864,9961472,5186,1871,8586,14265,32776,4206592,9756672,4268032,0,0,0,0,1,0,0,0,2301952,262144,2023221,573643,1111552,249344,122,262144,16152576,18173952,158720,5296128,8853504,9961472,0,0,0,0,0,5,0,0,0,100,3,16
M,100411,0,30825981,6799230,7216,1054,13963264,1048576,524288,536576,0,2596864,9961472,5189,1872,8590,14267,32782,4206592,9756672,4268032,0,0,0,0,1,0,0,0,2301952,262144,2016777,580087,1108480,252416,125,262144,16107520,18120704,164864,5304320,8853504,9961472,0,0,0,0,0,5,0,0,0,100,3,16
M,102172,0,31221757,6799230,7316,1054,13967360,1048576,524288,536576,0,2580480,9961472,5287,1894,8710,14546,33448,4206592,9760768,4268032,0,0,0,0,1,0,0,0,2301952,262144,2008548,567836,1103872,244736,123,262144,16011264,18096128,268288,5349376,8813568,9961472,0,0,0,0,0,5,0,0,0,100,3,16
M,104173,0,31801589,6831998,7464,1062,14000128,1048576,524288,536576,0,2613248,9961472,5420,1929,8881,14878,34261,4231168,9768960,4268032,0,0,0,0,1,0,0,0,2301952,262144,2062466,546686,1121280,243200,117,262144,16172032,18210816,185344,5296128,8844288,9961472,0,0,0,0,0,5,0,0,0,100,3,16
M,106122,0,31817461,6831998,7468,1062,14008320,1048576,524288,536576,0,2596864,9961472,5427,1929,8888,14898,34335,4231168,9777152,4268032,0,0,0,0,1,0,0,0,2301952,262144,2042777,549991,1108992,242176,112,262144,16206848,18235392,162816,5287936,8852480,9961472,0,0,0,0,0,5,0,0,0,100,3,16
M,108254,0,32363253,6831998,7608,1062,14028800,1048576,524288,536576,0,2621440,9961472,5542,1953,9031,15277,35109,4231168,9797632,4268032,0,0,0,0,1,0,0,0,2301952,262144,2076256,545184,1126400,246272,125,262144,16429056,18522112,141312,5230592,8835072,9961472,0,0,0,0,0,5,0,0,0,100,3,16
M,110004,0,32605891,6831998,7669,1062,14028800,1048576,524288,536576,0,2629632,9961472,5579,1967,9082,15455,35415,4231168,9797632,4268032,0,0,0,0,1,0,0,0,2301952,262144,2109555,520077,1137152,245248,151,262144,16370688,18477056,194560,5275648,8824832,9961472,0,0,0,0,0,5,0,0,0,100,3,16
M,112468,0,33462410,6930302,7884,1086,14028800,1048576,524288,536576,0,2629632,9961472,5735,2016,9288,15794,36286,4231168,9797632,4268032,0,0,0,0,1,0,0,0,2301952,262144,2123432,506200,1133568,241152,148,262144,16507904,18616320,207872,5283840,8832000,9961472,0,0,0,0,0,5,0,0,0,100,3,16
M,115142,0,33470602,6930302,7886,1086,14028800,1048576,524288,536576,0,2625536,9961472,5737,2016,9290,15798,36292,4231168,9797632,4268032,0,0,0,0,1,0,0,0,2301952,262144,2111144,514392,1129472,241152,148,262144,16272384,18366464,284672,5378048,8824832,9961472,0,0,0,0,0,5,0,0,0,100,3,16
M,116022,0,33659018,6963070,7932,1094,14028800,1048576,524288,536576,0,2617344,9961472,5766,2030,9333,15899,36498,4231168,9797632,4268032,0,0,0,0,1,0,0,0,2301952,262144,2031696,581552,1100288,248832,125,262144,16362496,18391040,193536,5337088,8861696,9961472,0,0,0,0,0,5,0,0,0,100,3,16
M,118056,0,34122890,6963070,8048,1094,14028800,1048576,524288,536576,0,2617344,9961472,5870,2060,9471,16230,37260,4231168,9797632,4268032,0,0,0,0,1,0,0,0,2301952,262144,2071063,550377,1122304,244736,136,262144,16126976,18157568,261120,5402624,8847360,9961472,0,0,0,0,0,5,0,0,0,100,3,16
M,120281,0,34429578,6995838,8125,1102,14028800,1048576,524288,536576,0,2637824,9961472,5936,2083,9556,16426,37716,4231168,9797632,4268032,0,0,0,0,1,0,0,0,2301952,262144,2082022,555802,1132032,245760,150,262144,16169984,18231296,285696,5414912,8834048,9961472,0,0,0,0,0,5,0,0,0,100,3,16
M,122088,0,34799242,7028606,8217,1110,14028800,1048576,524288,536576,0,2658304,9961472,6011,2103,9651,16649,38153,4231168,9797632,4268032,0,0,0,0,1,0,0,0,2301952,262144,2105074,549134,1145344,242688,148,262144,16203776,18305024,268288,5373952,8816640,9961472,0,0,0,0,0,5,0,0,0,100,3,16
M,124018,12288,35094154,7082590,8290,1122,14028800,1048576,524288,536576,0,2609152,9961472,6087,2112,9736,16827,38597,4231168,9797632,4268032,0,0,0,0,1,0,0,0,2301952,262144,2069887,539265,1108992,237568,118,262144,16523264,18591744,158720,5259264,8852480,9961472,0,0,0,0,0,5,0,0,0,100,3,16
M,126049,0,35494538,7082590,8391,1122,14028800,1048576,524288,536576,0,2650112,9961472,6175,2133,9845,17100,39184,4231168,9797632,4268032,0,0,0,0,1,0,0,0,2301952,262144,2128576,517440,1137664,243712,138,262144,16508928,18636800,165888,5242880,8823808,9961472,0,0,0,0,0,5,0,0,0,100,3,16
M,128018,0,35804298,7082590,8470,1122,14028800,1048576,524288,536576,0,2658304,9961472,6238,2139,9914,17293,39541,4231168,9797632,4268032,0,0,0,0,1,0,0,0,2301952,262144,2120369,533839,1141760,246784,141,262144,16378880,18497536,185344,5279744,8819712,9961472,0,0,0,0,0,5,0,0,0,100,3,16
M,130018,0,36148874,7082590,8557,1122,14028800,1048576,524288,536576,0,2633728,9961472,6327,2150,10014,17537,40113,4231168,9797632,4268032,0,0,0,0,1,0,0,0,2301952,262144,2063088,570640,1113088,253440,126,262144,16416768,18481152,142336,5263360,8848384,9961472,0,0,0,0,0,5,0,0,0,100,3,16
M,132056,0,36492426,7082590,8643,1122,14028800,1048576,524288,536576,0,2629632,9961472,6405,2162,10104,17778,40611,4231168,9797632,4268032,0,0,0,0,1,0,0,0,2301952,262144,2056025,569511,1121280,246272,130,262144,16209920,18264064,181248,5312512,8840192,9961472,0,0,0,0,0,5,0,0,0,100,3,16
M,134083,0,37054090,7082590,8784,1122,14028800,1048576,524288,536576,0,2613248,9961472,6536,2190,10263,18134,41422,4231168,9797632,4268032,0,0,0,0,1,0,0,0,2301952,262144,2034722,574430,1103360,247296,122,262144,16471040,18522112,125952,5246976,8858624,9961472,0,0,0,0,0,5,0,0,0,100,3,16
M,136287,0,37456522,7082590,8885,1122,14028800,1048576,524288,536576,0,2617344,9961472,6633,2211,10381,18395,42078,4231168,9797632,4268032,0,0,0,0,1,0,0,0,2301952,262144,2033662,583682,1095168,253440,120,262144,16424960,18456576,129024,5275648,8864768,9961472,0,0,0,0,0,5,0,0,0,100,3,16
M,138045,0,37673098,7082590,8938,1122,14028800,1048576,524288,536576,0,2633728,9961472,6691,2227,10455,18508,42454,4231168,9797632,4268032,0,0,0,0,1,0,0,0,2301952,262144,2081110,552618,1123840,238080,130,262144,16425984,18477056,145408,5279744,8854528,9961472,0,0,0,0,0,5,0,0,0,100,3,16
M,140031,0,38066826,7115358,9037,1130,14028800,1048576,524288,536576,0,2605056,9961472,6787,2251,10575,18783,43042,4231168,9797632,4268032,0,0,0,0,1,0,0,0,2301952,262144,2004846,600210,1085952,243200,98,262144,16386048,18386944,112640,5275648,8876032,9961472,0,0,0,0,0,5,0,0,0,100,3,16
M,142062,0,38441610,7115358,9131,1130,14028800,1048576,524288,536576,0,2633728,9961472,6880,2276,10693,19038,43630,4231168,9797632,4268032,0,0,0,0,1,0,0,0,2301952,262144,2028565,596971,1105920,249344,113,262144,16243712,18268160,151552,5304320,8855552,9961472,0,0,0,0,0,5,0,0,0,100,3,16
M,144049,0,38897290,7115358,9245,1130,14028800,1048576,524288,536576,0,2641920,9961472,6993,2302,10832,19293,44264,4231168,9797632,4268032,0,0,0,0,1,0,0,0,2301952,262144,2041705,596119,1117696,247808,118,262144,16089088,18112512,168960,5337088,8848384,9961472,0,0,0,0,0,5,0,0,0,100,3,16
M,146000,0,39052426,7115358,9283,1130,14028800,1048576,524288,536576,0,2646016,9961472,7032,2310,10879,19387,44512,4231168,9797632,4268032,0,0,0,0,1,0,0,0,2301952,262144,2099657,546359,1122816,246784,121,262144,16542720,18632704,124928,5234688,8843264,9961472,0,0,0,0,0,5,0,0,0,100,3,16
M,148160,0,39679114,7115358,9441,1130,14028800,1048576,524288,536576,0,2658304,9961472,7183,2345,11065,19771,45299,4231168,9797632,4268032,0,0,0,0,1,0,0,0,2301952,262144,2075745,578463,1125888,248320,127,262144,16289792,18362368,161792,5300224,8836096,9961472,0,0,0,0,0,5,0,0,0,100,3,16
M,150042,0,39928970,7115358,9505,1130,14028800,1048576,524288,536576,0,2633728,9961472,7256,2359,11152,19926,45694,4231168,9797632,4268032,0,0,0,0,1,0,0,0,2301952,262144,2022186,607446,1098752,247296,105,262144,16311296,18329600,130048,5300224,8862720,9961472,0,0,0,0,0,5,0,0,0,100,3,16
M,152033,0,40303242,7115358,9599,1130,14028800,1048576,524288,536576,0,2662400,9961472,7341,2382,11261,20176,46132,4231168,9797632,4268032,0,0,0,0,1,0,0,0,2301952,262144,2038820,623580,1122816,253440,130,262144,16049152,18087936,192512,5378048,8839168,9961472,0,0,0,0,0,5,0,0,0,100,3,16
M,154205,0,41097297,7115358,9799,1130,14028800,1048576,524288,536576,0,2609152,9961472,7531,2423,11492,20660,47264,4231168,9797632,4268032,0,0,0,0,1,0,0,0,2301952,262144,1997187,611965,1086464,245760,101,262144,16314368,18309120,130048,5304320,8875008,9961472,0,0,0,0,0,5,0,0,0,100,3,16
M,156395,0,41125457,7115358,9806,1130,14028800,1048576,524288,536576,0,2621440,9961472,7532,2427,11497,20683,47299,4231168,9797632,4268032,0,0,0,0,1,0,0,0,2301952,262144,2020813,600627,1098752,245760,110,262144,16300032,18317312,146432,5308416,8850432,9961472,0,0,0,0,0,5,0,0,0,100,3,16
M,158008,0,41521233,7115358,9907,1130,14028800,1048576,524288,536576,0,2641920,9961472,7636,2456,11630,20932,47942,4231168,9797632,4268032,0,0,0,0,1,0,0,0,2301952,262144,2058588,583332,1111552,251904,124,262144,16390144,18448384,143360,5287936,8850432,9961472,0,0,0,0,0,5,0,0,0,100,3,16
M,160151,0,41880145,7115358,9998,1130,14028800,1048576,524288,536576,0,2625536,9961472,7724,2473,11740,21178,48614,4231168,9797632,4268032,0,0,0,0,1,0,0,0,2301952,262144,2019475,606061,1086976,252928,104,262144,16487424,18505728,96256,5238784,8870912,9961472,0,0,0,0,0,5,0,0,0,100,3,16
M,162039,0,42244689,7115358,10091,1130,14028800,1048576,524288,536576,0,2629632,9961472,7817,2493,11848,21392,49078,4231168,9797632,4268032,0,0,0,0,1,0,0,0,2301952,262144,1999254,630378,1092096,247808,103,262144,16236544,18235392,134144,5324800,8869888,9961472,0,0,0,0,0,5,0,0,0,100,3,16
M,164137,0,42594385,7115358,10180,1130,14028800,1048576,524288,536576,0,2621440,9961472,7913,2512,11963,21602,49689,4231168,9797632,4268032,0,0,0,0,1,0,0,0,2301952,262144,1988451,628893,1096192,245760,109,262144,16128000,18120704,162816,5345280,8865792,9961472,0,0,0,0,0,5,0,0,0,100,3,16
M,166290,0,42952273,7115358,10270,1130,14028800,1048576,524288,536576,0,2609152,9961472,8008,2539,12085,21854,50341,4231168,9797632,4268032,0,0,0,0,1,0,0,0,2301952,262144,2012281,596871,1096192,242688,105,262144,16242688,18231296,138240,5300224,8873984,9961472,0,0,0,0,0,5,0,0,0,100,3,16
M,168105,0,43295825,7115358,10356,1130,14028800,1048576,524288,536576,0,2637824,9961472,8083,2563,12184,22084,50794,4231168,9797632,4268032,0,0,0,0,1,0,0,0,2301952,262144,2039084,594644,1124864,243712,123,262144,16063488,18096128,197632,5353472,8841216,9961472,0,0,0,0,0,5,0,0,0,100,3,16
M,170083,0,43906129,7115358,10508,1130,14028800,1048576,524288,536576,0,2646016,9961472,8213,2587,12338,22428,51475,4231168,9797632,4268032,0,0,0,0,1,0,0,0,2301952,262144,2066906,579110,1126400,252416,131,262144,16211968,18276352,174080,5312512,8835072,9961472,0,0,0,0,0,5,0,0,0,100,3,16
M,172027,0,44016209,7115358,10535,1130,14028800,1048576,524288,536576,0,2646016,9961472,8242,2590,12370,22504,51669,4231168,9797632,4268032,0,0,0,0,1,0,0,0,2301952,262144,2097628,544292,1130496,247296,131,262144,16386048,18481152,157696,5263360,8830976,9961472,0,0,0,0,0,5,0,0,0,100,3,16
M,174116,0,44545105,7115358,10668,1130,14028800,1048576,524288,536576,0,2629632,9961472,8358,2629,12525,22843,52375,4231168,9797632,4268032,0,0,0,0,1,0,0,0,2301952,262144,2084934,540602,1128448,243712,144,262144,16320512,18403328,212992,5316608,8833024,9961472,0,0,0,0,0,5,0,0,0,100,3,16
M,176067,0,44824657,7148126,10739,1138,14028800,1048576,524288,536576,0,2588672,9961472,8434,2643,12615,23031,52850,4231168,9797632,4268032,0,0,0,0,1,0,0,0,2301952,262144,1978609,605967,1076736,245248,97,262144,16326656,18305024,144384,5312512,8885248,9961472,0,0,0,0,0,5,0,0,0,100,3,16
M,178032,0,45307985,7148126,10862,1138,14028800,1048576,524288,536576,0,2621440,9961472,8538,2688,12764,23376,53595,4231168,9797632,4268032,0,0,0,0,1,0,0,0,2301952,262144,2067536,545712,1119232,246272,138,262144,16333824,18399232,194560,5300224,8842240,9961472,0,0,0,0,0,5,0,0,0,100,3,16
M,180039,0,45504593,7148126,10910,1138,14028800,1048576,524288,536576,0,2641920,9961472,8574,2698,12812,23530,53878,4231168,9797632,4268032,0,0,0,0,1,0,0,0,2301952,262144,2166680,487528,1150976,250880,151,262144,16585728,18751488,133120,5181440,8810496,9961472,0,0,0,0,0,5,0,0,0,100,3,16
M,182150,0,45915729,7213662,11012,1154,14028800,1048576,524288,536576,0,2637824,9961472,8655,2718,12911,23749,54331,4231168,9797632,4268032,0,0,0,0,1,0,0,0,2301952,262144,2095888,537840,1138688,245760,134,262144,16239616,18333696,185344,5283840,8822784,9961472,0,0,0,0,0,5,0,0,0,100,3,16
M,184049,0,46321745,7213662,11116,1154,14127104,1048576,524288,536576,0,2654208,9961472,8747,2738,13025,24033,54886,4235264,9891840,4268032,0,0,0,0,1,0,0,0,2301952,262144,2083340,570868,1146368,249856,144,262144,15992832,18071552,247808,5378048,8815616,9961472,0,0,0,0,0,5,0,0,0,100,3,16
M,186086,12288,46607441,7255368,11186,1163,14127104,1048576,524288,536576,0,2682880,9961472,8794,2751,13085,24187,55160,4235264,9891840,4268032,0,0,0,0,1,0,0,0,2301952,262144,2161304,517480,1167872,249344,151,262144,16273408,18550784,163840,5238784,8807424,9961472,0,0,0,0,0,5,0,0,0,100,3,16
M,188043,0,47036497,7255368,11294,1163,14127104,1048576,524288,536576,0,2670592,9961472,8875,2773,13188,24469,55649,4235264,9891840,4268032,0,0,0,0,1,0,0,0,2301952,262144,2086948,579548,1144832,247296,142,262144,16071680,18157568,252928,5394432,8816640,9961472,0,0,0,0,0,5,0,0,0,100,3,16
M,190061,0,47427665,7320904,11392,1179,14127104,1048576,524288,536576,0,2691072,9961472,8962,2796,13298,24722,56143,4235264,9891840,4268032,0,0,0,0,1,0,0,0,2301952,262144,2116780,574292,1153536,251904,150,262144,16181248,18288640,265216,5402624,8812544,9961472,0,0,0,0,0,5,0,0,0,100,3,16
M,192233,0,47868497,7353672,11502,1187,14131200,1048576,524288,536576,0,2695168,9961472,9070,2818,13428,24970,56670,4235264,9895936,4268032,0,0,0,0,1,0,0,0,2301952,262144,2136362,558806,1166848,249344,150,262144,16116736,18243584,293888,5390336,8799232,9961472,0,0,0,0,0,5,0,0,0,100,3,16
M,194047,0,48151121,7353672,11571,1187,14151680,1048576,524288,536576,0,2691072,9961472,9137,2835,13512,25121,57067,4235264,9916416,4276224,0,0,0,0,1,0,0,0,2310144,262144,2129569,557407,1163776,247296,148,262144,16086016,18210816,288768,5402624,8798208,9961472,0,0,0,0,0,5,0,0,0,100,3,17
M,196188,0,48637521,7353672,11693,1187,14151680,1048576,524288,536576,0,2686976,9961472,9254,2858,13652,25366,57728,4235264,9916416,4276224,0,0,0,0,1,0,0,0,2310144,262144,2115627,571349,1149952,253440,139,262144,16309248,18419712,203776,5328896,8819712,9961472,0,0,0,0,0,5,0,0,0,100,3,17
M,198010,0,48797265,7353672,11732,1187,14151680,1048576,524288,536576,0,2703360,9961472,9286,2868,13694,25474,57998,4235264,9916416,4276224,0,0,0,0,1,0,0,0,2310144,262144,2141632,557632,1166336,247296,155,262144,16192512,18337792,271360,5382144,8795136,9961472,0,0,0,0,0,5,0,0,0,100,3,17
M,200045,0,49173073,7386440,11825,1195,14151680,1048576,524288,536576,0,2654208,9961472,9379,2889,13808,25747,58626,4235264,9916416,4276224,0,0,0,0,1,0,0,0,2310144,262144,2079346,566670,1135104,238080,133,262144,16122880,18194432,231424,5373952,8826880,9961472,0,0,0,0,0,5,0,0,0,100,3,17
M,202298,0,49785937,7386440,11978,1195,14151680,1048576,524288,536576,0,2711552,9961472,9516,2930,13986,26146,59556,4235264,9916416,4276224,0,0,0,0,1,0,0,0,2310144,262144,2185564,525988,1174016,251904,161,262144,16419840,18591744,185344,5267456,8796160,9961472,0,0,0,0,0,5,0,0,0,100,3,17
M,204014,0,49806417,7386440,11983,1195,14151680,1048576,524288,536576,0,2703360,9961472,9523,2930,14001,26188,59666,4235264,9916416,4276224,0,0,0,0,1,0,0,0,2310144,262144,2191738,507526,1165824,247808,152,262144,16535552,18726912,158720,5226496,8796160,9961472,0,0,0,0,0,5,0,0,0,100,3,17
M,206583,0,50325757,7419208,12112,1203,14172160,1048576,524288,536576,0,2695168,9961472,9642,2951,14133,26476,60345,4235264,9936896,4276224,0,0,0,0,1,0,0,0,2310144,262144,2103344,591824,1143808,249856,122,262144,16186368,18268160,196608,5349376,8825856,9961472,0,0,0,0,0,5,0,0,0,100,3,17
M,208202,0,50611965,7419208,12184,1203,14176256,1048576,524288,536576,0,2678784,9961472,9705,2963,14208,26674,60736,4235264,9940992,4276224,0,0,0,0,1,0,0,0,2310144,262144,2089665,589119,1135616,249344,131,262144,16240640,18329600,188416,5337088,8825856,9961472,0,0,0,0,0,5,0,0,0,100,3,17
M,210896,0,50963444,7517512,12263,1227,14381056,1048576,524288,536576,0,2789376,9961472,9751,3008,14302,27006,61458,4235264,10145792,4296704,0,0,0,0,1,0,0,0,2330624,262144,2209351,580025,1183744,249856,155,262144,16510976,18735104,249856,5373952,8777728,9961472,0,0,0,0,0,5,0,0,0,100,3,17
M,212338,0,51000308,7517512,12272,1227,14381056,1048576,524288,536576,0,2801664,9961472,9756,3011,14310,27048,61563,4235264,10145792,4296704,0,0,0,0,1,0,0,0,2330624,262144,2255126,542442,1191936,245248,156,262144,16591872,18845696,233472,5337088,8769536,9961472,0,0,0,0,0,5,0,0,0,100,3,17
M,214108,0,51278632,7558472,12352,1237,14409728,1048576,524288,536576,0,2830336,9961472,9800,3039,14387,27312,62160,4235264,10174464,4304896,0,0,0,0,1,0,0,0,2338816,262144,2230632,599704,1186816,249856,164,262144,16492544,18718720,301056,5459968,8774656,9961472,0,0,0,0,0,5,0,0,0,100,3,17
M,216003,0,51364648,7628104,12368,1254,14405632,1048576,524288,536576,0,2867200,9961472,9809,3051,14409,27395,62314,4235264,10170368,4304896,0,0,0,0,1,0,0,0,2338816,262144,2312429,542483,1200128,250880,149,262144,16881664,19193856,146432,5251072,8761344,9961472,0,0,0,0,0,5,0,0,0,100,3,17
M,218077,0,51789636,7726408,12447,1279,14643200,1048576,524288,536576,0,3006464,10485760,9906,3105,14560,27708,62935,4235264,10407936,4308992,0,0,0,0,1,0,0,0,2342912,262144,2451905,554559,1298432,240128,157,262144,17381376,19853312,250880,5361664,9179136,10485760,0,0,0,0,0,5,0,0,0,100,3,17
M,220667,0,51793732,7759176,12448,1287,14655488,1048576,524288,536576,0,3022848,10485760,9909,3112,14570,27732,63004,4235264,10420224,4308992,0,0,0,0,1,0,0,0,2342912,262144,2473109,549739,1306112,239616,160,262144,17381376,19853312,261120,5373952,9180160,10485760,0,0,0,0,0,5,0,0,0,100,3,17
M,222058,0,51842884,7791944,12460,1295,14671872,1048576,524288,536576,0,3088384,10485760,9920,3129,14598,27794,63142,4235264,10436608,4308992,0,0,0,0,1,0,0,0,2342912,262144,2576957,511427,1339392,249344,163,262144,17597440,20172800,114688,5185536,9146368,10485760,0,0,0,0,0,5,0,0,0,100,3,17
M,224053,0,52198212,7935304,12550,1330,14663680,1048576,524288,598016,0,3125248,10485760,9977,3207,14735,28139,63818,4300800,10362880,4382720,0,0,0,0,1,0,0,0,2416640,262144,2507700,617548,1337856,250368,155,262144,17146880,19652608,204800,5382144,9148416,10485760,0,0,0,0,0,5,0,0,0,100,3,18
M,226628,0,52198212,7935304,12550,1330,14659584,1048576,524288,593920,0,3125248,10485760,9977,3207,14736,28148,63849,4296704,10362880,4378624,0,0,0,0,1,0,0,0,2412544,262144,2507700,617548,1337856,250368,155,262144,17146880,19652608,204800,5382144,9148416,10485760,0,0,0,0,0,5,0,0,0,100,3,18
M,228004,0,52497220,7968072,12623,1338,14516224,1048576,524288,536576,0,3035136,10485760,10016,3219,14801,28377,64293,4239360,10276864,4321280,0,0,0,0,1,0,0,0,2355200,262144,2444043,591093,1298944,246272,162,262144,17285120,19726336,205824,5361664,9187328,10485760,0,0,0,0,0,5,0,0,0,100,3,18
M,230020,0,52636484,8000840,12657,1346,14516224,1048576,524288,536576,0,3055616,10485760,10046,3232,14844,28516,64621,4239360,10276864,4321280,0,0,0,0,1,0,0,0,2355200,262144,2449611,601909,1306624,248832,154,262144,17313792,19767296,186368,5337088,9183232,10485760,0,0,0,0,0,5,0,0,0,100,3,18
M,232071,0,53086532,8070472,12771,1363,14516224,1048576,524288,536576,0,3051520,10485760,10126,3260,14952,28832,65278,4239360,10276864,4321280,0,0,0,0,1,0,0,0,2355200,262144,2450275,601245,1311232,252416,156,262144,17143808,19591168,199680,5357568,9175040,10485760,0,0,0,0,0,5,0,0,0,100,3,18
M,234017,0,53164356,8070472,12790,1363,14520320,1048576,524288,536576,0,3047424,10485760,10145,3264,14975,28903,65491,4239360,10280960,4321280,0,0,0,0,1,0,0,0,2355200,262144,2475449,571975,1310208,251392,158,262144,17336320,19808256,143360,5275648,9176064,10485760,0,0,0,0,0,5,0,0,0,100,3,18
M,236398,0,53834564,8111432,12960,1373,14512128,1048576,524288,536576,0,3047424,10485760,10284,3303,15156,29338,66537,4239360,10272768,4313088,0,0,0,0,1,0,0,0,2347008,262144,2400177,647247,1313280,241152,143,262144,16808960,19206144,217088,5423104,9177088,10485760,0,0,0,0,0,5,0,0,0,100,3,17
M,238972,0,54014788,8148296,13004,1382,14516224,1048576,524288,536576,0,3055616,10485760,10313,3315,15197,29439,66904,4239360,10276864,4313088,0,0,0,0,1,0,0,0,2347008,262144,2419529,631991,1323520,247296,156,262144,16784384,19222528,248832,5419008,9154560,10485760,0,0,0,0,0,5,0,0,0,100,3,17
M,240089,0,54022980,8148296,13006,1382,14516224,1048576,524288,536576,0,3055616,10485760,10314,3317,15200,29457,66960,4239360,10276864,4313088,0,0,0,0,1,0,0,0,2347008,262144,2441814,609706,1331712,244736,156,262144,16752640,19185664,259072,5435392,9154560,10485760,0,0,0,0,0,5,0,0,0,100,3,17
M,242720,0,54422852,8213832,13111,1398,14450688,1048576,524288,536576,0,3047424,10485760,10413,3348,15332,29772,67752,4239360,10211328,4313088,0,0,0,0,1,0,0,0,2347008,262144,2409512,637912,1328128,251392,148,262144,16741376,19169280,207872,5386240,9157632,10485760,0,0,0,0,0,5,0,0,0,100,3,17
M,244006,0,54537540,8213832,13135,1398,14446592,1048576,524288,536576,0,3047424,10485760,10430,3353,15355,29840,67912,4239360,10207232,4313088,0,0,0,0,1,0,0,0,2347008,262144,2462053,585371,1331712,253952,156,262144,16923648,19382272,155648,5304320,9154560,10485760,0,0,0,0,0,5,0,0,0,100,3,17
M,246325,0,55019844,8246600,13255,1406,14446592,1048576,524288,536576,0,3047424,10485760,10509,3379,15461,30216,68556,4239360,10207232,4313088,0,0,0,0,1,0,0,0,2347008,262144,2435612,611812,1329152,250368,156,262144,16779264,19214336,245760,5419008,9156608,10485760,0,0,0,0,0,5,0,0,0,100,3,17
M,248004,16384,55317295,8288390,13325,1415,14479360,1048576,524288,536576,0,3031040,10485760,10553,3396,15532,30415,68963,4239360,10240000,4313088,0,0,0,0,1,0,0,0,2347008,262144,2392463,638577,1303040,242176,158,262144,16845824,19230720,289792,5484544,9184256,10485760,0,0,0,0,0,5,0,0,0,100,3,17
M,250039,0,55632175,8321158,13404,1423,14479360,1048576,524288,536576,0,3092480,10485760,10602,3429,15614,30630,69339,4239360,10240000,4313088,0,0,0,0,1,0,0,0,2347008,262144,2468708,623772,1328128,250880,160,262144,17021952,19488768,279552,5468160,9157632,10485760,0,0,0,0,0,5,0,0,0,100,3,17
M,252124,0,56033099,8419462,13478,1447,14594048,1048576,524288,536576,0,3162112,10485760,10680,3470,15733,30911,69798,4239360,10354688,4313088,0,0,0,0,1,0,0,0,2347008,262144,2585602,572414,1364992,247808,165,262144,17202176,19779584,200704,5345280,9118720,10485760,0,0,0,0,0,5,0,0,0,100,3,17
M,254055,0,56065867,8419462,13486,1447,14594048,1048576,524288,536576,0,3158016,10485760,10680,3475,15738,30947,69867,4239360,10354688,4313088,0,0,0,0,1,0,0,0,2347008,262144,2575566,582450,1368064,249856,170,262144,17165312,19738624,200704,5337088,9110528,10485760,0,0,0,0,0,5,0,0,0,100,3,17
M,256043,0,56271451,8484998,13538,1463,14594048,1048576,524288,536576,0,3194880,10485760,10698,3493,15774,31124,70182,4239360,10354688,4313088,0,0,0,0,1,0,0,0,2347008,262144,2651239,531353,1387520,243712,166,262144,17384448,20033536,142336,5234688,9098240,10485760,0,0,0,0,0,5,0,0,0,100,3,17
M,258632,0,56721966,8648838,13625,1503,14716928,1048576,524288,536576,0,3325952,10485760,10762,3547,15892,31454,70868,4239360,10477568,4313088,0,0,0,0,1,0,0,0,2347008,262144,2740286,581570,1466368,248832,163,262144,16871424,19603456,204800,5341184,9023488,10485760,0,0,0,0,0,5,0,0,0,100,3,17
M,261128,0,56730158,8648838,13627,1503,14716928,1048576,524288,536576,0,3313664,10485760,10764,3547,15894,31467,70894,4239360,10477568,4313088,0,0,0,0,1,0,0,0,2347008,262144,2733974,575594,1462272,246272,163,262144,16871424,19603456,204800,5341184,9023488,10485760,0,0,0,0,0,5,0,0,0,100,3,17
M,262011,0,56829982,8648838,13652,1503,14721024,1048576,524288,536576,0,3325952,10485760,10780,3554,15917,31558,71086,4239360,10481664,4313088,0,0,0,0,1,0,0,0,2347008,262144,2799702,526250,1472512,251392,173,262144,17136640,19935232,108544,5193728,9013248,10485760,0,0,0,0,0,5,0,0,0,100,3,17
M,264431,0,57315224,8747142,13761,1527,14782464,1048576,524288,536576,0,3379200,10485760,10855,3591,16029,31878,71597,4239360,10543104,4313088,0,0,0,0,1,0,0,0,2347008,262144,2754099,616909,1497088,248832,147,262144,16535552,19288064,188416,5365760,8988672,10485760,0,0,0,0,0,5,0,0,0,100,3,17
M,266018,0,57359400,8747142,13772,1527,14786560,1048576,524288,536576,0,3375104,10485760,10864,3592,16039,31914,71685,4239360,10547200,4313088,0,0,0,0,1,0,0,0,2347008,262144,2773828,597180,1496064,249856,148,262144,16667648,19439616,159744,5316608,8989696,10485760,0,0,0,0,0,5,0,0,0,100,3,17
M,268183,0,57856637,8812678,13884,1543,14860288,1048576,524288,536576,0,3436544,10485760,10946,3628,16157,32252,72231,4239360,10620928,4313088,0,0,0,0,1,0,0,0,2347008,262144,2873516,563028,1549824,251904,172,262144,16563200,19456000,177152,5296128,8925184,10485760,0,0,0,0,0,5,0,0,0,100,3,17
M,270007,0,57964207,8845446,13911,1551,14860288,1048576,524288,536576,0,3448832,10485760,10961,3636,16180,32341,72387,4239360,10620928,4313088,0,0,0,0,1,0,0,0,2347008,262144,2887060,549484,1548800,249344,158,262144,16659456,19546112,138240,5246976,8937472,10485760,0,0,0,0,0,5,0,0,0,100,3,17
M,272170,0,58367919,8878214,14016,1559,14860288,1048576,524288,536576,0,3485696,10485760,11026,3666,16275,32671,72940,4239360,10620928,4313088,0,0,0,0,1,0,0,0,2347008,262144,2919124,562476,1582080,244736,169,262144,16369664,19283968,245760,5369856,8900608,10485760,0,0,0,0,0,5,0,0,0,100,3,17
M,274241,0,58486703,8910982,14045,1567,14860288,1048576,524288,536576,0,3469312,10485760,11052,3674,16309,32808,73197,4239360,10620928,4313088,0,0,0,0,1,0,0,0,2347008,262144,2911037,554179,1567232,247808,159,262144,16565248,19476480,145408,5259264,8919040,10485760,0,0,0,0,0,5,0,0,0,100,3,17
M,276109,0,58859489,8943750,14140,1575,14864384,1048576,524288,536576,0,3506176,10485760,11104,3698,16385,33058,73653,4239360,10625024,4313088,0,0,0,0,1,0,0,0,2347008,262144,2947061,559115,1601536,245248,176,262144,16348160,19292160,214016,5332992,8884224,10485760,0,0,0,0,0,5,0,0,0,100,3,17
M,278010,0,59029649,8976518,14184,1583,14876672,1048576,524288,536576,0,3481600,10485760,11142,3707,16432,33211,73949,4239360,10637312,4313088,0,0,0,0,1,0,0,0,2347008,262144,2939637,537867,1569280,249344,148,262144,16702464,19640320,95232,5193728,8916992,10485760,0,0,0,0,0,5,0,0,0,100,3,17
M,280108,0,59545233,8976518,14312,1583,14876672,1048576,524288,536576,0,3489792,10485760,11230,3738,16551,33580,74638,4239360,10637312,4313088,0,0,0,0,1,0,0,0,2347008,262144,2926528,559168,1587712,244224,162,262144,16398336,19349504,177152,5283840,8886272,10485760,0,0,0,0,0,5,0,0,0,100,3,17
M,282021,0,59816723,8976518,14380,1583,14876672,1048576,524288,536576,0,3489792,10485760,11279,3749,16611,33775,75018,4239360,10637312,4313088,0,0,0,0,1,0,0,0,2347008,262144,2918789,571003,1579008,248320,151,262144,16484352,19394560,135168,5267456,8910848,10485760,0,0,0,0,0,5,0,0,0,100,3,17
M,284225,0,60266259,8976518,14493,1583,14876672,1048576,524288,536576,0,3465216,10485760,11370,3768,16721,34097,75668,4239360,10637312,4313088,0,0,0,0,1,0,0,0,2347008,262144,2860115,601005,1557504,244224,137,262144,16418816,19279872,140288,5300224,8928256,10485760,0,0,0,0,0,5,0,0,0,100,3,17
M,286172,0,60597571,8976518,14577,1583,14876672,1048576,524288,536576,0,3510272,10485760,11423,3790,16796,34316,76132,4239360,10637312,4313088,0,0,0,0,1,0,0,0,2347008,262144,2959849,546327,1602560,247296,168,262144,16406528,19365888,165888,5267456,8883200,10485760,0,0,0,0,0,5,0,0,0,100,3,17
M,288027,0,60790131,8976518,14625,1583,14876672,1048576,524288,536576,0,3497984,10485760,11455,3796,16835,34475,76454,4239360,10637312,4313088,0,0,0,0,1,0,0,0,2347008,262144,2966494,523298,1586176,241152,155,262144,16644096,19607552,104448,5189632,8899584,10485760,0,0,0,0,0,5,0,0,0,100,3,17
M,290495,0,61314003,9009286,14756,1591,14876672,1048576,524288,536576,0,3502080,10485760,11555,3823,16961,34808,77157,4239360,10637312,4313088,0,0,0,0,1,0,0,0,2347008,262144,2923402,578678,1601024,249856,170,262144,16252928,19177472,209920,5345280,8885248,10485760,0,0,0,0,0,5,0,0,0,100,3,17
M,292042,0,61486035,9042054,14798,1599,14876672,1048576,524288,536576,0,3518464,10485760,11577,3832,16992,34920,77363,4239360,10637312,4313088,0,0,0,0,1,0,0,0,2347008,262144,2932969,585495,1603072,251392,171,262144,16251904,19181568,227328,5373952,8883200,10485760,0,0,0,0,0,5,0,0,0,100,3,17
M,294147,0,61992915,9111686,14925,1616,14876672,1048576,524288,536576,0,3506176,10485760,11669,3862,17114,35250,77983,4239360,10637312,4313088,0,0,0,0,1,0,0,0,2347008,262144,2900388,605788,1587712,250368,175,262144,16254976,19152896,275456,5443584,8898560,10485760,0,0,0,0,0,5,0,0,0,100,3,17
M,296016,0,62091219,9111686,14949,1616,14876672,1048576,524288,536576,0,3502080,10485760,11687,3867,17137,35317,78168,4239360,10637312,4313088,0,0,0,0,1,0,0,0,2347008,262144,2904970,593014,1579520,247296,164,262144,16379904,19283968,210944,5365760,8906752,10485760,0,0,0,0,0,5,0,0,0,100,3,17
M,298280,0,62688211,9177222,15098,1632,14876672,1048576,524288,536576,0,3469312,10485760,11818,3903,17304,35704,79017,4239360,10637312,4313088,0,0,0,0,1,0,0,0,2347008,262144,2821946,647366,1553408,251904,147,262144,16273408,19103744,199680,5398528,8932352,10485760,0,0,0,0,0,5,0,0,0,100,3,17
M,300046,0,62733267,9177222,15109,1632,14876672,1048576,524288,536576,0,3502080,10485760,11830,3911,17324,35751,79146,4239360,10637312,4313088,0,0,0,0,1,0,0,0,2347008,262144,2949555,548429,1586176,247808,168,262144,16548864,19496960,171008,5279744,8903680,10485760,0,0,0,0,0,5,0,0,0,100,3,17
