label,ms,VFAT\DirtyData,VFAT\BReadsSec,VFAT\BWritesSec,VFAT\ReadsSec,VFAT\WritesSec,VMM\cpgCommit,VMM\cpgDiskcacheMac,VMM\cpgDiskcacheMin,VMM\cpgDiskcache,VMM\cpgSwapfileDefective,VMM\cpgSwapfileInUse,VMM\cpgSwapfile,VMM\cDiscards,VMM\cPageOuts,VMM\cPageIns,VMM\cInstanceFaults,VMM\cPageFaults,VMM\cpgOther,VMM\cpgSwap,VMM\cpgLocked,VMM\cpgFree,KERNEL\CPUUsage,KERNEL\VMs,KERNEL\Threads
a,0,4096,7491464,3966184,2035,1306,10743808,1048576,524288,573440,0,2940928,33554432,522,787,1854,2350,4877,4763648,5980160,2027520,0,100,3,16
a,2001,0,7491464,3982568,2035,1310,10850304,1048576,524288,679936,0,2953216,33554432,544,791,1854,2642,5169,4870144,5980160,2134016,0,100,3,16
a,4002,0,7491464,3982568,2035,1310,10850304,1048576,524288,679936,0,2953216,33554432,544,791,1854,2930,5457,4870144,5980160,2134016,0,100,3,16
a,6009,0,7491464,3982568,2035,1310,10850304,1048576,524288,679936,0,2953216,33554432,544,791,1854,3229,5756,4870144,5980160,2134016,0,100,3,16
a,8063,327680,7840952,4271643,2088,1333,10821632,1048576,524288,655360,0,2969600,33554432,551,796,1859,3448,5981,4845568,5976064,2113536,4096,100,3,16
a,10051,200704,8053497,4497075,2096,1341,10821632,1048576,524288,655360,0,2969600,33554432,551,796,1859,3548,6081,4845568,5976064,2113536,4096,100,3,16
a,12218,135168,8263887,4734713,2108,1354,10821632,1048576,524288,655360,0,2969600,33554432,551,796,1859,3708,6241,4845568,5976064,2113536,4096,100,3,16
a,14052,172032,8542162,4981046,2122,1367,10821632,1048576,524288,655360,0,2969600,33554432,551,796,1859,3875,6408,4845568,5976064,2113536,4096,100,3,16
a,16003,122880,8708287,5159106,2164,1390,10821632,1048576,524288,655360,0,2969600,33554432,551,796,1859,4079,6612,4845568,5976064,2113536,4096,100,3,16
a,18460,167936,9098290,5565493,2174,1404,10932224,1048576,524288,761856,0,2985984,33554432,573,800,1859,4191,6724,4956160,5976064,2224128,0,100,3,16
a,20040,274432,9361924,5808633,2189,1418,10928128,1048576,524288,761856,0,2985984,33554432,573,800,1859,4346,6879,4952064,5976064,2220032,4096,100,3,16
a,22010,208896,9563174,6030377,2201,1431,10928128,1048576,524288,761856,0,2985984,33554432,573,800,1859,4511,7044,4952064,5976064,2220032,4096,100,3,16
a,24002,49152,9741596,6188840,2238,1447,10928128,1048576,524288,761856,0,2985984,33554432,573,800,1859,4701,7234,4952064,5976064,2220032,4096,100,3,16
a,26020,262144,10122709,6606769,2254,1473,11034624,1048576,524288,868352,0,3006464,33554432,590,809,1859,4820,7353,5058560,5976064,2326528,4096,100,3,16
a,28405,192512,10427106,6911166,2269,1488,11034624,1048576,524288,868352,0,3006464,33554432,590,809,1859,4995,7528,5058560,5976064,2326528,4096,100,3,16
a,30199,176128,10667869,7151929,2283,1502,11034624,1048576,524288,868352,0,3006464,33554432,590,809,1859,5152,7685,5058560,5976064,2326528,4096,100,3,16
a,32009,188416,10855028,7310384,2340,1518,11042816,1048576,524288,843776,0,3006464,33554432,590,809,1865,5332,7873,5038080,6004736,2310144,0,100,3,17
a,34025,0,10920812,7310384,2360,1518,11018240,1048576,524288,757760,0,3006464,33554432,590,809,1892,5394,7992,4976640,6041600,2224128,0,100,3,17
a,36112,4096,11358681,7425072,2457,1546,11046912,1048576,524288,540672,0,3092480,33554432,629,837,1997,5603,8327,4763648,6283264,2011136,0,100,3,18
a,38006,0,11662785,7523376,2510,1570,11325440,1048576,524288,540672,0,3153920,33554432,710,861,2025,5821,8694,4767744,6557696,2043904,49152,100,3,19
a,40020,0,12111003,7777328,2563,1632,11628544,1048576,524288,647168,0,3371008,33554432,763,923,2066,5946,8896,4878336,6750208,2150400,0,100,3,18
a,42026,4096,12510650,7986224,2645,1683,11689984,1048576,524288,540672,0,3551232,33554432,791,974,2130,6095,9140,4771840,6918144,2043904,0,100,3,18
a,44000,4096,12784877,8170544,2811,1728,11747328,1048576,524288,540672,0,3723264,33554432,816,1019,2187,6124,9258,4775936,6971392,2043904,0,100,3,18
a,46061,0,12941151,8367152,2853,1776,12193792,1048576,524288,540672,0,3903488,33554432,825,1067,2224,6152,9391,4775936,7417856,2043904,0,100,3,18
a,48340,4096,13203209,8625200,2915,1839,12021760,1048576,524288,647168,0,4079616,33554432,881,1130,2278,6181,9592,4853760,7168000,2146304,0,100,3,17
a,50007,0,13430201,8633392,2977,1841,11915264,1048576,524288,540672,0,4087808,33554432,907,1132,2332,6288,9745,4747264,7168000,2039808,0,100,3,17
a,52004,0,13430201,8633392,2977,1841,11915264,1048576,524288,540672,0,4087808,33554432,907,1132,2332,6375,9832,4747264,7168000,2039808,0,100,3,17
a,54000,0,13430201,8633392,2977,1841,11915264,1048576,524288,540672,0,4087808,33554432,907,1132,2332,6463,9920,4747264,7168000,2039808,0,100,3,17
a,56000,0,13430201,8633392,2977,1841,11915264,1048576,524288,540672,0,4087808,33554432,907,1132,2332,6553,10010,4747264,7168000,2039808,0,100,3,17
a,58006,0,13430201,8633392,2977,1841,11915264,1048576,524288,540672,0,4087808,33554432,907,1132,2332,6641,10098,4747264,7168000,2039808,0,100,3,17
a,60005,0,13430201,8633392,2977,1841,11915264,1048576,524288,540672,0,4087808,33554432,907,1132,2332,6731,10188,4747264,7168000,2039808,0,100,3,17
a,62140,0,13430201,8638413,2977,1842,11915264,1048576,524288,540672,0,4087808,33554432,907,1132,2332,6830,10287,4747264,7168000,2039808,0,100,3,17
a,64013,0,13430201,8638413,2977,1842,11915264,1048576,524288,540672,0,4087808,33554432,907,1132,2332,6914,10371,4747264,7168000,2039808,0,100,3,17
a,66012,0,13430201,8638413,2977,1842,11915264,1048576,524288,540672,0,4087808,33554432,907,1132,2332,7001,10458,4747264,7168000,2039808,0,100,3,17
a,68004,0,13430201,8638413,2977,1842,11915264,1048576,524288,540672,0,4087808,33554432,907,1132,2332,7089,10546,4747264,7168000,2039808,0,100,3,17
a,70008,0,13430201,8638413,2977,1842,11915264,1048576,524288,540672,0,4087808,33554432,907,1132,2332,7178,10635,4747264,7168000,2039808,0,100,3,17
a,72027,0,13430201,8638413,2977,1842,11915264,1048576,524288,540672,0,4087808,33554432,907,1132,2332,7267,10724,4747264,7168000,2039808,0,100,3,17
a,74003,0,13430201,8638413,2977,1842,11915264,1048576,524288,540672,0,4087808,33554432,907,1132,2332,7354,10811,4747264,7168000,2039808,0,100,3,17
a,76001,0,13430201,8638413,2977,1842,11915264,1048576,524288,540672,0,4087808,33554432,907,1132,2332,7443,10900,4747264,7168000,2039808,0,100,3,17
a,78001,0,13430201,8638413,2977,1842,11915264,1048576,524288,540672,0,4087808,33554432,907,1132,2332,7531,10988,4747264,7168000,2039808,0,100,3,17
a,80002,0,13430201,8638413,2977,1842,11915264,1048576,524288,540672,0,4087808,33554432,907,1132,2332,7621,11078,4747264,7168000,2039808,0,100,3,17
a,82006,0,13430201,8638413,2977,1842,11915264,1048576,524288,540672,0,4087808,33554432,907,1132,2332,7708,11165,4747264,7168000,2039808,0,100,3,17
a,84003,0,13430201,8638413,2977,1842,11915264,1048576,524288,540672,0,4087808,33554432,907,1132,2332,7797,11254,4747264,7168000,2039808,0,100,3,17
a,86005,0,13430201,8638413,2977,1842,11915264,1048576,524288,540672,0,4087808,33554432,907,1132,2332,7885,11342,4747264,7168000,2039808,0,100,3,17
a,88012,0,13430201,8638413,2977,1842,11915264,1048576,524288,540672,0,4087808,33554432,907,1132,2332,7975,11432,4747264,7168000,2039808,0,100,3,17
a,90004,0,13486401,8662989,3001,1848,11943936,1048576,524288,540672,0,4108288,33554432,914,1138,2345,8044,11513,4747264,7196672,2043904,0,100,3,18
a,92000,0,13564473,8761293,3024,1872,12005376,1048576,524288,540672,0,4165632,33554432,914,1162,2372,8094,11593,4775936,7229440,2043904,0,100,3,18
a,94002,0,13950009,9031629,3124,1938,12124160,1048576,524288,540672,0,4403200,33554432,954,1228,2482,8126,11759,4775936,7348224,2048000,0,100,3,19
a,96054,4096,14153113,9232333,3220,1987,15187968,1048576,524288,540672,0,4591616,33554432,979,1277,2581,8158,11900,7417856,7770112,2064384,0,100,3,20
a,98010,0,14498833,9379789,3315,2023,15040512,1048576,524288,540672,0,4616192,33554432,1033,1313,2688,8180,12056,7397376,7643136,2060288,0,100,3,19
a,100114,0,14871057,9670605,3409,2094,15261696,1048576,524288,753664,0,4820992,33554432,1128,1384,2815,8221,12243,7581696,7680000,2269184,0,100,3,18
a,102008,0,15288001,9748429,3520,2113,15073280,1048576,524288,565248,0,4898816,33554432,1168,1403,2920,8354,12492,7393280,7680000,2080768,0,100,3,18
a,104057,0,15574613,9797581,3595,2125,15089664,1048576,524288,540672,0,4890624,33554432,1228,1415,2997,8539,12769,7393280,7696384,2056192,0,100,3,18
a,106049,0,15857777,9879501,3664,2145,15163392,1048576,524288,540672,0,4943872,33554432,1294,1435,3068,8671,13034,7393280,7770112,2056192,0,100,3,18
a,108034,0,16141281,10084301,3739,2195,15515648,1048576,524288,647168,0,5107712,33554432,1354,1485,3147,8761,13221,7692288,7823360,2162688,0,100,3,18
a,110102,4096,16512221,10158029,3833,2213,15540224,1048576,524288,540672,0,5136384,33554432,1414,1503,3244,8936,13534,7671808,7868416,2060288,0,100,3,18
a,112006,0,16705757,10207181,3882,2225,15564800,1048576,524288,540672,0,5177344,33554432,1456,1515,3298,9010,13668,7671808,7892992,2064384,0,100,3,19
a,114004,0,16731869,10211277,3889,2226,15564800,1048576,524288,540672,0,5177344,33554432,1462,1516,3305,9109,13778,7671808,7892992,2064384,0,100,3,19
a,116002,0,16759517,10211277,3896,2226,15564800,1048576,524288,540672,0,5177344,33554432,1470,1516,3313,9212,13889,7671808,7892992,2064384,0,100,3,19
a,118117,0,16786141,10215373,3903,2227,15564800,1048576,524288,540672,0,5169152,33554432,1475,1517,3319,9318,14001,7671808,7892992,2064384,0,100,3,19
a,120008,0,16806621,10223565,3908,2229,15671296,1048576,524288,647168,0,5177344,33554432,1504,1519,3324,9415,14105,7778304,7892992,2170880,0,100,3,19
a,122003,0,16823005,10231757,3912,2231,15671296,1048576,524288,647168,0,5185536,33554432,1506,1521,3328,9517,14217,7778304,7892992,2170880,0,100,3,19
a,124009,0,16859869,10269152,3921,2240,15675392,1048576,524288,647168,0,5218304,33554432,1508,1529,3342,9617,14337,7778304,7897088,2170880,0,100,3,19
a,126020,0,16884445,10269152,3927,2240,15646720,1048576,524288,622592,0,5214208,33554432,1508,1529,3382,9714,14474,7753728,7892992,2146304,0,100,3,19
a,128008,0,16929501,10269152,3938,2240,15601664,1048576,524288,577536,0,5210112,33554432,1508,1529,3393,9821,14594,7708672,7892992,2101248,0,100,3,19
a,130000,0,16945885,10301920,3942,2248,15691776,1048576,524288,667648,0,5238784,33554432,1526,1537,3397,9913,14695,7798784,7892992,2191360,0,100,3,19
a,132046,0,17184357,10359264,4013,2262,15626240,1048576,524288,655360,0,5226496,33554432,1566,1551,3454,10011,14862,7786496,7839744,2179072,0,100,3,20
a,134007,0,17245797,10359264,4028,2262,15642624,1048576,524288,655360,0,5226496,33554432,1582,1551,3473,10059,14929,7786496,7856128,2179072,0,100,3,19
a,136005,0,17680733,10420704,4144,2277,15720448,1048576,524288,548864,0,5246976,33554432,1666,1566,3604,10110,15139,7712768,8007680,2080768,0,100,3,20
a,138011,4096,18164767,10568160,4270,2313,15806464,1048576,524288,548864,0,5324800,33554432,1761,1602,3741,10141,15365,7766016,8040448,2084864,0,100,3,20
a,140001,0,18570335,10662368,4371,2336,15687680,1048576,524288,540672,0,5373952,33554432,1815,1625,3839,10206,15583,7729152,7958528,2072576,0,100,3,19
a,142001,0,18629839,10662368,4390,2336,15794176,1048576,524288,647168,0,5373952,33554432,1854,1625,3852,10292,15671,7835648,7958528,2179072,0,100,3,19
a,144004,0,18629839,10662368,4390,2336,15794176,1048576,524288,647168,0,5373952,33554432,1854,1625,3852,10382,15761,7835648,7958528,2179072,0,100,3,19
a,146001,0,18629839,10662368,4390,2336,15794176,1048576,524288,647168,0,5373952,33554432,1854,1625,3852,10470,15849,7835648,7958528,2179072,0,100,3,19
a,148001,0,18674895,10666464,4401,2337,15794176,1048576,524288,647168,0,5378048,33554432,1864,1626,3863,10588,15978,7835648,7958528,2179072,0,100,3,19
a,150004,0,18880842,10678752,4452,2340,15794176,1048576,524288,647168,0,5332992,33554432,1910,1629,3912,10811,16256,7835648,7958528,2179072,0,100,3,19
a,152003,0,18880842,10678752,4452,2340,15794176,1048576,524288,647168,0,5332992,33554432,1910,1629,3912,11113,16558,7835648,7958528,2179072,0,100,3,19
a,154002,0,18880842,10678752,4452,2340,15794176,1048576,524288,647168,0,5332992,33554432,1910,1629,3912,11417,16862,7835648,7958528,2179072,0,100,3,19
a,156007,0,18945202,10699232,4477,2345,15822848,1048576,524288,647168,0,5345280,33554432,1920,1634,3927,11641,17107,7835648,7987200,2183168,0,100,3,20
a,158003,0,19027370,10740192,4501,2355,15884288,1048576,524288,647168,0,5365760,33554432,1934,1644,3954,11722,17219,7864320,8019968,2183168,0,100,3,20
a,160007,0,19475370,10858976,4616,2384,16003072,1048576,524288,647168,0,5464064,33554432,2027,1673,4080,11948,17631,7864320,8138752,2187264,0,100,3,21
a,162015,8192,19904090,10961376,4739,2409,16531456,1048576,524288,540672,0,5492736,33554432,2108,1698,4227,12200,18088,8142848,8388608,2097152,0,100,3,23
a,164072,0,20296728,11051488,4850,2431,17084416,1048576,524288,540672,0,5529600,33554432,2166,1720,4343,12433,18542,8675328,8409088,2093056,0,100,3,21
a,166014,0,20475383,11096544,4898,2442,16969728,1048576,524288,540672,0,5570560,33554432,2186,1731,4392,12785,18947,8650752,8318976,2088960,0,100,3,20
a,168001,0,20734455,11125216,4965,2449,17174528,1048576,524288,647168,0,5566464,33554432,2300,1738,4482,13194,19465,8757248,8417280,2195456,0,100,3,20
a,170040,0,20984311,11211232,5028,2470,17281024,1048576,524288,753664,0,5607424,33554432,2368,1759,4545,13579,19927,8863744,8417280,2301952,0,100,3,20
a,172023,0,21242359,11276768,5091,2486,17240064,1048576,524288,700416,0,5668864,33554432,2406,1775,4609,13871,20297,8810496,8429568,2248704,0,100,3,20
a,174011,4096,21537283,11366880,5165,2508,17190912,1048576,524288,647168,0,5660672,33554432,2444,1797,4681,14159,20693,8757248,8433664,2195456,0,100,3,20
a,176004,0,21750275,11485664,5217,2537,17145856,1048576,524288,647168,0,5505024,33554432,2506,1826,4770,14512,21202,8757248,8388608,2195456,0,100,3,20
a,178002,0,21973507,11555296,5274,2554,17170432,1048576,524288,647168,0,5545984,33554432,2554,1843,4831,14867,21615,8761344,8409088,2195456,0,100,3,20
a,180009,0,22178307,11608544,5324,2567,17092608,1048576,524288,569344,0,5595136,33554432,2572,1856,4881,15045,21850,8683520,8409088,2117632,0,100,3,20
a,182001,0,22308355,11641312,5358,2575,17178624,1048576,524288,647168,0,5595136,33554432,2619,1864,4917,15130,21980,8761344,8417280,2195456,0,100,3,20
a,184010,0,22308355,11641312,5358,2575,17178624,1048576,524288,647168,0,5595136,33554432,2619,1864,4917,15219,22068,8761344,8417280,2195456,0,100,3,20
a,186001,0,22308355,11646029,5358,2576,17178624,1048576,524288,647168,0,5595136,33554432,2619,1864,4917,15311,22161,8761344,8417280,2195456,0,100,3,20
a,188007,0,22308355,11646029,5358,2576,17178624,1048576,524288,647168,0,5595136,33554432,2619,1864,4917,15401,22251,8761344,8417280,2195456,0,100,3,20
a,190005,0,22308355,11646029,5358,2576,17178624,1048576,524288,647168,0,5595136,33554432,2619,1864,4917,15488,22338,8761344,8417280,2195456,0,100,3,20
a,192002,0,22308355,11646029,5358,2576,17178624,1048576,524288,647168,0,5595136,33554432,2619,1864,4917,15577,22427,8761344,8417280,2195456,0,100,3,20
a,194008,0,22308355,11646029,5358,2576,17178624,1048576,524288,647168,0,5595136,33554432,2619,1864,4917,15666,22516,8761344,8417280,2195456,0,100,3,20
a,196096,139264,22698010,11815150,5462,2610,17072128,1048576,524288,540672,0,5644288,33554432,2633,1884,4977,15759,22661,8654848,8417280,2088960,0,100,3,20
a,198034,151552,23025526,12189322,5470,2619,17072128,1048576,524288,540672,0,5644288,33554432,2633,1884,4977,15794,22696,8654848,8417280,2088960,0,100,3,20
a,200010,151552,23305078,12468874,5487,2636,17072128,1048576,524288,540672,0,5644288,33554432,2633,1884,4977,15857,22759,8654848,8417280,2088960,0,100,3,20
a,202047,139264,23632963,12737889,5501,2649,17072128,1048576,524288,540672,0,5644288,33554432,2633,1884,4977,15923,22825,8654848,8417280,2088960,0,100,3,20
a,204007,319488,23937443,13084734,5547,2677,17178624,1048576,524288,647168,0,5607424,33554432,2657,1886,4977,15995,22901,8761344,8417280,2195456,0,100,3,20
a,206039,188416,24215925,13367906,5557,2688,17178624,1048576,524288,647168,0,5607424,33554432,2657,1886,4977,16037,22943,8761344,8417280,2195456,0,100,3,20
a,208001,212992,24495550,13647531,5574,2705,17178624,1048576,524288,647168,0,5607424,33554432,2657,1886,4977,16101,23007,8761344,8417280,2195456,0,100,3,20
a,210190,229376,24753745,13938302,5597,2732,17285120,1048576,524288,753664,0,5640192,33554432,2675,1894,4977,16162,23068,8867840,8417280,2301952,0,100,3,20
a,212012,294912,25042138,14256032,5629,2760,17498112,1048576,524288,966656,0,5660672,33554432,2715,1906,4977,16220,23126,9080832,8417280,2514944,0,100,3,20
a,214018,249856,25346093,14579570,5640,2781,17580032,1048576,524288,1048576,0,5705728,33554432,2724,1917,4977,16264,23170,9162752,8417280,2596864,0,100,3,20
a,216006,245760,25600245,14859195,5656,2798,17580032,1048576,524288,1048576,0,5705728,33554432,2724,1917,4977,16328,23234,9162752,8417280,2596864,0,100,3,20
a,218023,163840,25858473,15117205,5681,2819,17580032,1048576,524288,1048576,0,5705728,33554432,2724,1917,4977,16375,23281,9162752,8417280,2596864,0,100,3,20
a,220005,0,25860928,15117205,5749,2819,17580032,1048576,524288,1048576,0,5705728,33554432,2724,1917,4977,16400,23306,9162752,8417280,2596864,0,0,3,20
a,222010,0,25860928,15117205,5749,2819,17580032,1048576,524288,1048576,0,5705728,33554432,2724,1917,4977,16420,23326,9162752,8417280,2596864,0,0,3,20
a,224002,0,25860928,15117205,5749,2819,17580032,1048576,524288,1048576,0,5705728,33554432,2724,1917,4977,16440,23346,9162752,8417280,2596864,0,1,3,20
a,226007,0,25865024,15121301,5750,2820,17580032,1048576,524288,1048576,0,5709824,33554432,2724,1918,4978,16462,23369,9162752,8417280,2596864,0,2,3,20
a,228012,0,25865024,15121301,5750,2820,17580032,1048576,524288,1048576,0,5709824,33554432,2724,1918,4978,16482,23389,9162752,8417280,2596864,0,0,3,20
a,230003,0,25865024,15121301,5750,2820,17580032,1048576,524288,1048576,0,5709824,33554432,2724,1918,4978,16502,23409,9162752,8417280,2596864,0,2,3,20
a,232076,4096,26336064,15351033,5865,2841,17186816,1048576,524288,655360,0,5763072,33554432,2727,1934,5093,16533,23623,8769536,8417280,2203648,0,73,3,20
a,234014,4096,26336064,15351033,5865,2841,17186816,1048576,524288,655360,0,5763072,33554432,2727,1934,5093,16538,23628,8769536,8417280,2203648,0,1,3,20
a,236005,0,26336064,15351033,5865,2841,17186816,1048576,524288,655360,0,5763072,33554432,2727,1934,5093,16557,23647,8769536,8417280,2203648,0,1,3,20
a,238010,0,26336064,15351033,5865,2841,17186816,1048576,524288,655360,0,5763072,33554432,2727,1934,5093,16575,23665,8769536,8417280,2203648,0,0,3,20
a,240001,0,26336064,15351033,5865,2841,17186816,1048576,524288,655360,0,5763072,33554432,2727,1934,5093,16594,23684,8769536,8417280,2203648,0,2,3,20
a,242006,0,26336064,15351033,5865,2841,17186816,1048576,524288,655360,0,5763072,33554432,2727,1934,5093,16612,23702,8769536,8417280,2203648,0,1,3,20
a,244011,0,26336064,15351033,5865,2841,17186816,1048576,524288,655360,0,5763072,33554432,2727,1934,5093,16630,23720,8769536,8417280,2203648,0,2,3,20
a,246003,0,26336064,15351033,5865,2841,17186816,1048576,524288,655360,0,5763072,33554432,2727,1934,5093,16648,23738,8769536,8417280,2203648,0,2,3,20
a,248008,8192,26336064,15355793,5865,2842,17186816,1048576,524288,655360,0,5763072,33554432,2727,1934,5093,16668,23758,8769536,8417280,2203648,0,3,3,20
a,250015,0,26659648,15462289,5944,2868,17080320,1048576,524288,548864,0,5844992,33554432,2754,1960,5172,16799,24004,8663040,8417280,2097152,0,89,3,20
a,252004,0,26815296,15482769,5982,2873,17080320,1048576,524288,548864,0,5861376,33554432,2787,1965,5210,16897,24151,8663040,8417280,2097152,0,49,3,20
a,254010,0,26880832,15499153,5998,2877,17084416,1048576,524288,548864,0,5877760,33554432,2800,1969,5227,16950,24225,8663040,8421376,2097152,0,40,3,20
a,256002,0,26880832,15499153,5998,2877,17084416,1048576,524288,548864,0,5877760,33554432,2800,1969,5227,16966,24241,8663040,8421376,2097152,0,17,3,20
a,258007,0,26880832,15499153,5998,2877,17084416,1048576,524288,548864,0,5877760,33554432,2800,1969,5227,16982,24257,8663040,8421376,2097152,0,8,3,20
a,260013,0,26880832,15499153,5998,2877,17084416,1048576,524288,548864,0,5877760,33554432,2800,1969,5227,16998,24273,8663040,8421376,2097152,0,10,3,20
a,262002,0,26880832,15499153,5998,2877,17084416,1048576,524288,548864,0,5877760,33554432,2800,1969,5227,17025,24303,8663040,8421376,2097152,0,15,3,20
a,264007,0,26880832,15499153,5998,2877,17084416,1048576,524288,548864,0,5877760,33554432,2800,1969,5227,17041,24319,8663040,8421376,2097152,0,5,3,20
a,266001,0,26880832,15499153,5998,2877,17084416,1048576,524288,548864,0,5877760,33554432,2800,1969,5227,17057,24335,8663040,8421376,2097152,0,6,3,20
a,268004,0,26880832,15499153,5998,2877,17084416,1048576,524288,548864,0,5877760,33554432,2800,1969,5227,17073,24351,8663040,8421376,2097152,0,5,3,20
a,270011,0,26880832,15499153,5998,2877,17084416,1048576,524288,548864,0,5877760,33554432,2800,1969,5227,17089,24367,8663040,8421376,2097152,0,5,3,20
a,272000,0,26880832,15499153,5998,2877,17084416,1048576,524288,548864,0,5877760,33554432,2800,1969,5227,17105,24383,8663040,8421376,2097152,0,5,3,20
a,274005,0,26880832,15499153,5998,2877,17084416,1048576,524288,548864,0,5877760,33554432,2800,1969,5227,17121,24399,8663040,8421376,2097152,0,7,3,20
a,276010,0,26880832,15499153,5998,2877,17084416,1048576,524288,548864,0,5877760,33554432,2800,1969,5227,17137,24415,8663040,8421376,2097152,0,6,3,20
a,278002,0,26880832,15499153,5998,2877,17084416,1048576,524288,548864,0,5877760,33554432,2800,1969,5227,17153,24431,8663040,8421376,2097152,0,5,3,20
a,280008,0,26880832,15499153,5998,2877,17084416,1048576,524288,548864,0,5877760,33554432,2800,1969,5227,17169,24447,8663040,8421376,2097152,0,5,3,20
a,282012,0,26880832,15499153,5998,2877,17084416,1048576,524288,548864,0,5877760,33554432,2800,1969,5227,17185,24463,8663040,8421376,2097152,0,6,3,20
a,284003,0,26880832,15499153,5998,2877,17084416,1048576,524288,548864,0,5877760,33554432,2800,1969,5227,17201,24479,8663040,8421376,2097152,0,7,3,20
a,286008,0,26880832,15499153,5998,2877,17084416,1048576,524288,548864,0,5877760,33554432,2800,1969,5227,17223,24501,8663040,8421376,2097152,0,8,3,20
a,288013,0,26880832,15499153,5998,2877,17084416,1048576,524288,548864,0,5877760,33554432,2800,1969,5227,17239,24517,8663040,8421376,2097152,0,6,3,20
a,290006,0,26880832,15499153,5998,2877,17084416,1048576,524288,548864,0,5877760,33554432,2800,1969,5227,17255,24533,8663040,8421376,2097152,0,7,3,20
a,292010,0,26880832,15499153,5998,2877,17084416,1048576,524288,548864,0,5877760,33554432,2800,1969,5227,17273,24551,8663040,8421376,2097152,0,7,3,20
a,294001,0,26880832,15499153,5998,2877,17084416,1048576,524288,548864,0,5877760,33554432,2800,1969,5227,17289,24567,8663040,8421376,2097152,0,6,3,20
a,296006,0,26880832,15499153,5998,2877,17084416,1048576,524288,548864,0,5877760,33554432,2800,1969,5227,17305,24583,8663040,8421376,2097152,0,5,3,20
a,298011,0,26880832,15499153,5998,2877,17084416,1048576,524288,548864,0,5877760,33554432,2800,1969,5227,17321,24599,8663040,8421376,2097152,0,5,3,20
a,300004,0,26880832,15499153,5998,2877,17084416,1048576,524288,548864,0,5877760,33554432,2800,1969,5227,17337,24615,8663040,8421376,2097152,0,5,3,20
