label,ms,VFAT\DirtyData,VFAT\BReadsSec,VFAT\BWritesSec,VFAT\ReadsSec,VFAT\WritesSec,VMM\cpgCommit,VMM\cpgDiskcacheMac,VMM\cpgDiskcacheMin,VMM\cpgDiskcache,VMM\cpgSwapfileDefective,VMM\cpgSwapfileInUse,VMM\cpgSwapfile,VMM\cDiscards,VMM\cPageOuts,VMM\cPageIns,VMM\cInstanceFaults,VMM\cPageFaults,VMM\cpgOther,VMM\cpgSwap,VMM\cpgLocked,VMM\cpgFree,SMBRedir\NumOpenFiles,SMBRedir\NumResources,SMBRedir\NumSess,SMBRedir\NumNets,SMBRedir\BWritesSec,SMBRedir\BReadsSec,SMBRedir\XactSec,Nwlink\SITEntries,Nwlink\RIT_Entries,Nwlink\SPX_PacketsIn,Nwlink\SPX_SendPackets,Nwlink\IPX_SocketsOpen,Nwlink\IPX_PacketsLost,Nwlink\IPX_PacketsIn,Nwlink\IPX_Sends,KERNEL\CPUUsage,KERNEL\VMs,KERNEL\Threads
A2,0,4096,8958512,3856296,2328,899,9150464,1048576,524288,536576,0,2424832,4722688,1051,799,2068,1655,4794,4067328,5083136,3723264,0,0,0,0,1,0,0,0,0,0,0,0,5,0,0,0,100,3,16
A2,2018,0,9682480,4020136,2507,939,9240576,1048576,524288,643072,0,2400256,4722688,1219,839,2254,1921,5404,4173824,5066752,3825664,0,0,0,0,1,0,0,0,0,0,0,0,5,0,0,0,100,3,15
A2,4051,0,10333175,4147112,2669,971,9240576,1048576,524288,643072,0,2396160,5242880,1346,870,2412,2196,6079,4173824,5066752,3825664,0,0,0,0,1,0,0,0,0,0,0,0,5,0,0,0,100,3,15
A2,6014,0,10840263,4204456,2809,985,9142272,1048576,524288,536576,0,2363392,5242880,1430,884,2559,2505,6818,4067328,5074944,3719168,0,0,0,0,1,0,0,0,0,0,0,0,5,0,0,0,100,3,15
A2,8047,4096,11215497,4302884,2926,1001,9146368,1048576,524288,536576,0,2367488,5242880,1507,899,2690,2884,7679,4067328,5079040,3719168,0,0,0,0,1,0,0,0,0,0,0,0,5,0,0,0,100,3,15
A2,10002,4096,11780233,4360228,3065,1015,9093120,1048576,524288,536576,0,2342912,5242880,1625,913,2829,3105,8174,4050944,5042176,3710976,0,0,0,0,1,0,0,0,0,0,0,0,5,0,0,0,100,3,14
A2,12044,0,12430143,4499492,3237,1049,9101312,1048576,524288,536576,0,2334720,5242880,1750,947,2992,3279,8724,4050944,5050368,3710976,0,0,0,0,1,0,0,0,0,0,0,0,5,0,0,0,100,3,14
A2,14011,4096,12902448,4610084,3348,1076,9232384,1048576,524288,536576,0,2379776,5242880,1846,974,3100,3492,9099,4067328,5165056,3710976,0,0,0,0,1,0,0,0,0,0,0,0,5,0,0,0,100,3,14
A2,16019,0,13330393,4823076,3431,1128,9584640,1048576,524288,536576,0,2543616,5242880,1927,1026,3148,3804,9583,4067328,5517312,3739648,0,0,0,0,1,0,0,0,0,0,0,0,5,0,0,0,100,3,14
A2,18010,0,13867972,5150756,3557,1208,9543680,1048576,524288,536576,0,2723840,5242880,1967,1106,3275,4113,10087,4067328,5476352,3747840,0,0,0,0,1,0,0,0,0,0,0,0,5,0,0,0,100,3,15
A2,20005,0,14447293,5421092,3635,1275,9850880,1048576,524288,536576,0,2891776,5767168,2039,1172,3338,4329,10434,4067328,5783552,3747840,0,0,0,0,1,0,0,0,0,0,0,0,5,0,0,0,100,3,15
A2,22343,0,15235570,5875748,3900,1386,9977856,1048576,524288,536576,0,3174400,5767168,2129,1283,3508,4631,11065,4071424,5906432,3751936,0,0,0,0,1,0,0,0,0,0,0,0,5,0,0,0,100,3,15
A2,24019,0,15363045,5896228,3952,1391,9986048,1048576,524288,536576,0,3186688,5767168,2155,1288,3537,4639,11116,4071424,5914624,3751936,0,0,0,0,1,0,0,0,0,0,0,0,5,0,0,0,100,3,15
A2,26148,0,15971639,6051876,4108,1429,9990144,1048576,524288,536576,0,3170304,5767168,2268,1326,3687,4682,11479,4071424,5918720,3751936,0,0,0,0,1,0,0,0,0,0,0,0,5,0,0,0,100,3,15
A2,28011,0,16365225,6170660,4208,1458,9994240,1048576,524288,536576,0,3162112,5767168,2337,1355,3784,4705,11710,4071424,5922816,3751936,0,0,0,0,1,0,0,0,0,0,0,0,5,0,0,0,100,3,15
A2,30089,0,16965145,6359095,4375,1509,10899456,1048576,524288,536576,0,3264512,6291456,2453,1404,3955,4756,12068,4845568,6053888,3764224,0,0,0,0,1,0,0,0,0,0,0,0,5,0,0,0,100,3,16
A2,32160,0,17331305,6522935,4498,1547,12681216,1048576,524288,643072,0,3346432,6815744,2538,1441,4078,4779,12268,6467584,6213632,3874816,0,0,0,0,1,0,0,0,0,0,0,0,5,0,0,0,100,3,16
A2,34044,0,18051809,6707255,4686,1592,12857344,1048576,524288,749568,0,3387392,6815744,2710,1486,4270,4821,12562,6574080,6283264,3981312,0,0,0,0,1,0,0,0,0,0,0,0,5,0,0,0,100,3,16
A2,36022,0,18455265,6891575,4788,1637,13094912,1048576,524288,962560,0,3493888,6815744,2828,1531,4382,4855,12816,6787072,6307840,4194304,0,0,0,0,1,0,0,0,0,0,0,0,5,0,0,0,100,3,16
A2,38008,0,19031777,6948919,4933,1651,12697600,1048576,524288,548864,0,3489792,6815744,2869,1545,4534,4871,13072,6373376,6324224,3780608,0,0,0,0,1,0,0,0,0,0,0,0,5,0,0,0,100,3,16
A2,40156,0,19762401,7137335,5114,1697,12701696,1048576,524288,548864,0,3579904,6815744,3009,1591,4720,4915,13411,6373376,6328320,3780608,0,0,0,0,1,0,0,0,0,0,0,0,5,0,0,0,100,3,16
A2,42370,0,20906686,7419959,5398,1766,12812288,1048576,524288,647168,0,3575808,6815744,3250,1660,5006,4968,13985,6471680,6340608,3878912,0,0,0,0,1,0,0,0,0,0,0,0,5,0,0,0,100,3,16
A2,44321,0,20983486,7428151,5417,1768,12812288,1048576,524288,647168,0,3563520,6815744,3267,1662,5025,4968,14023,6471680,6340608,3878912,0,0,0,0,1,0,0,0,0,0,0,0,5,0,0,0,100,3,16
A2,46391,0,21722158,7608375,5604,1812,12918784,1048576,524288,540672,0,3596288,6815744,3384,1706,5213,5001,14385,6557696,6361088,3772416,0,0,0,0,1,0,0,0,0,0,0,0,5,0,0,0,100,3,16
A2,48355,0,22495790,7809079,5796,1861,12951552,1048576,524288,540672,0,3637248,6815744,3536,1755,5410,5040,14855,6557696,6393856,3772416,0,0,0,0,1,0,0,0,0,0,0,0,5,0,0,0,100,3,16
A2,50129,0,22798382,7870519,5870,1876,12959744,1048576,524288,540672,0,3645440,6815744,3597,1770,5486,5056,15013,6557696,6402048,3772416,0,0,0,0,1,0,0,0,0,0,0,0,5,0,0,0,100,3,16
A2,52306,0,23893550,8058935,6142,1923,12963840,1048576,524288,540672,0,3657728,6815744,3843,1817,5778,5117,15859,6557696,6406144,3772416,0,0,0,0,1,0,0,0,0,0,0,0,5,0,0,0,100,3,16
A2,54123,0,24024622,8071223,6174,1925,12963840,1048576,524288,540672,0,3661824,6815744,3853,1819,5790,5120,15881,6557696,6406144,3772416,0,0,0,0,1,0,0,0,0,0,0,0,5,0,0,0,100,3,16
A2,56128,0,25044778,8247351,6428,1968,13074432,1048576,524288,540672,0,3645440,6815744,4068,1862,6043,5162,16407,6643712,6430720,3772416,0,0,0,0,1,0,0,0,0,0,0,0,5,0,0,0,100,3,16
A2,58160,0,26535722,8587319,6852,2051,13078528,1048576,524288,540672,0,3678208,6815744,4410,1945,6467,5242,17453,6643712,6434816,3772416,0,0,0,0,1,0,0,0,0,0,0,0,5,0,0,0,100,3,16
A2,62396,0,26816810,8595511,6869,2053,13078528,1048576,524288,540672,0,3674112,6815744,4425,1947,6484,5249,17542,6643712,6434816,3772416,0,0,0,0,1,0,0,0,0,0,0,0,5,0,0,0,100,3,16
A2,62816,12288,26935594,8609905,6898,2056,13078528,1048576,524288,540672,0,3661824,6815744,4452,1949,6513,5258,17645,6643712,6434816,3772416,0,0,0,0,1,0,0,0,0,0,0,0,5,0,0,0,100,3,16
A2,64272,0,27634474,8761457,7071,2093,13094912,1048576,524288,540672,0,3633152,6815744,4592,1986,6690,5290,17991,6643712,6451200,3780608,0,0,0,0,1,0,0,0,0,0,0,0,5,0,0,0,100,3,17
A2,66003,0,27974442,8847473,7156,2114,13103104,1048576,524288,540672,0,3686400,6815744,4658,2007,6777,5306,18163,6643712,6459392,3780608,0,0,0,0,1,0,0,0,0,0,0,0,5,0,0,0,100,3,17
A2,68918,4096,28894594,9035912,7392,2161,13238272,1048576,524288,540672,0,3694592,6815744,4852,2053,7020,5369,18670,6696960,6541312,3796992,0,0,0,0,1,0,0,0,0,0,0,0,5,0,0,0,100,3,18
A2,70024,0,29218690,9080968,7472,2172,13238272,1048576,524288,540672,0,3690496,6815744,4923,2064,7104,5376,18829,6696960,6541312,3796992,0,0,0,0,1,0,0,0,0,0,0,0,5,0,0,0,100,3,18
A2,72031,0,29980271,9236616,7664,2210,13238272,1048576,524288,540672,0,3694592,6815744,5077,2102,7297,5417,19400,6696960,6541312,3796992,0,0,0,0,1,0,0,0,0,0,0,0,5,0,0,0,100,3,18
A2,74243,0,30681517,9437320,7837,2259,13271040,1048576,524288,540672,0,3764224,6815744,5205,2151,7468,5450,19763,6696960,6574080,3796992,0,0,0,0,1,0,0,0,0,0,0,0,5,0,0,0,100,3,18
A2,76179,0,31393709,9572488,8013,2292,13279232,1048576,524288,540672,0,3792896,6815744,5350,2184,7644,5482,20163,6696960,6582272,3796992,0,0,0,0,1,0,0,0,0,0,0,0,5,0,0,0,100,3,18
A2,78129,4096,31929573,9699487,8149,2324,13287424,1048576,524288,540672,0,3809280,6815744,5455,2215,7779,5535,20680,6696960,6590464,3796992,0,0,0,0,1,0,0,0,0,0,0,0,5,0,0,0,100,3,19
A2,80724,0,32651861,9875615,8339,2368,13946880,1048576,524288,540672,0,3874816,7340032,5614,2259,7993,5560,21110,7086080,6860800,3809280,0,0,0,0,1,0,0,0,0,0,0,0,5,0,0,0,100,3,19
A2,82068,0,32981077,9941151,8420,2384,14016512,1048576,524288,540672,0,3895296,7340032,5671,2274,8067,5576,21252,7086080,6930432,3809280,0,0,0,0,1,0,0,0,0,0,0,0,5,0,0,0,100,3,19
A2,84048,0,33632853,10076319,8585,2417,14016512,1048576,524288,540672,0,3919872,7340032,5804,2307,8233,5608,21652,7086080,6930432,3809280,0,0,0,0,1,0,0,0,0,0,0,0,5,0,0,0,100,3,19
A2,86094,0,34208578,10223775,8734,2453,14123008,1048576,524288,647168,0,3952640,7340032,5944,2343,8385,5641,21994,7192576,6930432,3915776,4096,0,0,0,1,0,0,0,0,0,0,0,5,0,0,0,100,3,19
A2,88044,0,34753858,10330271,8871,2479,14143488,1048576,524288,647168,0,3969024,7340032,6064,2369,8529,5675,22345,7192576,6950912,3915776,0,0,0,0,1,0,0,0,0,0,0,0,5,0,0,0,100,3,19
A2,90173,0,35389250,10473631,9033,2514,14143488,1048576,524288,647168,0,4034560,7340032,6195,2404,8695,5712,22659,7192576,6950912,3915776,0,0,0,0,1,0,0,0,0,0,0,0,5,0,0,0,100,3,19
A2,92041,0,35965762,10588319,9177,2542,14143488,1048576,524288,647168,0,4038656,7340032,6311,2432,8839,5739,23052,7192576,6950912,3915776,0,0,0,0,1,0,0,0,0,0,0,0,5,0,0,0,100,3,19
A2,94032,0,36570434,10698911,9327,2569,14045184,1048576,524288,540672,0,4030464,7340032,6418,2459,8997,5772,23443,7086080,6959104,3809280,0,0,0,0,1,0,0,0,0,0,0,0,5,0,0,0,100,3,19
A2,96037,4096,37266766,10846367,9501,2605,14045184,1048576,524288,540672,0,4067328,7340032,6547,2495,9162,5805,23853,7086080,6959104,3809280,0,0,0,0,1,0,0,0,0,0,0,0,5,0,0,0,100,3,19
A2,98322,0,37976910,10985631,9678,2639,14106624,1048576,524288,540672,0,4079616,7340032,6706,2529,9341,5837,24382,7086080,7020544,3809280,0,0,0,0,1,0,0,0,0,0,0,0,5,0,0,0,100,3,19
A2,100034,0,38677326,11157663,9852,2681,14143488,1048576,524288,540672,0,4149248,7340032,6847,2571,9515,5869,24733,7086080,7057408,3809280,0,0,0,0,1,0,0,0,0,0,0,0,5,0,0,0,100,3,19
A2,102039,0,39240526,11255967,9992,2705,14155776,1048576,524288,540672,0,4177920,7340032,6966,2595,9655,5901,25235,7086080,7069696,3809280,0,0,0,0,1,0,0,0,0,0,0,0,5,0,0,0,100,3,19
A2,104059,0,39989582,11378847,10178,2735,14155776,1048576,524288,540672,0,4169728,7340032,7122,2625,9841,5933,25763,7086080,7069696,3809280,0,0,0,0,1,0,0,0,0,0,0,0,5,0,0,0,100,3,19
A2,106282,0,41151310,11604127,10469,2790,14168064,1048576,524288,540672,0,4227072,7340032,7361,2680,10140,5978,26437,7086080,7081984,3809280,0,0,0,0,1,0,0,0,0,0,0,0,5,0,0,0,100,3,19
A2,108246,0,41179982,11608223,10476,2791,14168064,1048576,524288,540672,0,4218880,7340032,7367,2681,10141,5978,26438,7086080,7081984,3809280,0,0,0,0,1,0,0,0,0,0,0,0,5,0,0,0,100,3,19
A2,110210,4096,42120526,11808969,10708,2842,14172160,1048576,524288,544768,0,4190208,7340032,7551,2730,10373,6032,26865,7090176,7081984,3813376,0,0,0,0,1,0,0,0,0,0,0,0,5,0,0,0,100,3,19
A2,112207,0,42394958,11882697,10775,2860,14168064,1048576,524288,540672,0,4206592,7340032,7599,2748,10440,6048,27030,7086080,7081984,3809280,0,0,0,0,1,0,0,0,0,0,0,0,5,0,0,0,100,3,19
A2,114668,0,43636046,12112094,11082,2917,14168064,1048576,524288,540672,0,4186112,7340032,7850,2804,10747,6118,27715,7086080,7081984,3809280,0,0,0,0,1,0,0,0,0,0,0,0,5,0,0,0,100,3,19
A2,116256,0,43705678,12120286,11099,2919,14168064,1048576,524288,540672,0,4173824,7340032,7865,2806,10764,6118,27786,7086080,7081984,3809280,0,0,0,0,1,0,0,0,0,0,0,0,5,0,0,0,100,3,19
A2,118287,4096,44427598,12284151,11279,2960,14237696,1048576,524288,610304,0,4186112,7340032,8022,2846,10944,6172,28439,7155712,7081984,3878912,0,0,0,0,1,0,0,0,0,0,0,0,5,0,0,0,100,3,19
A2,120222,4096,44949838,12353808,11410,2978,14168064,1048576,524288,540672,0,4198400,7340032,8120,2863,11076,6201,28793,7086080,7081984,3809280,0,0,0,0,1,0,0,0,0,0,0,0,5,0,0,0,100,3,19
A2,122680,0,45942606,12517648,11655,3018,14168064,1048576,524288,540672,0,4177920,7340032,8325,2903,11321,6258,29511,7086080,7081984,3809280,0,0,0,0,1,0,0,0,0,0,0,0,5,0,0,0,100,3,19
A2,124617,8192,46131022,12564233,11701,3029,14168064,1048576,524288,540672,0,4190208,7340032,8361,2913,11367,6258,29657,7086080,7081984,3809280,0,0,0,0,1,0,0,0,0,0,0,0,5,0,0,0,100,3,19
A2,126350,4096,46886734,12699448,11889,3064,14168064,1048576,524288,540672,0,4161536,7340032,8522,2949,11564,6316,30119,7086080,7081984,3809280,0,0,0,0,1,0,0,0,0,0,0,0,5,0,0,0,100,3,19
A2,128009,0,47126350,12760888,11948,3079,14168064,1048576,524288,540672,0,4169728,7340032,8560,2961,11614,6319,30271,7086080,7081984,3809280,0,0,0,0,1,0,0,0,0,0,0,0,5,0,0,0,100,3,19
A2,130083,0,48310094,12961613,12243,3129,14168064,1048576,524288,540672,0,4186112,7340032,8813,3013,11919,6385,31045,7086080,7081984,3809280,0,0,0,0,1,0,0,0,0,0,0,0,5,0,0,0,100,3,19
A2,132217,0,48428366,12986189,12272,3135,14168064,1048576,524288,540672,0,4182016,7340032,8829,3016,11938,6385,31104,7086080,7081984,3809280,0,0,0,0,1,0,0,0,0,0,0,0,5,0,0,0,100,3,19
A2,134038,4096,49069390,13092710,12432,3162,14168064,1048576,524288,540672,0,4177920,7340032,8963,3042,12098,6431,31618,7086080,7081984,3809280,0,0,0,0,1,0,0,0,0,0,0,0,5,0,0,0,100,3,19
A2,136359,0,50013518,13223806,12665,3195,14172160,1048576,524288,544768,0,4194304,7340032,9165,3074,12331,6484,32260,7090176,7081984,3813376,0,0,0,0,1,0,0,0,0,0,0,0,5,0,0,0,100,3,19
A2,138693,0,50624846,13346686,12817,3225,14168064,1048576,524288,540672,0,4210688,7340032,9286,3104,12483,6515,32712,7086080,7081984,3809280,0,0,0,0,1,0,0,0,0,0,0,0,5,0,0,0,100,3,19
A2,140015,4096,50784590,13399981,12857,3240,14274560,1048576,524288,647168,0,4222976,7340032,9339,3117,12523,6535,32807,7192576,7081984,3915776,0,0,0,0,1,0,0,0,0,0,0,0,5,0,0,0,100,3,19
A2,142477,0,51637582,13543411,13068,3279,14168064,1048576,524288,540672,0,4177920,7340032,9489,3152,12734,6595,33260,7086080,7081984,3809280,0,0,0,0,1,0,0,0,0,0,0,0,5,0,0,0,100,3,19
A2,144014,0,51903822,13613043,13134,3296,14168064,1048576,524288,540672,0,4198400,7340032,9538,3169,12800,6611,33404,7086080,7081984,3809280,0,0,0,0,1,0,0,0,0,0,0,0,5,0,0,0,100,3,19
A2,146508,0,53312846,13867016,13483,3359,14168064,1048576,524288,540672,0,4173824,7340032,9825,3231,13149,6689,34346,7086080,7081984,3809280,0,0,0,0,1,0,0,0,0,0,0,0,5,0,0,0,100,3,19
A2,148821,0,53361486,13871112,13495,3360,14168064,1048576,524288,540672,0,4169728,7340032,9836,3232,13161,6689,34366,7086080,7081984,3809280,0,0,0,0,1,0,0,0,0,0,0,0,5,0,0,0,100,3,19
A2,150037,4096,53751118,13944889,13593,3380,14168064,1048576,524288,540672,0,4182016,7340032,9916,3250,13259,6723,34646,7086080,7081984,3809280,0,0,0,0,1,0,0,0,0,0,0,0,5,0,0,0,100,3,19
A2,152468,0,54912334,14145593,13881,3429,14168064,1048576,524288,540672,0,4222976,7340032,10155,3299,13547,6780,35451,7086080,7081984,3809280,0,0,0,0,1,0,0,0,0,0,0,0,5,0,0,0,100,3,19
A2,154185,0,54916430,14145593,13882,3429,14168064,1048576,524288,540672,0,4222976,7340032,10156,3299,13548,6780,35453,7086080,7081984,3809280,0,0,0,0,1,0,0,0,0,0,0,0,5,0,0,0,100,3,19
A2,156026,4096,55590222,14330037,14072,3467,14168064,1048576,524288,540672,0,4214784,7340032,10309,3336,13738,6819,35785,7086080,7081984,3809280,0,0,0,0,1,0,0,0,0,0,0,0,5,0,0,0,100,3,19
A2,158030,4096,56253380,14436580,14207,3494,14270464,1048576,524288,614400,0,4214784,7340032,10442,3362,13871,6862,36004,7168000,7106560,3891200,0,0,0,0,1,0,0,0,0,0,0,0,5,0,0,0,100,3,19
A2,160049,0,57229903,14657764,14450,3548,14180352,1048576,524288,540672,0,4206592,7340032,10607,3415,14112,6910,36390,7086080,7094272,3809280,0,0,0,0,1,0,0,0,0,0,0,0,5,0,0,0,100,3,19
A2,162356,0,57748559,14837988,14581,3592,14286848,1048576,524288,647168,0,4227072,7340032,10721,3459,14243,6933,36657,7192576,7094272,3915776,0,0,0,0,1,0,0,0,0,0,0,0,5,0,0,0,100,3,19
A2,164020,0,58207311,14907620,14693,3609,13377536,1048576,524288,540672,0,3457024,7340032,10781,3476,14355,6958,36866,7086080,6291456,3780608,0,0,0,0,1,0,0,0,0,0,0,0,5,0,0,0,100,3,19
A2,166078,0,59036239,15128804,14899,3663,13352960,1048576,524288,540672,0,3366912,7340032,10929,3530,14561,6991,37271,7086080,6266880,3772416,0,0,0,0,1,0,0,0,0,0,0,0,5,0,0,0,100,3,18
A2,169044,0,59924559,15567076,15119,3770,13615104,1048576,524288,540672,0,3612672,7340032,11098,3637,14837,7039,37838,7086080,6529024,3772416,0,0,0,0,1,0,0,0,0,0,0,0,5,0,0,0,100,3,18
A2,170081,0,60122888,15624420,15163,3784,13639680,1048576,524288,540672,0,3641344,7340032,11133,3651,14880,7051,37961,7086080,6553600,3772416,0,0,0,0,1,0,0,0,0,0,0,0,5,0,0,0,100,3,18
A2,172198,0,61017776,15833316,15385,3835,13737984,1048576,524288,647168,0,3629056,7340032,11328,3702,15101,7106,38412,7192576,6545408,3878912,0,0,0,0,1,0,0,0,0,0,0,0,5,0,0,0,100,3,18
A2,174870,0,62282928,16091364,15699,3898,13742080,1048576,524288,647168,0,3653632,7340032,11580,3765,15416,7166,38961,7192576,6549504,3883008,0,0,0,0,1,0,0,0,0,0,0,0,5,0,0,0,100,3,18
A2,176564,0,62360240,16152804,15718,3913,13742080,1048576,524288,647168,0,3702784,7340032,11584,3780,15435,7166,38994,7192576,6549504,3883008,0,0,0,0,1,0,0,0,0,0,0,0,5,0,0,0,100,3,18
A2,178017,0,62875312,16222436,15844,3930,13635584,1048576,524288,540672,0,3653632,7340032,11667,3797,15561,7191,39268,7086080,6549504,3776512,0,0,0,0,1,0,0,0,0,0,0,0,5,0,0,0,100,3,18
A2,180265,4096,63795376,16423140,16072,3979,13635584,1048576,524288,540672,0,3604480,7340032,11846,3846,15789,7420,39933,7086080,6549504,3776512,0,0,0,0,1,0,0,0,0,0,0,0,5,0,0,0,100,3,18
A2,182393,0,64359310,16517348,16216,4002,13443072,1048576,524288,540672,0,3518464,7340032,11964,3869,15944,7680,40562,7020544,6418432,3756032,0,0,0,0,1,0,0,0,0,0,0,0,5,0,0,0,100,3,16
A2,184034,0,64895512,16611556,16353,4025,13467648,1048576,524288,540672,0,3481600,7340032,12058,3892,16061,7797,40924,7020544,6447104,3764224,0,0,0,0,1,0,0,0,0,0,0,0,5,0,0,0,100,3,17
A2,186310,0,65653520,16801590,16546,4071,13582336,1048576,524288,647168,0,3534848,7340032,12230,3937,16252,8101,41678,7131136,6451200,3870720,0,0,0,0,1,0,0,0,0,0,0,0,5,0,0,0,100,3,17
A2,188074,0,66047248,16858934,16647,4085,13524992,1048576,524288,565248,0,3538944,7340032,12297,3951,16354,8300,42135,7061504,6463488,3788800,0,0,0,0,1,0,0,0,0,0,0,0,5,0,0,0,100,3,17
A2,190043,0,66787088,16985910,16831,4116,13496320,1048576,524288,540672,0,3506176,7340032,12446,3982,16542,8640,42865,7036928,6459392,3764224,0,0,0,0,1,0,0,0,0,0,0,0,5,0,0,0,100,3,17
A2,192161,0,67395856,17145654,16982,4155,13496320,1048576,524288,540672,0,3551232,7340032,12558,4021,16693,8946,43570,7036928,6459392,3764224,0,0,0,0,1,0,0,0,0,0,0,0,5,0,0,0,100,3,17
A2,194200,0,67964176,17211190,17123,4171,13496320,1048576,524288,540672,0,3530752,7340032,12683,4037,16834,9231,44250,7036928,6459392,3764224,0,0,0,0,1,0,0,0,0,0,0,0,5,0,0,0,100,3,17
A2,196351,0,68664080,17362742,17297,4208,13598720,1048576,524288,643072,0,3534848,7340032,12845,4074,17008,9618,45038,7139328,6459392,3866624,0,0,0,0,1,0,0,0,0,0,0,0,5,0,0,0,100,3,17
A2,198100,0,69192976,17432374,17428,4225,13496320,1048576,524288,540672,0,3538944,7340032,12934,4091,17139,9867,45624,7036928,6459392,3764224,0,0,0,0,1,0,0,0,0,0,0,0,5,0,0,0,100,3,17
A2,200355,0,69825296,17604406,17587,4267,13475840,1048576,524288,540672,0,3526656,7340032,13048,4133,17298,10192,46322,7036928,6438912,3764224,0,0,0,0,1,0,0,0,0,0,0,0,5,0,0,0,100,3,17
A2,202180,0,70155536,17698614,17669,4290,13475840,1048576,524288,540672,0,3518464,7340032,13107,4156,17380,10387,46722,7036928,6438912,3764224,0,0,0,0,1,0,0,0,0,0,0,0,5,0,0,0,100,3,17
A2,204161,0,70984976,17829686,17875,4322,13434880,1048576,524288,540672,0,3465216,7340032,13281,4188,17586,10768,47567,7036928,6397952,3764224,0,0,0,0,1,0,0,0,0,0,0,0,5,0,0,0,100,3,17
A2,206042,0,71595792,17940278,18028,4349,13234176,1048576,524288,540672,0,3502080,7340032,13403,4215,17739,11043,48170,6844416,6389760,3764224,0,0,0,0,1,0,0,0,0,0,0,0,5,0,0,0,100,3,17
A2,208020,0,72109328,18054966,18155,4377,13340672,1048576,524288,647168,0,3497984,7340032,13530,4246,17871,11311,48713,6950912,6389760,3870720,0,0,0,0,1,0,0,0,0,0,0,0,5,0,0,0,100,3,17
A2,210124,0,72796432,18186038,18325,4409,13193216,1048576,524288,540672,0,3420160,7340032,13643,4275,18039,11635,49456,6844416,6348800,3764224,0,0,0,0,1,0,0,0,0,0,0,0,5,0,0,0,100,3,17
A2,212167,0,73327888,18329398,18459,4444,13193216,1048576,524288,540672,0,3424256,7340032,13742,4310,18173,11942,50097,6844416,6348800,3764224,0,0,0,0,1,0,0,0,0,0,0,0,5,0,0,0,100,3,17
A2,214172,0,74090256,18513718,18649,4489,13193216,1048576,524288,540672,0,3432448,7340032,13887,4355,18363,12325,50888,6844416,6348800,3764224,0,0,0,0,1,0,0,0,0,0,0,0,5,0,0,0,100,3,17
A2,216026,4096,74968336,18812846,18866,4551,13189120,1048576,524288,540672,0,3547136,7340032,14045,4414,18580,12792,51726,6844416,6344704,3764224,0,0,0,0,1,0,0,0,0,0,0,0,5,0,0,0,100,3,17
A2,218041,4096,74988816,18812846,18871,4551,13189120,1048576,524288,540672,0,3547136,7340032,14050,4414,18585,12800,51740,6844416,6344704,3764224,0,0,0,0,1,0,0,0,0,0,0,0,5,0,0,0,100,3,17
A2,220016,0,75822864,19001262,19079,4597,13266944,1048576,524288,647168,0,3477504,7340032,14231,4460,18793,13149,52386,6950912,6316032,3870720,0,0,0,0,1,0,0,0,0,0,0,0,5,0,0,0,100,3,17
A2,222028,0,76462352,19169198,19240,4638,13119488,1048576,524288,540672,0,3399680,7340032,14321,4501,18954,13497,53029,6844416,6275072,3756032,0,0,0,0,1,0,0,0,0,0,0,0,5,0,0,0,100,3,16
A2,224088,0,76889872,19300270,19347,4670,13205504,1048576,524288,626688,0,3407872,7340032,14417,4533,19063,13736,53466,6922240,6275072,3833856,0,0,0,0,1,0,0,0,0,0,0,0,5,0,0,0,100,3,16
A2,226015,0,77505808,19439534,19501,4705,12169216,1048576,524288,647168,0,2834432,6291456,14514,4567,19215,14070,54081,6561792,5607424,3850240,0,0,0,0,1,0,0,0,0,0,0,0,5,0,0,0,100,3,15
A2,228016,0,78188816,19607470,19672,4746,9515008,1048576,524288,647168,0,2564096,6291456,14616,4608,19386,14352,54679,4284416,5230592,3850240,28672,0,0,0,1,0,0,0,0,0,0,0,5,0,0,0,0,3,15
A2,230008,0,78258448,19607470,19689,4746,9474048,1048576,524288,647168,0,2531328,6291456,14623,4608,19403,14390,54757,4280320,5193728,3837952,8192,0,0,0,1,0,0,0,0,0,0,0,5,0,0,0,0,3,14
A2,232012,0,78379792,19632046,19719,4752,9474048,1048576,524288,647168,0,2543616,6291456,14645,4614,19433,14470,54887,4280320,5193728,3837952,0,0,0,0,1,0,0,0,0,0,0,0,5,0,0,0,12,3,14
A2,234004,0,78379792,19660718,19719,4759,9580544,1048576,524288,753664,0,2527232,6291456,14664,4621,19433,14487,54907,4386816,5193728,3944448,0,0,0,0,1,0,0,0,0,0,0,0,5,0,0,0,0,3,14
A2,236009,0,78379792,19660718,19719,4759,9580544,1048576,524288,753664,0,2527232,6291456,14664,4621,19433,14503,54923,4386816,5193728,3944448,0,0,0,0,1,0,0,0,0,0,0,0,5,0,0,0,0,3,14
A2,238000,0,78379792,19660718,19719,4759,9580544,1048576,524288,753664,0,2527232,6291456,14664,4621,19433,14519,54939,4386816,5193728,3944448,0,0,0,0,1,0,0,0,0,0,0,0,5,0,0,0,0,3,14
A2,240006,0,78379792,19660718,19719,4759,9580544,1048576,524288,753664,0,2527232,6291456,14664,4621,19433,14535,54955,4386816,5193728,3944448,0,0,0,0,1,0,0,0,0,0,0,0,5,0,0,0,0,3,14
A2,242013,0,78379792,19660718,19719,4759,9580544,1048576,524288,753664,0,2527232,6291456,14664,4621,19433,14551,54971,4386816,5193728,3944448,0,0,0,0,1,0,0,0,0,0,0,0,5,0,0,0,1,3,14
A2,244002,0,78379792,19660718,19719,4759,9580544,1048576,524288,753664,0,2527232,6291456,14664,4621,19433,14567,54987,4386816,5193728,3944448,0,0,0,0,1,0,0,0,0,0,0,0,5,0,0,0,0,3,14
A2,246007,0,78379792,19660718,19719,4759,9580544,1048576,524288,753664,0,2527232,6291456,14664,4621,19433,14583,55003,4386816,5193728,3944448,0,0,0,0,1,0,0,0,0,0,0,0,5,0,0,0,1,3,14
A2,248013,8192,78383888,19666430,19720,4760,9580544,1048576,524288,753664,0,2527232,6291456,14665,4621,19434,14614,55035,4386816,5193728,3944448,0,0,0,0,1,0,0,0,0,0,0,0,5,0,0,0,3,3,14
A2,250004,0,78383888,19666430,19720,4760,9580544,1048576,524288,753664,0,2527232,6291456,14665,4621,19434,14636,55057,4386816,5193728,3944448,0,0,0,0,1,0,0,0,0,0,0,0,5,0,0,0,1,3,14
A2,252008,0,78383888,19666430,19720,4760,9580544,1048576,524288,753664,0,2527232,6291456,14665,4621,19434,14652,55073,4386816,5193728,3944448,0,0,0,0,1,0,0,0,0,0,0,0,5,0,0,0,2,3,14
A2,254014,0,78400272,19666430,19724,4760,9564160,1048576,524288,737280,0,2523136,6291456,14665,4621,19438,14676,55104,4370432,5193728,3928064,0,0,0,0,1,0,0,0,0,0,0,0,5,0,0,0,3,3,14
A2,256005,0,78400272,19666430,19724,4760,9564160,1048576,524288,737280,0,2523136,6291456,14665,4621,19438,14692,55120,4370432,5193728,3928064,0,0,0,0,1,0,0,0,0,0,0,0,5,0,0,0,1,3,14
A2,258010,0,78400272,19666430,19724,4760,9564160,1048576,524288,737280,0,2523136,6291456,14665,4621,19438,14708,55136,4370432,5193728,3928064,0,0,0,0,1,0,0,0,0,0,0,0,5,0,0,0,1,3,14
A2,260003,0,78400272,19666430,19724,4760,9564160,1048576,524288,737280,0,2523136,6291456,14665,4621,19438,14724,55152,4370432,5193728,3928064,0,0,0,0,1,0,0,0,0,0,0,0,5,0,0,0,1,3,14
A2,262006,0,78400272,19666430,19724,4760,9564160,1048576,524288,737280,0,2523136,6291456,14665,4621,19438,14740,55168,4370432,5193728,3928064,0,0,0,0,1,0,0,0,0,0,0,0,5,0,0,0,2,3,14
A2,264012,0,78400272,19666430,19724,4760,9564160,1048576,524288,737280,0,2523136,6291456,14665,4621,19438,14756,55184,4370432,5193728,3928064,0,0,0,0,1,0,0,0,0,0,0,0,5,0,0,0,1,3,14
A2,266002,0,78400272,19666430,19724,4760,9564160,1048576,524288,737280,0,2523136,6291456,14665,4621,19438,14772,55200,4370432,5193728,3928064,0,0,0,0,1,0,0,0,0,0,0,0,5,0,0,0,1,3,14
A2,268008,0,78400272,19666430,19724,4760,9564160,1048576,524288,737280,0,2523136,6291456,14665,4621,19438,14788,55216,4370432,5193728,3928064,0,0,0,0,1,0,0,0,0,0,0,0,5,0,0,0,1,3,14
A2,270000,0,78400272,19666430,19724,4760,9564160,1048576,524288,737280,0,2523136,6291456,14665,4621,19438,14804,55232,4370432,5193728,3928064,0,0,0,0,1,0,0,0,0,0,0,0,5,0,0,0,1,3,14
A2,272004,0,78400272,19666430,19724,4761,9564160,1048576,524288,737280,0,2523136,5242880,14665,4621,19438,14828,55256,4370432,5193728,3928064,0,0,0,0,1,0,0,0,0,0,0,0,5,0,0,0,2,3,14
A2,274010,0,78400272,19666430,19724,4761,9564160,1048576,524288,737280,0,2523136,5242880,14665,4621,19438,14844,55272,4370432,5193728,3928064,0,0,0,0,1,0,0,0,0,0,0,0,5,0,0,0,1,3,14
A2,276003,0,78400272,19666430,19724,4761,9564160,1048576,524288,737280,0,2523136,5242880,14665,4621,19438,14860,55288,4370432,5193728,3928064,0,0,0,0,1,0,0,0,0,0,0,0,5,0,0,0,2,3,14
A2,278006,0,78408464,19666430,19726,4761,9555968,1048576,524288,729088,0,2523136,5242880,14665,4621,19440,14884,55314,4362240,5193728,3919872,0,0,0,0,1,0,0,0,0,0,0,0,5,0,0,0,3,3,14
A2,280011,0,78408464,19666430,19726,4761,9555968,1048576,524288,729088,0,2523136,5242880,14665,4621,19440,14900,55330,4362240,5193728,3919872,0,0,0,0,1,0,0,0,0,0,0,0,5,0,0,0,1,3,14
A2,282005,0,78408464,19666430,19726,4761,9555968,1048576,524288,729088,0,2523136,5242880,14665,4621,19440,14916,55346,4362240,5193728,3919872,0,0,0,0,1,0,0,0,0,0,0,0,5,0,0,0,1,3,14
A2,284008,0,78408464,19666430,19726,4761,9555968,1048576,524288,729088,0,2523136,5242880,14665,4621,19440,14932,55362,4362240,5193728,3919872,0,0,0,0,1,0,0,0,0,0,0,0,5,0,0,0,0,3,14
A2,286001,0,78408464,19666430,19726,4761,9555968,1048576,524288,729088,0,2523136,5242880,14665,4621,19440,14948,55378,4362240,5193728,3919872,0,0,0,0,1,0,0,0,0,0,0,0,5,0,0,0,1,3,14
A2,288006,0,78408464,19666430,19726,4761,9555968,1048576,524288,729088,0,2523136,5242880,14665,4621,19440,14964,55394,4362240,5193728,3919872,0,0,0,0,1,0,0,0,0,0,0,0,5,0,0,0,1,3,14
A2,290008,0,78408464,19666430,19726,4761,9555968,1048576,524288,729088,0,2523136,5242880,14665,4621,19440,14980,55410,4362240,5193728,3919872,0,0,0,0,1,0,0,0,0,0,0,0,5,0,0,0,1,3,14
A2,292000,0,78408464,19666430,19726,4761,9555968,1048576,524288,729088,0,2523136,5242880,14665,4621,19440,15002,55453,4362240,5193728,3919872,0,0,0,0,1,0,0,0,0,0,0,0,5,0,0,0,2,3,14
A2,294006,0,78408464,19666430,19726,4761,9555968,1048576,524288,729088,0,2523136,5242880,14665,4621,19440,15018,55469,4362240,5193728,3919872,0,0,0,0,1,0,0,0,0,0,0,0,5,0,0,0,0,3,14
A2,296010,0,78408464,19666430,19726,4761,9555968,1048576,524288,729088,0,2523136,5242880,14665,4621,19440,15034,55485,4362240,5193728,3919872,0,0,0,0,1,0,0,0,0,0,0,0,5,0,0,0,1,3,14
A2,298001,0,78408464,19666430,19726,4761,9555968,1048576,524288,729088,0,2523136,5242880,14665,4621,19440,15050,55501,4362240,5193728,3919872,0,0,0,0,1,0,0,0,0,0,0,0,5,0,0,0,1,3,14
A2,300007,0,78408464,19666430,19726,4761,9555968,1048576,524288,729088,0,2523136,5242880,14665,4621,19440,15066,55517,4362240,5193728,3919872,0,0,0,0,1,0,0,0,0,0,0,0,5,0,0,0,1,3,14
