label,ms,VFAT\DirtyData,VFAT\BReadsSec,VFAT\BWritesSec,VFAT\ReadsSec,VFAT\WritesSec,VMM\cpgCommit,VMM\cpgDiskcacheMac,VMM\cpgDiskcacheMin,VMM\cpgDiskcache,VMM\cpgSwapfileDefective,VMM\cpgSwapfileInUse,VMM\cpgSwapfile,VMM\cDiscards,VMM\cPageOuts,VMM\cPageIns,VMM\cInstanceFaults,VMM\cPageFaults,VMM\cpgOther,VMM\cpgSwap,VMM\cpgLocked,VMM\cpgFree,SMBRedir\NumOpenFiles,SMBRedir\NumResources,SMBRedir\NumSess,SMBRedir\NumNets,SMBRedir\BWritesSec,SMBRedir\BReadsSec,SMBRedir\XactSec,SHADRAM\Status,SHADRAM\PagesFailed,SHADRAM\PagesAdded,SHADRAM\PagesTested,Nwlink\SITEntries,Nwlink\RIT_Entries,Nwlink\SPX_PacketsIn,Nwlink\SPX_SendPackets,Nwlink\IPX_SocketsOpen,Nwlink\IPX_PacketsLost,Nwlink\IPX_PacketsIn,Nwlink\IPX_Sends,KERNEL\CPUUsage,KERNEL\VMs,KERNEL\Threads
S,0,4096,7320233,3422166,1920,793,9084928,1048576,524288,536576,0,2162688,4657152,751,693,1680,1507,3914,4022272,5062656,3727360,0,0,0,0,1,0,0,0,0,0,16,16,0,0,0,0,5,0,0,0,100,3,16
S,2046,0,7981802,3639254,2093,846,9125888,1048576,524288,536576,0,2293760,4657152,866,746,1851,1601,4290,4050944,5074944,3727360,0,0,0,0,1,0,0,0,0,0,16,16,0,0,0,0,5,0,0,0,100,3,16
S,4179,0,8743240,3844054,2290,896,9134080,1048576,524288,536576,0,2359296,4657152,1007,796,2052,1850,4844,4067328,5066752,3719168,0,0,0,0,1,0,0,0,0,0,16,16,0,0,0,0,5,0,0,0,100,3,15
S,6048,0,9262408,3995606,2418,933,9248768,1048576,524288,643072,0,2392064,4657152,1126,833,2181,2097,5277,4173824,5074944,3825664,0,0,0,0,1,0,0,0,0,0,16,16,0,0,0,0,5,0,0,0,100,3,15
S,8034,0,9798605,4114390,2564,963,9359360,1048576,524288,749568,0,2359296,4718592,1257,862,2339,2410,6090,4280320,5079040,3932160,0,0,0,0,1,0,0,0,0,0,16,16,0,0,0,0,5,0,0,0,100,3,15
S,10018,0,9942311,4122582,2626,965,9244672,1048576,524288,630784,0,2314240,4718592,1260,864,2407,2685,6939,4161536,5083136,3813376,0,0,0,0,1,0,0,0,0,0,16,16,0,0,0,0,5,0,0,0,100,3,15
S,12015,0,10122023,4134870,2671,968,9129984,1048576,524288,536576,0,2322432,4718592,1276,867,2452,2783,7153,4067328,5062656,3710976,0,0,0,0,1,0,0,0,0,0,16,16,0,0,0,0,5,0,0,0,0,3,14
S,14008,4096,10404647,4229202,2740,983,9129984,1048576,524288,536576,0,2355200,4718592,1331,881,2521,2932,7455,4067328,5062656,3710976,0,0,0,0,1,0,0,0,0,0,16,16,0,0,0,0,5,0,0,0,0,3,14
S,16027,0,10987663,4376658,2895,1019,9318400,1048576,524288,749568,0,2363392,4718592,1486,917,2667,3158,7874,4263936,5054464,3923968,0,0,0,0,1,0,0,0,0,0,16,16,0,0,0,0,5,0,0,0,97,3,14
S,18025,4096,11382656,4409426,2987,1027,9342976,1048576,524288,643072,0,2342912,4718592,1556,925,2756,3363,8277,4173824,5169152,3817472,0,0,0,0,1,0,0,0,0,0,16,16,0,0,0,0,5,0,0,0,100,3,14
S,20004,0,11802409,4528210,3068,1057,9588736,1048576,524288,536576,0,2408448,5242880,1641,954,2804,3673,8772,4067328,5521408,3747840,0,0,0,0,1,0,0,0,0,0,16,16,0,0,0,0,5,0,0,0,100,3,15
S,22032,0,12385584,4847698,3178,1135,9658368,1048576,524288,536576,0,2699264,5242880,1681,1032,2909,3949,9207,4067328,5591040,3747840,0,0,0,0,1,0,0,0,0,0,16,16,0,0,0,0,5,0,0,0,100,3,15
S,24013,0,12933474,5109842,3266,1200,9928704,1048576,524288,536576,0,2899968,5767168,1754,1096,2980,4210,9589,4071424,5857280,3751936,0,0,0,0,1,0,0,0,0,0,16,16,0,0,0,0,5,0,0,0,100,3,15
S,26038,0,13420834,5449810,3487,1283,9994240,1048576,524288,544768,0,3141632,5767168,1797,1179,3090,4379,10003,4079616,5914624,3760128,0,0,0,0,1,0,0,0,0,0,16,16,0,0,0,0,5,0,0,0,100,3,15
S,28112,0,13907029,5564498,3612,1311,9990144,1048576,524288,536576,0,3186688,5767168,1893,1209,3217,4407,10258,4071424,5918720,3751936,0,0,0,0,1,0,0,0,0,0,16,16,0,0,0,0,5,0,0,0,100,3,15
S,30071,0,14223865,5634130,3692,1328,9994240,1048576,524288,536576,0,3145728,5767168,1947,1224,3285,4430,10437,4071424,5922816,3751936,0,0,0,0,1,0,0,0,0,0,16,16,0,0,0,0,5,0,0,0,100,3,15
S,32163,0,14846969,5834852,3857,1379,10711040,1048576,524288,536576,0,3211264,6291456,2060,1273,3450,4480,10756,4595712,6115328,3760128,0,0,0,0,1,0,0,0,0,0,16,16,0,0,0,0,5,0,0,0,100,3,16
S,34007,0,15146425,5965924,3972,1412,12681216,1048576,524288,643072,0,3284992,6815744,2143,1305,3569,4507,10927,6467584,6213632,3874816,0,0,0,0,1,0,0,0,0,0,16,16,0,0,0,0,5,0,0,0,100,3,16
S,36050,0,15868465,6158436,4161,1459,12857344,1048576,524288,749568,0,3354624,6815744,2315,1352,3763,4544,11221,6574080,6283264,3981312,0,0,0,0,1,0,0,0,0,0,16,16,0,0,0,0,5,0,0,0,100,3,16
S,38028,0,16304689,6338660,4271,1503,12988416,1048576,524288,856064,0,3457024,6815744,2417,1396,3884,4572,11414,6680576,6307840,4087808,0,0,0,0,1,0,0,0,0,0,16,16,0,0,0,0,5,0,0,0,100,3,16
S,40102,0,17075761,6535268,4466,1551,12910592,1048576,524288,761856,0,3567616,6815744,2556,1447,4093,4620,11735,6586368,6324224,3993600,0,0,0,0,1,0,0,0,0,0,16,16,0,0,0,0,5,0,0,0,100,3,16
S,42208,0,17710641,6645860,4623,1578,12775424,1048576,524288,622592,0,3567616,6815744,2651,1471,4246,4632,12026,6447104,6328320,3854336,0,0,0,0,1,0,0,0,0,0,16,16,0,0,0,0,5,0,0,0,100,3,16
S,44587,0,18764302,6858852,4884,1630,12705792,1048576,524288,540672,0,3563520,6815744,2842,1523,4509,4674,12469,6365184,6340608,3772416,0,0,0,0,1,0,0,0,0,0,16,16,0,0,0,0,5,0,0,0,100,3,16
S,46022,0,18862974,6875236,4913,1634,12910592,1048576,524288,540672,0,3571712,6815744,2864,1527,4538,4691,12525,6557696,6352896,3772416,0,0,0,0,1,0,0,0,0,0,16,16,0,0,0,0,5,0,0,0,100,3,16
S,48341,0,19708286,7084132,5122,1685,12931072,1048576,524288,540672,0,3563520,6815744,3029,1578,4749,4723,12892,6557696,6373376,3772416,0,0,0,0,1,0,0,0,0,0,16,16,0,0,0,0,5,0,0,0,100,3,16
S,50456,0,20667774,7354468,5361,1751,13066240,1048576,524288,647168,0,3641344,6815744,3235,1644,4994,4771,13390,6664192,6402048,3878912,0,0,0,0,1,0,0,0,0,0,16,16,0,0,0,0,5,0,0,0,100,3,16
S,52056,0,20712830,7374948,5372,1756,13066240,1048576,524288,647168,0,3661824,6815744,3241,1649,5005,4771,13450,6664192,6402048,3878912,0,0,0,0,1,0,0,0,0,0,16,16,0,0,0,0,5,0,0,0,100,3,16
S,54041,0,21719934,7497828,5620,1786,12959744,1048576,524288,540672,0,3657728,6815744,3433,1679,5253,4820,14150,6557696,6402048,3772416,0,0,0,0,1,0,0,0,0,0,16,16,0,0,0,0,5,0,0,0,100,3,16
S,56012,0,22003322,7555172,5692,1800,13074432,1048576,524288,540672,0,3653632,6815744,3496,1693,5324,4836,14316,6643712,6430720,3772416,0,0,0,0,1,0,0,0,0,0,16,16,0,0,0,0,5,0,0,0,100,3,16
S,58326,0,23256698,7776356,6003,1854,13074432,1048576,524288,540672,0,3649536,6815744,3753,1747,5635,4900,15025,6643712,6430720,3772416,0,0,0,0,1,0,0,0,0,0,16,16,0,0,0,0,5,0,0,0,100,3,16
S,60015,0,23256698,7776356,6003,1854,13074432,1048576,524288,540672,0,3649536,6815744,3753,1747,5635,4900,15025,6643712,6430720,3772416,0,0,0,0,1,0,0,0,0,0,16,16,0,0,0,0,5,0,0,0,100,3,16
S,62363,0,24449146,8053221,6299,1921,13205504,1048576,524288,647168,0,3706880,6815744,4015,1813,5937,4964,15600,6750208,6455296,3887104,0,0,0,0,1,0,0,0,0,0,16,16,0,0,0,0,5,0,0,0,100,3,17
S,64157,0,24584314,8077797,6332,1927,13205504,1048576,524288,647168,0,3674112,6815744,4042,1819,5970,4964,15671,6750208,6455296,3887104,0,0,0,0,1,0,0,0,0,0,16,16,0,0,0,0,5,0,0,0,100,3,17
S,66141,4096,25204946,8192507,6494,1956,13234176,1048576,524288,540672,0,3674112,6815744,4154,1847,6139,5006,16022,6696960,6537216,3796992,0,0,0,0,1,0,0,0,0,0,16,16,0,0,0,0,5,0,0,0,100,3,18
S,68035,0,25877202,8339963,6662,1992,13234176,1048576,524288,540672,0,3653632,6815744,4288,1883,6311,5038,16441,6696960,6537216,3796992,0,0,0,0,1,0,0,0,0,0,16,16,0,0,0,0,5,0,0,0,100,3,18
S,70282,0,26674429,8524283,6861,2037,13271040,1048576,524288,540672,0,3690496,6815744,4447,1928,6509,5073,16852,6696960,6574080,3796992,0,0,0,0,1,0,0,0,0,0,16,16,0,0,0,0,5,0,0,0,100,3,18
S,72265,0,27246845,8655355,7002,2069,13271040,1048576,524288,540672,0,3751936,6815744,4556,1960,6650,5105,17146,6696960,6574080,3796992,0,0,0,0,1,0,0,0,0,0,16,16,0,0,0,0,5,0,0,0,100,3,18
S,74229,0,27935997,8823291,7174,2110,13279232,1048576,524288,540672,0,3776512,6815744,4689,2001,6822,5150,17575,6696960,6582272,3796992,0,0,0,0,1,0,0,0,0,0,16,16,0,0,0,0,5,0,0,0,100,3,18
S,76262,0,28566949,8978960,7343,2150,13942784,1048576,524288,540672,0,3837952,7340032,4818,2039,7000,5180,17919,7086080,6856704,3809280,0,0,0,0,1,0,0,0,0,0,16,16,0,0,0,0,5,0,0,0,100,3,19
S,78065,0,28876709,9036304,7420,2164,14012416,1048576,524288,540672,0,3854336,7340032,4887,2053,7085,5196,18110,7086080,6926336,3809280,0,0,0,0,1,0,0,0,0,0,16,16,0,0,0,0,5,0,0,0,100,3,19
S,80066,0,29546130,9175568,7593,2198,14012416,1048576,524288,540672,0,3870720,7340032,5027,2087,7260,5244,18470,7086080,6926336,3809280,0,0,0,0,1,0,0,0,0,0,16,16,0,0,0,0,5,0,0,0,100,3,19
S,82011,0,29971602,9261584,7699,2219,14036992,1048576,524288,540672,0,3907584,7340032,5118,2108,7373,5258,18633,7086080,6950912,3809280,0,0,0,0,1,0,0,0,0,0,16,16,0,0,0,0,5,0,0,0,100,3,19
S,84062,0,30588050,9454096,7856,2266,14143488,1048576,524288,647168,0,4009984,7340032,5262,2155,7535,5296,18935,7192576,6950912,3915776,0,0,0,0,1,0,0,0,0,0,16,16,0,0,0,0,5,0,0,0,100,3,19
S,86068,0,31192722,9540112,8006,2287,14143488,1048576,524288,647168,0,4018176,7340032,5391,2176,7690,5328,19233,7192576,6950912,3915776,0,0,0,0,1,0,0,0,0,0,16,16,0,0,0,0,5,0,0,0,100,3,19
S,88031,4096,32007838,9699856,8209,2326,14045184,1048576,524288,540672,0,4018176,7340032,5530,2215,7887,5369,19662,7086080,6959104,3809280,0,0,0,0,1,0,0,0,0,0,16,16,0,0,0,0,5,0,0,0,100,3,19
S,90036,0,32554142,9765392,8345,2342,14065664,1048576,524288,540672,0,3993600,7340032,5655,2231,8024,5401,20018,7086080,6979584,3809280,0,0,0,0,1,0,0,0,0,0,16,16,0,0,0,0,5,0,0,0,100,3,19
S,92110,0,33186974,9970192,8503,2392,14143488,1048576,524288,540672,0,4112384,7340032,5783,2281,8183,5426,20420,7086080,7057408,3809280,0,0,0,0,1,0,0,0,0,0,16,16,0,0,0,0,5,0,0,0,100,3,19
S,94239,0,33856158,10097168,8669,2423,14151680,1048576,524288,540672,0,4141056,7340032,5920,2312,8349,5465,20938,7086080,7065600,3809280,0,0,0,0,1,0,0,0,0,0,16,16,0,0,0,0,5,0,0,0,100,3,19
S,96340,0,34793118,10261008,8903,2463,14159872,1048576,524288,540672,0,4149248,7340032,6116,2352,8584,5506,21520,7086080,7073792,3809280,0,0,0,0,1,0,0,0,0,0,16,16,0,0,0,0,5,0,0,0,100,3,19
S,98214,0,35064990,10314256,8970,2476,14163968,1048576,524288,540672,0,4177920,7340032,6171,2365,8652,5513,21614,7086080,7077888,3809280,0,0,0,0,1,0,0,0,0,0,16,16,0,0,0,0,5,0,0,0,100,3,19
S,100439,4096,35995294,10515000,9201,2527,14270464,1048576,524288,647168,0,4198400,7340032,6383,2415,8889,5580,22078,7188480,7077888,3911680,0,0,0,0,1,0,0,0,0,0,16,16,0,0,0,0,5,0,0,0,100,3,19
S,102030,0,36227742,10531384,9258,2531,14163968,1048576,524288,540672,0,4190208,7340032,6406,2418,8940,5596,22202,7086080,7077888,3809280,0,0,0,0,1,0,0,0,0,0,16,16,0,0,0,0,5,0,0,0,100,3,19
S,104497,0,37672606,10777164,9617,2592,14163968,1048576,524288,540672,0,4149248,7340032,6705,2478,9299,5675,23111,7086080,7077888,3809280,0,0,0,0,1,0,0,0,0,0,16,16,0,0,0,0,5,0,0,0,100,3,19
S,106813,0,37763742,10805836,9640,2599,14163968,1048576,524288,540672,0,4161536,7340032,6721,2485,9322,5675,23160,7086080,7077888,3809280,0,0,0,0,1,0,0,0,0,0,16,16,0,0,0,0,5,0,0,0,100,3,19
S,108496,4096,38271134,10904187,9766,2625,14172160,1048576,524288,548864,0,4173824,7340032,6825,2509,9448,5713,23566,7094272,7077888,3817472,0,0,0,0,1,0,0,0,0,0,16,16,0,0,0,0,5,0,0,0,100,3,19
S,110224,0,38886558,11027067,9919,2655,14270464,1048576,524288,647168,0,4198400,7340032,6973,2539,9602,5745,23980,7192576,7077888,3915776,0,0,0,0,1,0,0,0,0,0,16,16,0,0,0,0,5,0,0,0,100,3,19
S,112630,0,39571614,11149947,10101,2685,14270464,1048576,524288,647168,0,4202496,7340032,7125,2569,9784,5781,24551,7192576,7077888,3915776,0,0,0,0,1,0,0,0,0,0,16,16,0,0,0,0,5,0,0,0,100,3,19
S,114084,4096,39935646,11199144,10179,2699,14270464,1048576,524288,647168,0,4194304,7340032,7191,2581,9862,5805,24773,7192576,7077888,3915776,0,0,0,0,1,0,0,0,0,0,16,16,0,0,0,0,5,0,0,0,100,3,19
S,116034,4096,40573086,11309756,10338,2727,14163968,1048576,524288,540672,0,4186112,7340032,7297,2608,10021,5849,25093,7086080,7077888,3809280,0,0,0,0,1,0,0,0,0,0,16,16,0,0,0,0,5,0,0,0,100,3,19
S,118245,0,41635486,11518652,10601,2778,14221312,1048576,524288,598016,0,4153344,7340032,7523,2659,10284,5897,25810,7143424,7077888,3866624,0,0,0,0,1,0,0,0,0,0,16,16,0,0,0,0,5,0,0,0,100,3,19
S,120032,0,41729182,11522748,10624,2779,14163968,1048576,524288,540672,0,4149248,7340032,7531,2660,10307,5904,25863,7086080,7077888,3809280,0,0,0,0,1,0,0,0,0,0,16,16,0,0,0,0,5,0,0,0,100,3,19
S,122529,0,43126430,11776747,10971,2843,14163968,1048576,524288,540672,0,4202496,7340032,7828,2725,10669,5994,26864,7086080,7077888,3809280,0,0,0,0,1,0,0,0,0,0,16,16,0,0,0,0,5,0,0,0,100,3,19
S,125015,12288,43190942,11794918,10987,2847,14163968,1048576,524288,540672,0,4190208,7340032,7842,2727,10685,6003,26901,7086080,7077888,3809280,0,0,0,0,1,0,0,0,0,0,16,16,0,0,0,0,5,0,0,0,100,3,19
S,126015,16384,43424926,11876883,11045,2869,14270464,1048576,524288,647168,0,4247552,7340032,7893,2745,10728,6018,26969,7192576,7077888,3915776,0,0,0,0,1,0,0,0,0,0,16,16,0,0,0,0,5,0,0,0,100,3,19
S,128380,4096,44107422,11979349,11219,2901,14163968,1048576,524288,540672,0,4169728,7340032,8013,2773,10902,6101,27380,7086080,7077888,3809280,0,0,0,0,1,0,0,0,0,0,16,16,0,0,0,0,5,0,0,0,100,3,19
S,130138,4096,45016734,12151401,11441,2941,14163968,1048576,524288,540672,0,4141056,7340032,8196,2812,11124,6146,27909,7086080,7077888,3809280,0,0,0,0,1,0,0,0,0,0,16,16,0,0,0,0,5,0,0,0,100,3,19
S,132095,0,45191326,12216937,11484,2957,14270464,1048576,524288,647168,0,4173824,7340032,8249,2828,11167,6155,28038,7192576,7077888,3915776,0,0,0,0,1,0,0,0,0,0,16,16,0,0,0,0,5,0,0,0,100,3,19
S,134065,4096,45833374,12327553,11644,2985,14163968,1048576,524288,540672,0,4173824,7340032,8356,2855,11327,6200,28447,7086080,7077888,3809280,0,0,0,0,1,0,0,0,0,0,16,16,0,0,0,0,5,0,0,0,100,3,19
S,136304,4096,46553246,12479128,11838,3026,14163968,1048576,524288,540672,0,4202496,7340032,8510,2895,11521,6232,28952,7086080,7077888,3809280,0,0,0,0,1,0,0,0,0,0,16,16,0,0,0,0,5,0,0,0,100,3,19
S,138035,0,46956702,12511896,11921,3031,14163968,1048576,524288,540672,0,4173824,7340032,8588,2900,11604,6248,29222,7086080,7077888,3809280,0,0,0,0,1,0,0,0,0,0,16,16,0,0,0,0,5,0,0,0,100,3,19
S,140026,4096,47552670,12626629,12070,3061,14270464,1048576,524288,647168,0,4206592,7340032,8735,2928,11753,6294,29626,7192576,7077888,3915776,0,0,0,0,1,0,0,0,0,0,16,16,0,0,0,0,5,0,0,0,100,3,19
S,142008,0,48242591,12737221,12235,3088,14188544,1048576,524288,540672,0,4177920,7340032,8849,2955,11914,6326,29908,7086080,7102464,3809280,0,0,0,0,1,0,0,0,0,0,16,16,0,0,0,0,5,0,0,0,100,3,19
S,144077,0,49019295,12917445,12428,3132,14036992,1048576,524288,540672,0,4022272,7340032,8993,2999,12107,6358,30237,7086080,6950912,3801088,0,0,0,0,1,0,0,0,0,0,16,16,0,0,0,0,5,0,0,0,100,3,19
S,146235,0,49906079,13142725,12648,3187,13357056,1048576,524288,540672,0,3338240,7340032,9147,3054,12327,6400,30700,7086080,6270976,3772416,0,0,0,0,1,0,0,0,0,0,16,16,0,0,0,0,5,0,0,0,100,3,18
S,148628,4096,50711967,13429569,12846,3240,13357056,1048576,524288,540672,0,3436544,7340032,9295,3104,12525,6444,31083,7086080,6270976,3772416,0,0,0,0,1,0,0,0,0,0,16,16,0,0,0,0,5,0,0,0,100,3,18
S,150068,4096,50806175,13470529,12869,3250,13357056,1048576,524288,540672,0,3477504,7340032,9308,3114,12548,6451,31140,7086080,6270976,3772416,0,0,0,0,1,0,0,0,0,0,16,16,0,0,0,0,5,0,0,0,100,3,18
S,152592,0,51683231,13798209,13087,3330,13615104,1048576,524288,540672,0,3489792,7340032,9502,3194,12822,6499,31577,7086080,6529024,3772416,0,0,0,0,1,0,0,0,0,0,16,16,0,0,0,0,5,0,0,0,100,3,18
S,154008,0,51974047,13962049,13158,3370,13615104,1048576,524288,540672,0,3563520,7340032,9533,3234,12893,6515,31734,7086080,6529024,3772416,0,0,0,0,1,0,0,0,0,0,16,16,0,0,0,0,5,0,0,0,100,3,18
S,156797,4096,52869120,14232385,13376,3436,13643776,1048576,524288,540672,0,3645440,7340032,9704,3303,13127,6578,32206,7086080,6557696,3776512,0,0,0,0,1,0,0,0,0,0,16,16,0,0,0,0,5,0,0,0,100,3,18
S,158025,4096,53237760,14302017,13466,3453,13643776,1048576,524288,540672,0,3661824,7340032,9763,3317,13200,6713,32495,7086080,6557696,3776512,0,0,0,0,1,0,0,0,0,0,16,16,0,0,0,0,5,0,0,0,100,3,18
S,160049,0,54013288,14461761,13667,3492,13611008,1048576,524288,540672,0,3555328,7340032,9911,3356,13392,7003,33182,7069696,6541312,3776512,0,0,0,0,1,0,0,0,0,0,16,16,0,0,0,0,5,0,0,0,100,3,18
S,162343,0,54727528,14674753,13845,3544,13611008,1048576,524288,540672,0,3608576,7340032,10037,3408,13581,7179,33676,7024640,6463488,3776512,12288,0,0,0,1,0,0,0,0,0,16,16,0,0,0,0,5,0,0,0,100,3,18
S,164389,0,55365728,14814017,14011,3578,13500416,1048576,524288,540672,0,3551232,7340032,10160,3442,13739,7459,34264,7036928,6463488,3764224,0,0,0,0,1,0,0,0,0,0,16,16,0,0,0,0,5,0,0,0,100,3,17
S,166086,0,55747680,14883649,14106,3595,13500416,1048576,524288,540672,0,3534848,7340032,10238,3459,13834,7649,34726,7036928,6463488,3764224,0,0,0,0,1,0,0,0,0,0,16,16,0,0,0,0,5,0,0,0,100,3,17
S,168125,0,56419936,15002433,14274,3624,13500416,1048576,524288,540672,0,3530752,7340032,10377,3488,14002,7986,35399,7036928,6463488,3764224,0,0,0,0,1,0,0,0,0,0,16,16,0,0,0,0,5,0,0,0,100,3,17
S,170133,0,57030240,15145793,14426,3659,13500416,1048576,524288,540672,0,3538944,7340032,10494,3523,14154,8305,36161,7036928,6463488,3764224,0,0,0,0,1,0,0,0,0,0,16,16,0,0,0,0,5,0,0,0,100,3,17
S,172667,0,57829472,15321921,14625,3702,13606912,1048576,524288,647168,0,3530752,7340032,10676,3566,14353,8712,37084,7143424,6463488,3870720,0,0,0,0,1,0,0,0,0,0,16,16,0,0,0,0,5,0,0,0,100,3,17
S,174008,0,58132064,15362881,14699,3712,13488128,1048576,524288,540672,0,3493888,7340032,10712,3576,14427,8873,37445,7036928,6451200,3764224,0,0,0,0,1,0,0,0,0,0,16,16,0,0,0,0,5,0,0,0,100,3,17
S,176145,0,58912864,15551297,14896,3758,13488128,1048576,524288,540672,0,3543040,7340032,10863,3622,14624,9262,38182,7036928,6451200,3764224,0,0,0,0,1,0,0,0,0,0,16,16,0,0,0,0,5,0,0,0,100,3,17
S,178026,0,59627104,15657793,15076,3784,13447168,1048576,524288,540672,0,3481600,7340032,11017,3648,14804,9583,38857,7036928,6410240,3764224,0,0,0,0,1,0,0,0,0,0,16,16,0,0,0,0,5,0,0,0,100,3,17
S,180169,0,60279392,15801153,15239,3819,13438976,1048576,524288,540672,0,3502080,7340032,11149,3689,14978,9879,39454,7036928,6402048,3764224,0,0,0,0,1,0,0,0,0,0,16,16,0,0,0,0,5,0,0,0,100,3,17
S,182235,0,60937824,16005953,15405,3869,13545472,1048576,524288,647168,0,3534848,7340032,11286,3733,15133,10168,40113,7143424,6402048,3870720,0,0,0,0,1,0,0,0,0,0,16,16,0,0,0,0,5,0,0,0,100,3,17
S,184143,0,61677152,16100161,15588,3892,13193216,1048576,524288,540672,0,3424256,7340032,11412,3756,15316,10523,40798,6844416,6348800,3764224,0,0,0,0,1,0,0,0,0,0,16,16,0,0,0,0,5,0,0,0,100,3,17
S,186012,8192,62009440,16179894,15670,3911,13193216,1048576,524288,540672,0,3403776,7340032,11479,3774,15401,10731,41242,6844416,6348800,3764224,0,0,0,0,1,0,0,0,0,0,16,16,0,0,0,0,5,0,0,0,100,3,17
S,188054,0,62556256,16339638,15806,3950,13299712,1048576,524288,647168,0,3428352,7340032,11602,3813,15537,11034,41839,6950912,6348800,3870720,0,0,0,0,1,0,0,0,0,0,16,16,0,0,0,0,5,0,0,0,100,3,17
S,190208,0,63283296,16511670,15989,3992,13275136,1048576,524288,647168,0,3387392,7340032,11736,3855,15720,11355,42516,6950912,6324224,3870720,0,0,0,0,1,0,0,0,0,0,16,16,0,0,0,0,5,0,0,0,100,3,17
S,192021,0,63862880,16695990,16135,4037,13234176,1048576,524288,647168,0,3366912,7340032,11833,3900,15866,11646,43064,6950912,6283264,3862528,0,0,0,0,1,0,0,0,0,0,16,16,0,0,0,0,5,0,0,0,100,3,16
S,194019,0,64346720,16782006,16255,4059,12107776,1048576,524288,540672,0,2871296,6291456,11883,3921,15986,11892,43528,6455296,5652480,3743744,0,0,0,0,1,0,0,0,0,0,16,16,0,0,0,0,5,0,0,0,100,3,15
S,196031,0,65126496,17003190,16449,4113,12087296,1048576,524288,647168,0,2756608,6291456,12034,3975,16180,12213,44147,6561792,5525504,3850240,0,0,0,0,1,0,0,0,0,0,16,16,0,0,0,0,5,0,0,0,100,3,15
S,198009,0,65261664,17023670,16482,4118,9486336,1048576,524288,647168,0,2535424,6291456,12043,3980,16213,12283,44299,4280320,5206016,3837952,49152,0,0,0,1,0,0,0,0,0,16,16,0,0,0,0,5,0,0,0,23,3,14
S,200000,0,65261664,17023670,16482,4118,9486336,1048576,524288,647168,0,2535424,6291456,12043,3980,16213,12299,44315,4280320,5206016,3837952,49152,0,0,0,1,0,0,0,0,0,16,16,0,0,0,0,5,0,0,0,0,3,14
S,202005,0,65261664,17023670,16482,4118,9486336,1048576,524288,647168,0,2535424,6291456,12043,3980,16213,12315,44331,4280320,5206016,3837952,49152,0,0,0,1,0,0,0,0,0,16,16,0,0,0,0,5,0,0,0,1,3,14
S,204010,0,65261664,17023670,16482,4118,9486336,1048576,524288,647168,0,2535424,6291456,12043,3980,16213,12331,44347,4280320,5206016,3837952,49152,0,0,0,1,0,0,0,0,0,16,16,0,0,0,0,5,0,0,0,1,3,14
S,206002,0,65261664,17023670,16482,4118,9486336,1048576,524288,647168,0,2535424,6291456,12043,3980,16213,12347,44363,4280320,5206016,3837952,49152,0,0,0,1,0,0,0,0,0,16,16,0,0,0,0,5,0,0,0,1,3,14
S,208007,0,65261664,17023670,16482,4118,9486336,1048576,524288,647168,0,2535424,6291456,12043,3980,16213,12363,44379,4280320,5206016,3837952,49152,0,0,0,1,0,0,0,0,0,16,16,0,0,0,0,5,0,0,0,1,3,14
S,210060,4096,65716320,17154862,16593,4139,9379840,1048576,524288,540672,0,2543616,6291456,12098,3998,16324,12598,44819,4173824,5206016,3731456,0,0,0,0,1,0,0,0,0,0,16,16,0,0,0,0,5,0,0,0,59,3,14
S,212003,4096,65716320,17154862,16593,4139,9379840,1048576,524288,540672,0,2543616,6291456,12098,3998,16324,12611,44857,4173824,5206016,3731456,0,0,0,0,1,0,0,0,0,0,16,16,0,0,0,0,5,0,0,0,2,3,14
S,214008,0,65716320,17154862,16593,4139,9379840,1048576,524288,540672,0,2543616,6291456,12098,3998,16324,12633,44879,4173824,5206016,3731456,0,0,0,0,1,0,0,0,0,0,16,16,0,0,0,0,5,0,0,0,1,3,14
S,216001,0,65716320,17154862,16593,4139,9379840,1048576,524288,540672,0,2543616,6291456,12098,3998,16324,12649,44895,4173824,5206016,3731456,0,0,0,0,1,0,0,0,0,0,16,16,0,0,0,0,5,0,0,0,1,3,14
S,218005,0,65716320,17154862,16593,4139,9379840,1048576,524288,540672,0,2543616,6291456,12098,3998,16324,12665,44911,4173824,5206016,3731456,0,0,0,0,1,0,0,0,0,0,16,16,0,0,0,0,5,0,0,0,0,3,14
S,220011,0,65716320,17154862,16593,4139,9379840,1048576,524288,540672,0,2543616,6291456,12098,3998,16324,12681,44927,4173824,5206016,3731456,0,0,0,0,1,0,0,0,0,0,16,16,0,0,0,0,5,0,0,0,1,3,14
S,222001,0,65716320,17154862,16593,4139,9379840,1048576,524288,540672,0,2543616,6291456,12098,3998,16324,12697,44943,4173824,5206016,3731456,0,0,0,0,1,0,0,0,0,0,16,16,0,0,0,0,5,0,0,0,2,3,14
S,224006,0,65716320,17154862,16593,4139,9379840,1048576,524288,540672,0,2543616,6291456,12098,3998,16324,12713,44959,4173824,5206016,3731456,0,0,0,0,1,0,0,0,0,0,16,16,0,0,0,0,5,0,0,0,0,3,14
S,226011,0,65716320,17154862,16593,4139,9379840,1048576,524288,540672,0,2543616,6291456,12098,3998,16324,12729,44975,4173824,5206016,3731456,0,0,0,0,1,0,0,0,0,0,16,16,0,0,0,0,5,0,0,0,1,3,14
S,228003,0,65720416,17158958,16594,4140,9379840,1048576,524288,540672,0,2527232,6291456,12098,3999,16325,12753,45000,4173824,5206016,3731456,0,0,0,0,1,0,0,0,0,0,16,16,0,0,0,0,5,0,0,0,3,3,14
S,230009,0,65720416,17158958,16594,4140,9379840,1048576,524288,540672,0,2527232,6291456,12098,3999,16325,12769,45016,4173824,5206016,3731456,0,0,0,0,1,0,0,0,0,0,16,16,0,0,0,0,5,0,0,0,1,3,14
S,232013,0,65720416,17158958,16594,4140,9379840,1048576,524288,540672,0,2527232,6291456,12098,3999,16325,12785,45032,4173824,5206016,3731456,0,0,0,0,1,0,0,0,0,0,16,16,0,0,0,0,5,0,0,0,1,3,14
S,234004,0,65720416,17158958,16594,4140,9379840,1048576,524288,540672,0,2527232,6291456,12098,3999,16325,12801,45048,4173824,5206016,3731456,0,0,0,0,1,0,0,0,0,0,16,16,0,0,0,0,5,0,0,0,1,3,14
S,236005,0,65810016,17204014,16616,4151,9379840,1048576,524288,540672,0,2572288,6291456,12109,4010,16347,12865,45142,4173824,5206016,3731456,0,0,0,0,1,0,0,0,0,0,16,16,0,0,0,0,5,0,0,0,17,3,14
S,238000,0,65841760,17232686,16624,4158,9486336,1048576,524288,647168,0,2535424,6291456,12136,4017,16355,12906,45191,4280320,5206016,3837952,0,0,0,0,1,0,0,0,0,0,16,16,0,0,0,0,5,0,0,0,11,3,14
S,240006,0,65841760,17232686,16624,4159,9486336,1048576,524288,647168,0,2535424,5242880,12136,4017,16355,12931,45216,4280320,5206016,3837952,0,0,0,0,1,0,0,0,0,0,16,16,0,0,0,0,5,0,0,0,2,3,14
S,242011,0,65841760,17232686,16624,4159,9486336,1048576,524288,647168,0,2535424,5242880,12136,4017,16355,12947,45232,4280320,5206016,3837952,0,0,0,0,1,0,0,0,0,0,16,16,0,0,0,0,5,0,0,0,1,3,14
S,244002,0,65841760,17232686,16624,4159,9486336,1048576,524288,647168,0,2535424,5242880,12136,4017,16355,12963,45248,4280320,5206016,3837952,0,0,0,0,1,0,0,0,0,0,16,16,0,0,0,0,5,0,0,0,1,3,14
S,246007,0,65841760,17232686,16624,4159,9486336,1048576,524288,647168,0,2535424,5242880,12136,4017,16355,12979,45264,4280320,5206016,3837952,0,0,0,0,1,0,0,0,0,0,16,16,0,0,0,0,5,0,0,0,1,3,14
S,248012,8192,65849952,17238662,16626,4160,9486336,1048576,524288,647168,0,2535424,5242880,12138,4017,16357,13011,45298,4280320,5206016,3837952,0,0,0,0,1,0,0,0,0,0,16,16,0,0,0,0,5,0,0,0,3,3,14
S,250004,0,65849952,17238662,16626,4160,9486336,1048576,524288,647168,0,2535424,5242880,12138,4017,16357,13033,45320,4280320,5206016,3837952,0,0,0,0,1,0,0,0,0,0,16,16,0,0,0,0,5,0,0,0,2,3,14
S,252009,0,65849952,17238662,16626,4160,9486336,1048576,524288,647168,0,2535424,5242880,12138,4017,16357,13049,45336,4280320,5206016,3837952,0,0,0,0,1,0,0,0,0,0,16,16,0,0,0,0,5,0,0,0,2,3,14
S,254000,0,65849952,17238662,16626,4160,9486336,1048576,524288,647168,0,2535424,5242880,12138,4017,16357,13065,45352,4280320,5206016,3837952,0,0,0,0,1,0,0,0,0,0,16,16,0,0,0,0,5,0,0,0,1,3,14
S,256005,0,65849952,17238662,16626,4160,9486336,1048576,524288,647168,0,2535424,5242880,12138,4017,16357,13081,45368,4280320,5206016,3837952,0,0,0,0,1,0,0,0,0,0,16,16,0,0,0,0,5,0,0,0,2,3,14
S,258010,0,65854048,17238662,16627,4160,9486336,1048576,524288,647168,0,2535424,5242880,12139,4017,16358,13105,45397,4280320,5206016,3837952,0,0,0,0,1,0,0,0,0,0,16,16,0,0,0,0,5,0,0,0,3,3,14
S,260003,0,65854048,17238662,16627,4160,9486336,1048576,524288,647168,0,2535424,5242880,12139,4017,16358,13121,45413,4280320,5206016,3837952,0,0,0,0,1,0,0,0,0,0,16,16,0,0,0,0,5,0,0,0,1,3,14
S,262006,0,65854048,17238662,16627,4160,9486336,1048576,524288,647168,0,2535424,5242880,12139,4017,16358,13137,45429,4280320,5206016,3837952,0,0,0,0,1,0,0,0,0,0,16,16,0,0,0,0,5,0,0,0,1,3,14
S,264013,0,65854048,17238662,16627,4160,9486336,1048576,524288,647168,0,2535424,5242880,12139,4017,16358,13153,45445,4280320,5206016,3837952,0,0,0,0,1,0,0,0,0,0,16,16,0,0,0,0,5,0,0,0,1,3,14
S,266003,0,65854048,17238662,16627,4160,9486336,1048576,524288,647168,0,2535424,5242880,12139,4017,16358,13169,45461,4280320,5206016,3837952,0,0,0,0,1,0,0,0,0,0,16,16,0,0,0,0,5,0,0,0,1,3,14
S,268008,0,65854048,17238662,16627,4160,9486336,1048576,524288,647168,0,2535424,5242880,12139,4017,16358,13185,45477,4280320,5206016,3837952,0,0,0,0,1,0,0,0,0,0,16,16,0,0,0,0,5,0,0,0,1,3,14
S,270001,0,65854048,17238662,16627,4160,9486336,1048576,524288,647168,0,2535424,5242880,12139,4017,16358,13201,45493,4280320,5206016,3837952,0,0,0,0,1,0,0,0,0,0,16,16,0,0,0,0,5,0,0,0,1,3,14
S,272004,0,65854048,17238662,16627,4160,9486336,1048576,524288,647168,0,2535424,5242880,12139,4017,16358,13219,45513,4280320,5206016,3837952,0,0,0,0,1,0,0,0,0,0,16,16,0,0,0,0,5,0,0,0,2,3,14
S,274011,0,65854048,17238662,16627,4160,9486336,1048576,524288,647168,0,2535424,5242880,12139,4017,16358,13235,45529,4280320,5206016,3837952,0,0,0,0,1,0,0,0,0,0,16,16,0,0,0,0,5,0,0,0,1,3,14
S,276001,0,65854048,17238662,16627,4160,9486336,1048576,524288,647168,0,2535424,5242880,12139,4017,16358,13251,45545,4280320,5206016,3837952,0,0,0,0,1,0,0,0,0,0,16,16,0,0,0,0,5,0,0,0,1,3,14
S,278006,0,65854048,17238662,16627,4160,9486336,1048576,524288,647168,0,2535424,5242880,12139,4017,16358,13267,45561,4280320,5206016,3837952,0,0,0,0,1,0,0,0,0,0,16,16,0,0,0,0,5,0,0,0,1,3,14
S,280011,0,65854048,17238662,16627,4160,9486336,1048576,524288,647168,0,2535424,5242880,12139,4017,16358,13283,45577,4280320,5206016,3837952,0,0,0,0,1,0,0,0,0,0,16,16,0,0,0,0,5,0,0,0,1,3,14
S,282003,0,65854048,17238662,16627,4160,9486336,1048576,524288,647168,0,2535424,5242880,12139,4017,16358,13299,45593,4280320,5206016,3837952,0,0,0,0,1,0,0,0,0,0,16,16,0,0,0,0,5,0,0,0,2,3,14
S,284008,0,65854048,17238662,16627,4160,9486336,1048576,524288,647168,0,2535424,5242880,12139,4017,16358,13315,45609,4280320,5206016,3837952,0,0,0,0,1,0,0,0,0,0,16,16,0,0,0,0,5,0,0,0,1,3,14
S,286013,0,65854048,17238662,16627,4160,9486336,1048576,524288,647168,0,2535424,5242880,12139,4017,16358,13331,45625,4280320,5206016,3837952,0,0,0,0,1,0,0,0,0,0,16,16,0,0,0,0,5,0,0,0,1,3,14
S,288005,0,65854048,17238662,16627,4160,9486336,1048576,524288,647168,0,2535424,5242880,12139,4017,16358,13347,45641,4280320,5206016,3837952,0,0,0,0,1,0,0,0,0,0,16,16,0,0,0,0,5,0,0,0,1,3,14
S,290009,0,65854048,17238662,16627,4160,9486336,1048576,524288,647168,0,2535424,5242880,12139,4017,16358,13363,45657,4280320,5206016,3837952,0,0,0,0,1,0,0,0,0,0,16,16,0,0,0,0,5,0,0,0,1,3,14
S,292000,0,65854048,17238662,16627,4160,9486336,1048576,524288,647168,0,2535424,5242880,12139,4017,16358,13379,45673,4280320,5206016,3837952,0,0,0,0,1,0,0,0,0,0,16,16,0,0,0,0,5,0,0,0,1,3,14
S,294007,0,65854048,17238662,16627,4160,9486336,1048576,524288,647168,0,2535424,5242880,12139,4017,16358,13395,45689,4280320,5206016,3837952,0,0,0,0,1,0,0,0,0,0,16,16,0,0,0,0,5,0,0,0,1,3,14
S,296011,0,65854048,17238662,16627,4160,9486336,1048576,524288,647168,0,2535424,5242880,12139,4017,16358,13417,45716,4280320,5206016,3837952,0,0,0,0,1,0,0,0,0,0,16,16,0,0,0,0,5,0,0,0,2,3,14
S,298002,0,65854048,17238662,16627,4160,9486336,1048576,524288,647168,0,2535424,5242880,12139,4017,16358,13433,45732,4280320,5206016,3837952,0,0,0,0,1,0,0,0,0,0,16,16,0,0,0,0,5,0,0,0,1,3,14
S,300007,0,65854048,17238662,16627,4160,9486336,1048576,524288,647168,0,2535424,5242880,12139,4017,16358,13449,45748,4280320,5206016,3837952,0,0,0,0,1,0,0,0,0,0,16,16,0,0,0,0,5,0,0,0,1,3,14
