label,ms,VFAT\DirtyData,VFAT\BReadsSec,VFAT\BWritesSec,VFAT\ReadsSec,VFAT\WritesSec,VMM\cpgCommit,VMM\cpgDiskcacheMac,VMM\cpgDiskcacheMin,VMM\cpgDiskcache,VMM\cpgSwapfileDefective,VMM\cpgSwapfileInUse,VMM\cpgSwapfile,VMM\cDiscards,VMM\cPageOuts,VMM\cPageIns,VMM\cInstanceFaults,VMM\cPageFaults,VMM\cpgOther,VMM\cpgSwap,VMM\cpgLocked,VMM\cpgFree,SMBRedir\NumOpenFiles,SMBRedir\NumResources,SMBRedir\NumSess,SMBRedir\NumNets,SMBRedir\BWritesSec,SMBRedir\BReadsSec,SMBRedir\XactSec,SHADRAM\VMsMapped,SHADRAM\BiosPage,SHADRAM\Status,SHADRAM\PagesFailed,SHADRAM\PagesAdded,SHADRAM\PagesTested,NMIWATCH\LatchFirstMs,NMIWATCH\LatchLast62,NMIWATCH\LatchEvents,NMIWATCH\LatchedSecs,NMIWATCH\PortsInitDone,NMIWATCH\PortsEntry,NMIWATCH\NmiFirstMs,NMIWATCH\NmiLast62,NMIWATCH\NmiOther,NMIWATCH\NmiIoChk,NMIWATCH\NmiParity,NMIWATCH\Nmi,Nwlink\SITEntries,Nwlink\RIT_Entries,Nwlink\SPX_PacketsIn,Nwlink\SPX_SendPackets,Nwlink\IPX_SocketsOpen,Nwlink\IPX_PacketsLost,Nwlink\IPX_PacketsIn,Nwlink\IPX_Sends,KERNEL\CPUUsage,KERNEL\VMs,KERNEL\Threads
W,0,0,5277355,2496468,1340,566,8314880,1048576,524288,536576,0,1630208,4657152,350,466,1181,396,1872,3985408,4329472,3018752,0,0,0,0,1,0,0,0,2,1520,0,0,16,16,0,0,0,0,18464,18464,0,0,0,0,0,0,0,0,0,0,5,0,0,0,100,2,13
W,2013,0,5483432,2570196,1433,584,8372224,1048576,524288,536576,0,1671168,4657152,389,484,1284,654,2279,4014080,4358144,3018752,0,0,0,0,1,0,0,0,2,1520,0,0,16,16,0,0,0,0,18464,18464,0,0,0,0,0,0,0,0,0,0,5,0,0,0,100,2,13
W,4010,0,5549648,2586580,1458,588,8347648,1048576,524288,536576,0,1687552,4657152,399,488,1311,749,2411,4014080,4333568,3010560,12288,0,0,0,1,0,0,0,2,1520,0,0,16,16,0,0,0,0,18464,18464,0,0,0,0,0,0,0,0,0,0,5,0,0,0,0,2,12
W,6002,0,5549648,2586580,1458,588,8347648,1048576,524288,536576,0,1687552,4657152,399,488,1311,749,2411,4014080,4333568,3010560,12288,0,0,0,1,0,0,0,2,1520,0,0,16,16,0,0,0,0,18464,18464,0,0,0,0,0,0,0,0,0,0,5,0,0,0,0,2,12
W,8007,0,5549648,2586580,1458,588,8347648,1048576,524288,536576,0,1687552,4657152,399,488,1311,749,2411,4014080,4333568,3010560,12288,0,0,0,1,0,0,0,2,1520,0,0,16,16,0,0,0,0,18464,18464,0,0,0,0,0,0,0,0,0,0,5,0,0,0,1,2,12
W,10013,0,5549648,2586580,1458,588,8347648,1048576,524288,536576,0,1687552,4657152,399,488,1311,749,2411,4014080,4333568,3010560,12288,0,0,0,1,0,0,0,2,1520,0,0,16,16,0,0,0,0,18464,18464,0,0,0,0,0,0,0,0,0,0,5,0,0,0,1,2,12
W,12024,0,5557840,2586580,1460,588,8347648,1048576,524288,536576,0,1687552,4657152,399,488,1313,752,2417,4014080,4333568,3010560,4096,0,0,0,1,0,0,0,2,1520,0,0,16,16,0,0,0,0,18464,18464,0,0,0,0,0,0,0,0,0,0,5,0,0,0,3,2,12
W,14008,0,5636176,2627540,1480,598,8327168,1048576,524288,536576,0,1687552,4657152,408,498,1333,797,2487,4014080,4313088,3002368,16384,0,0,0,1,0,0,0,2,1520,0,0,16,16,0,0,0,0,18464,18464,0,0,0,0,0,0,0,0,0,0,5,0,0,0,20,2,11
W,16001,0,5636176,2627540,1480,598,8327168,1048576,524288,536576,0,1687552,4657152,408,498,1333,797,2487,4014080,4313088,3002368,16384,0,0,0,1,0,0,0,2,1520,0,0,16,16,0,0,0,0,18464,18464,0,0,0,0,0,0,0,0,0,0,5,0,0,0,1,2,11
W,18005,0,5636176,2627540,1480,598,8327168,1048576,524288,536576,0,1687552,4657152,408,498,1333,797,2487,4014080,4313088,3002368,16384,0,0,0,1,0,0,0,2,1520,0,0,16,16,0,0,0,0,18464,18464,0,0,0,0,0,0,0,0,0,0,5,0,0,0,1,2,11
W,20010,0,5636176,2627540,1480,598,8327168,1048576,524288,536576,0,1687552,4657152,408,498,1333,797,2487,4014080,4313088,3002368,16384,0,0,0,1,0,0,0,2,1520,0,0,16,16,0,0,0,0,18464,18464,0,0,0,0,0,0,0,0,0,0,5,0,0,0,3,2,11
W,22001,4096,5886032,2779216,1541,627,8327168,1048576,524288,536576,0,1789952,4657152,437,526,1394,915,2717,4014080,4313088,3002368,0,0,0,0,1,0,0,0,2,1520,0,0,16,16,0,0,0,0,18464,18464,0,0,0,0,0,0,0,0,0,0,5,0,0,0,55,2,11
W,24006,0,5886032,2779216,1541,627,8327168,1048576,524288,536576,0,1789952,4657152,437,526,1394,919,2721,4014080,4313088,3002368,0,0,0,0,1,0,0,0,2,1520,0,0,16,16,0,0,0,0,18464,18464,0,0,0,0,0,0,0,0,0,0,5,0,0,0,1,2,11
W,26011,0,5886032,2779216,1541,627,8327168,1048576,524288,536576,0,1789952,4657152,437,526,1394,919,2721,4014080,4313088,3002368,0,0,0,0,1,0,0,0,2,1520,0,0,16,16,0,0,0,0,18464,18464,0,0,0,0,0,0,0,0,0,0,5,0,0,0,1,2,11
W,28002,0,5886032,2783312,1541,628,8327168,1048576,524288,536576,0,1785856,4657152,437,527,1395,925,2728,4014080,4313088,3002368,0,0,0,0,1,0,0,0,2,1520,0,0,16,16,0,0,0,0,18464,18464,0,0,0,0,0,0,0,0,0,0,5,0,0,0,1,2,11
W,30009,0,5886032,2783312,1541,628,8327168,1048576,524288,536576,0,1785856,4657152,437,527,1395,925,2728,4014080,4313088,3002368,0,0,0,0,1,0,0,0,2,1520,0,0,16,16,0,0,0,0,18464,18464,0,0,0,0,0,0,0,0,0,0,5,0,0,0,1,2,11
