label,ms,VFAT\DirtyData,VFAT\BReadsSec,VFAT\BWritesSec,VFAT\ReadsSec,VFAT\WritesSec,VMM\cpgCommit,VMM\cpgDiskcacheMac,VMM\cpgDiskcacheMin,VMM\cpgDiskcache,VMM\cpgSwapfileDefective,VMM\cpgSwapfileInUse,VMM\cpgSwapfile,VMM\cDiscards,VMM\cPageOuts,VMM\cPageIns,VMM\cInstanceFaults,VMM\cPageFaults,VMM\cpgOther,VMM\cpgSwap,VMM\cpgLocked,VMM\cpgFree,SHADRAM\Status,SHADRAM\PagesFailed,SHADRAM\PagesAdded,SHADRAM\PagesTested,SWAPCOMP\Contention,SWAPCOMP\Fallback,SWAPCOMP\Errors,SWAPCOMP\SectorsSaved,SWAPCOMP\RawReads,SWAPCOMP\CompressedReads,SWAPCOMP\RawWrites,SWAPCOMP\CompressedWrites,KERNEL\CPUUsage,KERNEL\VMs,KERNEL\Threads
x,0,12288,5707711,2440094,1623,1167,9801728,1048576,524288,540672,0,2482176,33554432,315,647,1567,1606,3597,4542464,5259264,1830912,0,0,16,0,16,0,0,0,1949,115,167,231,416,100,2,14
x,2007,0,5707711,2440094,1623,1167,9801728,1048576,524288,540672,0,2482176,33554432,315,647,1567,1610,3601,4542464,5259264,1830912,0,0,16,0,16,0,0,0,1949,115,167,231,416,0,2,14
x,4011,0,5707711,2440094,1623,1167,9801728,1048576,524288,540672,0,2482176,33554432,315,647,1567,1616,3607,4542464,5259264,1830912,0,0,16,0,16,0,0,0,1949,115,167,231,416,0,2,14
x,6002,0,5707711,2440094,1623,1167,9801728,1048576,524288,540672,0,2482176,33554432,315,647,1567,1616,3607,4542464,5259264,1830912,0,0,16,0,16,0,0,0,1949,115,167,231,416,0,2,14
x,8008,0,5707711,2440094,1623,1167,9801728,1048576,524288,540672,0,2482176,33554432,315,647,1567,1616,3607,4542464,5259264,1830912,0,0,16,0,16,0,0,0,1949,115,167,231,416,0,2,14
x,10012,0,5707711,2440094,1623,1167,9801728,1048576,524288,540672,0,2482176,33554432,315,647,1567,1616,3607,4542464,5259264,1830912,0,0,16,0,16,0,0,0,1949,115,167,231,416,0,2,14
x,12006,0,5707711,2440094,1623,1167,9801728,1048576,524288,540672,0,2482176,33554432,315,647,1567,1616,3607,4542464,5259264,1830912,0,0,16,0,16,0,0,0,1949,115,167,231,416,2,2,14
x,14009,0,5707711,2440094,1623,1167,9801728,1048576,524288,540672,0,2482176,33554432,315,647,1567,1616,3607,4542464,5259264,1830912,0,0,16,0,16,0,0,0,1949,115,167,231,416,1,2,14
x,16000,0,5707711,2440094,1623,1167,9801728,1048576,524288,540672,0,2482176,33554432,315,647,1567,1616,3607,4542464,5259264,1830912,0,0,16,0,16,0,0,0,1949,115,167,231,416,1,2,14
x,18005,0,5707711,2440094,1623,1167,9801728,1048576,524288,540672,0,2482176,33554432,315,647,1567,1616,3607,4542464,5259264,1830912,0,0,16,0,16,0,0,0,1949,115,167,231,416,1,2,14
x,20011,0,5707711,2440094,1623,1167,9801728,1048576,524288,540672,0,2482176,33554432,315,647,1567,1616,3607,4542464,5259264,1830912,0,0,16,0,16,0,0,0,1949,115,167,231,416,3,2,14
x,22003,0,5707711,2440094,1623,1167,9801728,1048576,524288,540672,0,2482176,33554432,315,647,1567,1616,3607,4542464,5259264,1830912,0,0,16,0,16,0,0,0,1949,115,167,231,416,2,2,14
x,24007,0,5707711,2440094,1623,1167,9801728,1048576,524288,540672,0,2482176,33554432,315,647,1567,1616,3607,4542464,5259264,1830912,0,0,16,0,16,0,0,0,1949,115,167,231,416,1,2,14
x,26014,0,5707711,2440094,1623,1167,9801728,1048576,524288,540672,0,2482176,33554432,315,647,1567,1616,3607,4542464,5259264,1830912,0,0,16,0,16,0,0,0,1949,115,167,231,416,1,2,14
x,28003,0,5707711,2440094,1623,1167,9801728,1048576,524288,540672,0,2482176,33554432,315,647,1567,1616,3607,4542464,5259264,1830912,0,0,16,0,16,0,0,0,1949,115,167,231,416,0,2,14
x,30009,0,5707711,2440094,1623,1167,9801728,1048576,524288,540672,0,2482176,33554432,315,647,1567,1616,3607,4542464,5259264,1830912,0,0,16,0,16,0,0,0,1949,115,167,231,416,1,2,14
