label,ms,VFAT\DirtyData,VFAT\BReadsSec,VFAT\BWritesSec,VFAT\ReadsSec,VFAT\WritesSec,VMM\cpgCommit,VMM\cpgDiskcacheMac,VMM\cpgDiskcacheMin,VMM\cpgDiskcache,VMM\cpgSwapfileDefective,VMM\cpgSwapfileInUse,VMM\cpgSwapfile,VMM\cDiscards,VMM\cPageOuts,VMM\cPageIns,VMM\cInstanceFaults,VMM\cPageFaults,VMM\cpgOther,VMM\cpgSwap,VMM\cpgLocked,VMM\cpgFree,SMBRedir\NumOpenFiles,SMBRedir\NumResources,SMBRedir\NumSess,SMBRedir\NumNets,SMBRedir\BWritesSec,SMBRedir\BReadsSec,SMBRedir\XactSec,SHADRAM\KeepMask,SHADRAM\VMsMapped,SHADRAM\BiosPage,SHADRAM\Status,SHADRAM\PagesFailed,SHADRAM\PagesAdded,SHADRAM\PagesTested,Nwlink\SITEntries,Nwlink\RIT_Entries,Nwlink\SPX_PacketsIn,Nwlink\SPX_SendPackets,Nwlink\IPX_SocketsOpen,Nwlink\IPX_PacketsLost,Nwlink\IPX_PacketsIn,Nwlink\IPX_Sends,KERNEL\CPUUsage,KERNEL\VMs,KERNEL\Threads
K,0,0,5081794,2365348,1303,533,8306688,1048576,524288,536576,0,1548288,4608000,336,433,1169,346,1814,3981312,4325376,3014656,0,0,0,0,1,0,0,0,49155,2,1520,0,0,28,28,0,0,0,0,5,0,0,0,100,2,13
K,2009,0,5289465,2459556,1388,556,8368128,1048576,524288,536576,0,1589248,4608000,372,456,1266,601,2220,4009984,4358144,3014656,0,0,0,0,1,0,0,0,49155,2,1520,0,0,28,28,0,0,0,0,5,0,0,0,100,2,13
K,4010,0,5358183,2504612,1422,567,8343552,1048576,524288,536576,0,1634304,4608000,375,467,1306,737,2400,4009984,4333568,3006464,12288,0,0,0,1,0,0,0,49155,2,1520,0,0,28,28,0,0,0,0,5,0,0,0,0,2,12
K,6002,0,5358183,2504612,1422,567,8343552,1048576,524288,536576,0,1634304,4608000,375,467,1306,743,2406,4009984,4333568,3006464,12288,0,0,0,1,0,0,0,49155,2,1520,0,0,28,28,0,0,0,0,5,0,0,0,0,2,12
K,8008,0,5358183,2504612,1422,567,8343552,1048576,524288,536576,0,1634304,4608000,375,467,1306,743,2406,4009984,4333568,3006464,12288,0,0,0,1,0,0,0,49155,2,1520,0,0,28,28,0,0,0,0,5,0,0,0,0,2,12
K,10012,0,5444711,2520996,1444,571,8323072,1048576,524288,536576,0,1634304,4608000,390,471,1328,779,2468,4009984,4313088,2998272,16384,0,0,0,1,0,0,0,49155,2,1520,0,0,28,28,0,0,0,0,5,0,0,0,18,2,11
K,12003,0,5444711,2520996,1444,571,8323072,1048576,524288,536576,0,1634304,4608000,390,471,1328,779,2468,4009984,4313088,2998272,16384,0,0,0,1,0,0,0,49155,2,1520,0,0,28,28,0,0,0,0,5,0,0,0,0,2,11
K,14008,0,5444711,2520996,1444,571,8323072,1048576,524288,536576,0,1634304,4608000,390,471,1328,779,2468,4009984,4313088,2998272,16384,0,0,0,1,0,0,0,49155,2,1520,0,0,28,28,0,0,0,0,5,0,0,0,0,2,11
K,16000,0,5444711,2520996,1444,571,8323072,1048576,524288,536576,0,1634304,4608000,390,471,1328,779,2468,4009984,4313088,2998272,16384,0,0,0,1,0,0,0,49155,2,1520,0,0,28,28,0,0,0,0,5,0,0,0,1,2,11
K,18006,0,5444711,2520996,1444,571,8323072,1048576,524288,536576,0,1634304,4608000,390,471,1328,779,2468,4009984,4313088,2998272,16384,0,0,0,1,0,0,0,49155,2,1520,0,0,28,28,0,0,0,0,5,0,0,0,0,2,11
K,20010,0,5444711,2520996,1444,571,8323072,1048576,524288,536576,0,1634304,4608000,390,471,1328,779,2468,4009984,4313088,2998272,16384,0,0,0,1,0,0,0,49155,2,1520,0,0,28,28,0,0,0,0,5,0,0,0,2,2,11
K,22001,0,5456999,2520996,1447,571,8323072,1048576,524288,536576,0,1634304,4608000,390,471,1331,785,2478,4009984,4313088,2998272,4096,0,0,0,1,0,0,0,49155,2,1520,0,0,28,28,0,0,0,0,5,0,0,0,3,2,11
K,24006,0,5456999,2520996,1447,571,8323072,1048576,524288,536576,0,1634304,4608000,390,471,1331,785,2478,4009984,4313088,2998272,4096,0,0,0,1,0,0,0,49155,2,1520,0,0,28,28,0,0,0,0,5,0,0,0,1,2,11
K,26011,0,5456999,2520996,1447,571,8323072,1048576,524288,536576,0,1634304,4608000,390,471,1331,785,2478,4009984,4313088,2998272,4096,0,0,0,1,0,0,0,49155,2,1520,0,0,28,28,0,0,0,0,5,0,0,0,1,2,11
K,28004,0,5456999,2520996,1447,571,8323072,1048576,524288,536576,0,1634304,4608000,390,471,1331,785,2478,4009984,4313088,2998272,4096,0,0,0,1,0,0,0,49155,2,1520,0,0,28,28,0,0,0,0,5,0,0,0,1,2,11
K,30008,0,5456999,2520996,1447,571,8323072,1048576,524288,536576,0,1634304,4608000,390,471,1331,785,2478,4009984,4313088,2998272,4096,0,0,0,1,0,0,0,49155,2,1520,0,0,28,28,0,0,0,0,5,0,0,0,1,2,11
